title,status,tender_type,country,close_date,url,node_id,full_title,notice_type,issue_date,project_code,project_title,contact_email,description,attachments,all_emails,contract_award_company,contract_award_country,contract_award_address
BCC2025-048 - Consultancy Service for the Evaluation of Health Sector Interventions by the Islamic Development Bank (IsDB),Closed,Expression of Interest,Saudi Arabia,24 August 2025,https://www.isdb.org/project-procurement/tenders/2025/eoi/bcc2025-048-consultancy-service-evaluation-health-sector-interventions-islamic,3356,IsDB,International Competitive Bidding,7 August 2025,,,704895cc.isdb.org@emea.teams.ms,"The Islamic Development Bank (IsDB) is an international development organization established in 1975 to foster economic development and social progress of its 57 member countries and Muslim communities in non-member countries. IsDB is governed by an international legal instrument that is its “Articles of Agreement” ratified by all its Member Countries.Based on its legal status, IsDB is neither incorporated nor registered under the laws of its Host Country (Kingdom of Saudi Arabia) or any of its member countries or any other country/state. Therefore, IsDB is a self-regulated organization.The Islamic Development Bank is seeking to invites eligible consultants to submit Request for Expression of Interest CONSULTANCY SERVICE FOR THE EVALUATION OF HEALTH SECTOR INTERVENTIONS BY THE ISLAMIC DEVELOPMENT BANK.Interested consultants must provide the following:i.              Information on availability for providing the requested services.ii.             Curriculum Vitae, including relevant publications and assignments; andiii.            Sample of similar works, certificates of assignments, and related references.Interested candidates are requested to submit their Expression of Interest (EOI) through the IsDB Procurement System using the email provided in the consultancy announcement.The proposal should be submitted no later than the following timeline:Date of Submission of the Information      : 24th August 2025Note:Contact for Clarification Email: General - BCC2025-048 EVALUATION OF HEALTH SECTOR INTERVENTIONS BY THE ISLAMIC DEVELOPMENT BANK704895cc.isdb.org@emea.teams.msExpression of Interest Submission Email: EOI Submission - BCC2025-048 EVALUATION OF HEALTH SECTOR INTERVENTIONS BY THE ISLAMIC DEVELOPMENT BANK _704895cc.isdb.org@emea.teams.msAdditionally, and most importantly, IsDB currently Implemented the Procure to Pay Solution with SAP Ariba, you are kindly required to register yourself/Esteemed Firm through Self registration link as follows for the RFP and future Business with IsDB.http://isdb.supplier.mn2.ariba.com/ad/selfRegistration/For further information and queries, Please do not hesitate to contact person specified within the ToR attached.",ToR Health Sector Evaluation_250730_0.pdf (https://www.isdb.org/project-procurement/sites/pproc/files/2025-08/ToR%20Health%20Sector%20Evaluation_250730_0.pdf),704895cc.isdb.org@emea.teams.ms,,,
Civil Works for the upgrading of Kumi-Ngora-Serere-Kagwara Road (95km) including the Construction of selected town and access roads (13km) to paved bituminous standard,Closed,Pre-Qualification,Uganda,25 August 2025,https://www.isdb.org/project-procurement/tenders/2025/pqn/civil-works-upgrading-kumi-ngora-serere-kagwara-road-95km-including-construction,3324,IsDB,IsDB Member Country Bidding,26 June 2025,UGA1065,Upgrading of National Roads in Uganda,mowt@works.go.ug,"SPECIFIC PROCUREMENT NOTICEINVITATION FOR PREQUALIFICATIONCountry:The Republic of UgandaName of the Project:Upgrading of National Roads in UgandaMode of Financing:Instalment Sales FinancingFinancing No.:UGA1065Contract Title:CIVIL WORKS FOR THEUPGRADING OF KUMI-NGORA-SERERE-KAGWARA ROAD (95KM) INCLUDING THE CONSTRUCTION OF SELECTED TOWN AND ACCESS ROADS (13KM) TO PAVED BITUMINOUS STANDARD1. This invitation for prequalification follows the General Procurement Notice (GPN) for this Project that appeared on the website of Islamic Development Bank (IsDB) on11th March 2025.2. The Government of the Republic of Uganda has applied for financing from the IsDB toward the cost of Upgrading of National Roads in Uganda and intends to apply part of the proceeds toward payments under the Contract for Civil Works for theUpgrading of Kumi-Ngora-Serere-Kagwara Road (95km) including the Construction of Selected Town and Access Roads (13km) to Paved Bituminous Standard.3. The Ministry of Works and Transport (MoWT) intends to prequalify contractors and/or firms for the Civil Works for the Upgrading of Kumi-Ngora-Serere-Kagwara Road (95km) including the Construction of Selected Town and Access Roads (13km) to Paved Bituminous Standard. Eligible applicants with the following key qualifications are invited to participate in this prequalification process.The detailed qualification requirements are provided in the Prequalification Document.It is expected that the bid invitation will be made in August 2025.4. Prequalification will be conducted through the prequalification procedures specified in the IsDB’s Guidelines for theProcurement of Goods, Works and Related Services under IsDB Project Financing, April 2019,Revised in February 2023(“Guidelines”). Bidding will be conducted through the International Competitive Bidding procedures as specified in the Guidelines. Onlyfirms from IsDB Member Countries shall be eligible to participate in the prequalification / bidding process.5. Interested eligible Applicants may obtain further information from and inspect the prequalification document at the address given at (8) below during office hours 9:00 to 17:00 hours.6. A complete set of prequalification documents in English may be purchased by interested Applicants, upon the submission of a written application to the address at (8) below and upon payment of a non-refundable fee of UGX 100,000 (Uganda Shillings One Hundred Thousand). The method of payment will be by registering the payment and generating a Bank Payment Advice Form on the Uganda Revenue Authority (URA) website by following the link: https://ura.go.ug/en/domestic-taxes/make-a-payment/generate-a-payment-slip/ and selecting “Other NTR” as the tax head; and thereafter making the payment in any of the Banks listed under “List of Banks authorized to collect URA payments.” Diamond Trust Bank is recommended for this purpose. The Applicant may collect the prequalification document from the MoWT Offices indicated at (8) below against submission of evidence of payment7. Applications for prequalification should be submitted in sealed envelopes, delivered to the address below by 11.00 hours on25th August 2025, and be clearly marked “Application to Prequalify for Civil Works for the Upgrading of Kumi-Ngora-Serere-Kagwara Road (95km) including the Construction of Selected Town and Access Roads (13km) to Paved Bituminous Standard. Electronic bidding will not be permitted. Late applications will be rejected. The applications will be publicly opened in the presence of Applicants’ designated representatives and anyone who chooses to attend come at the address at (8) below on25th August2025, at 11.30 hours.8. The Address referred to above is:The Assistant Commissioner , Procurement and Disposal Unit,Ministry of Works and Transport,Plot 57-59 Jinja Road,P. O. Box 7174 Kampala, Uganda.Tel: +256 414-259139/322Fax: +256 414-236369Email:mowt@works.go.ug",SPN-Invitation for Prequalification_Kumi-Ngora-Serere-Kagwara.docx (https://www.isdb.org/project-procurement/sites/pproc/files/2025-06/SPN-Invitation%20for%20Prequalification_Kumi-Ngora-Serere-Kagwara.docx),mowt@works.go.ug,,,
Sélection d'un cabinet pour la réalisation des études de faisabilité du numérique dans la mise en place de trois laboratoires de standard international à l’université de Lomé et de Kara et à l’école normale supérieure d’Atakpamé,Fermé,Expression of Interest,Togo,25 August 2025,https://www.isdb.org/project-procurement/fr/appels-doffres/2025/eoi/selection-dun-cabinet-pour-la-realisation-des-etudes-de-faisabilite-du,3360,IsDB,,13 August 2025,TGO 1024,"Projet d’Appui à la mise en œuvre de la Réforme de l’Enseignement supérieur en Sciences et Ingénierie (PARESI), phase 2",contact.paresi@gmail.com,"APPEL À MANIFESTATION D’INTÉRÊT(SERVICES DE CONSULTANTS – SELECTION DE FIRMES)AMI n°002/2025/MESR/CAB/PRMP/PARESISélection d'un cabinet pour la réalisation des études de faisabilité du numérique dans la mise en place de trois laboratoires de standard international à l’université de Lomé et de Kara et à l’école normale supérieure d’AtakpaméPAYS:TogoNOM DU PROJET:Projet d’Appui à la mise en œuvre de la Réforme de l’Enseignement supérieur en Sciences et Ingénierie (PARESI), phase 2SECTEUR:EducationSERVICES DE CONSULTANTS:Sélection d'un cabinet pour la réalisation des études de faisabilité du numérique dans la mise en place de trois laboratoires de standard international à l’université de Lomé et de Kara et à l’école normale supérieure d’AtakpaméMODE DE FINANCEMENT:PrêtN° DE FINANCEMENT:TGO 1024Le gouvernementde la Républiquedu Togo a reçu un financement de la Banque Islamique de Développement afin de couvrir le coût desactivités du projet d’Appui à la mise en œuvre de la Réforme de l’Enseignement supérieur en Sciences et Ingénieries (PARESI), et a l’intention d’utiliser une partie des sommes accordées pour financer des services de consultant.La mission consiste à réaliser une étude de faisabilité impliquant le système numérique dans la réalisation du projet d’Appui à la mise en œuvre de la réforme de l’enseignement supérieur en science et Ingénierie (PARESI) notamment l’intégration des laboratoires virtuels aux trois laboratoires académiques de niveau universitaire en construction à l’Université de Lomé, Kara et à l’école normale supérieure d’Atakpamé.Les Termes de Référence (TdR) détaillés de la mission sont disponibles à l’adresse ci-dessous :Personne responsable des marchés publics/ Ministère de l’enseignement supérieur et de larechercheTél. : 00228 90 25 8474 / 90 09 60 43BP.398/12175 Lomé Togo, sis au quartier administratif, en face du CASEF.Leministère de l’enseignement supérieur et de la recherche, l’agence d’exécution invite les bureaux de Consultants (« Consultants ») éligibles à manifester leur intérêt en vue de fournir les services ci-dessus.Les Consultants intéressés doivent fournir des renseignements spécifiques démontrant qu’ils sont pleinement qualifiés pour réaliser les prestations (documentation, référence de prestations, expérience dans des conditions comparables, disponibilité de compétences adéquates parmi leur personnel, etc.).Les critères d’établissement de la liste restreinte sont :CRITERESExpérience générale dans le domaine de la conception et de l’intégration du numérique dans les bâtiments d’au moins cinq (05) annéesRéalisation d’au moins (02) deux missions d’étude de faisabilité, APS, APD et DAO dans le domaine de l’intégration du système numérique et la mise en œuvre des solutions numériques pour l’enseignement (présentiel, à distance, hydride ou comodal) ou pour des bâtiments à usage publics durant les dix (10) dernières années (page de titre et de signature des marchés, les attestations de bonne fin d’exécution)Réalisation d’au moins (02) deux missions de contrôle et de suivi dans le domaine de l’intégration du système numérique et la mise en œuvre des solutions numériques pour l’enseignement (présentiel, à distance, hydride ou comodal) ou pour des bâtiments à usage publics durant les dix (10) dernières années (page de titre et de signature des marchés, les attestations de bonne fin d’exécution)Les Personnels-clés ne feront pas l’objet d’évaluation au stade de l’établissement de la liste retreinte.LesConsultantsintéressés sont invités à prendre connaissance des Clauses 1.23 et 1.24 des Directives sur l’acquisition des Services de Consultants dans le cadre des Projets financés par la Banque Islamique de Développement (les « Directives ») définissant les règles de la BIsD concernant les conflits d’intérêt.Les Consultants peuvent s’associer avec d’autres firmes afin de renforcer leurs qualifications en indiquant clairement le type d’association, c’est-à-dire un groupement de consultants, ou une intention de sous-traitance.  Dans le cas de groupement, tous les partenaires du groupement seront conjointement et solidairement responsables pour la totalité du contrat, en cas d’attribution.La sélection se fera en conformité avec la méthode basée sur la qualité – coût (SBQC) stipulée dans lesDirectives pour l’Acquisition de service consultant dans le cadre du financement de projets par la Banque Islamique de Développement. Edition d’Avril 2019, révisée en février 2023.Les consultants intéressés peuvent obtenir des informations additionnelles à l'adresse mentionnée ci-dessous aux heures d’ouverture de bureaux indiquées :Personne responsable des marchés publics/ Ministère de l’enseignement supérieur et de la rechercheTél. :00228 90 25 8474 / 90 09 60 43BP. 398/12175 Lomé Togo, sis au quartier administratif, en face du CASEF, tous les jours ouvrables de8h 30 à 11h GMTpour la matinée et de de15h 30 à 17h GMTpour les après-midis.Les manifestations d'intérêt sous forme écrite doivent être déposées en personne en version physique à l'adresse mentionnée ci-dessous au plus tard le25 Août 2025 à 11 heures précises. A l’adresse suivanteMinistère de l’enseignement supérieur et de la recherche, sis au quartier administratif, en face du CASEF. Bureau de la Personne responsable des marchés publics /À l'attention :Personne responsable des marchés publics         BP. 398/12175 LoméTogo ; Tél. : +228 90 25 8474 / 90 09 60 43;Courriel :contact.paresi@gmail.com",20250716_120432_AMI_etude_de_faisabilité_du_numériqu.docx (https://www.isdb.org/project-procurement/sites/pproc/files/2025-08/20250716_120432_AMI_etude_de_faisabilit%C3%A9_du_num%C3%A9riqu.docx),contact.paresi@gmail.com,,,
Projet de Developpement des Infrastructures Agricoles et de  Desenclavement dans la Basse et Moyenne Vallee de L’oueme - AVIS GENERAL DE PASSATION,Fermé,General Procurement Notice,Benin,28 August 2025,https://www.isdb.org/project-procurement/fr/appels-doffres/2024/gpn/projet-de-developpement-des-infrastructures-agricoles-et-de-desenclavement,2854,IsDB,Enchères Concurrentielles Internationales,28 August 2024,BEN 1017,,prmpmaep2019@yahoo.com,"PROJET DE DEVELOPPEMENT DES INFRASTRUCTURES AGRICOLES ET DEDESENCLAVEMENT DANS LA BASSE ET MOYENNE VALLEE DE L’OUEME(PDIAD-BMVO) - BEN1017La République du Bénin a obtenu un montant de cent millions d’Euros sous forme de financement vente à tempérament à travers l’initiative « Food Security Response Programme (FSRP) » de la Banque Islamique de Développement (BIsD pour financer partiellement leProjet de Développement des Infrastructures Agricoles et de Désenclavement dans la Basse et Moyenne Vallée de L’Ouémé (PDIAD-BMVO)et à l’intention d’utiliser une partie de ce financement pour effectuer des paiements pour l’acquisition de biens, travaux et services connexes et de services de consultants nécessaires dans le cadre de ce projet.Ce projet sera financé conjointement par la Banque Ouest Africaine de Développement (BOAD).L'objectif global du projet est de contribuer à l’amélioration de la sécurité alimentaire et des conditions de vie des populations ciblées dans la vallée de l’Ouémé, par l’aménagement de périmètres irrigués, la réalisation de pistes d'accès et d’ouvrages de franchissement ainsi que la construction d'infrastructures socio-économiques.Il vise spécifiquement ài) améliorer les productions agricoles et halieutiques sur une base durable et résiliente ; ii) désenclaver la zone du projet pour faciliter la commercialisation des produits iii) renforcer les capacités adaptatives des populations aux risques climatiques (iv) diversifier et accroitre les revenus tirés des chaines de valeurs agricoles et halieutiques ; v) contribuer à la création de richesse ; iv) contribuer à la création d’emplois et v) contribuer à la sécurité alimentaire et nutritionnelle.Le projet comprendra les composantes suivantes :Composante-1: Aménagements hydro-agricoles, piscicoles et développement de l’ingénierie sociale ;Composante-2: Réalisation des infrastructures de désenclavementComposante-3: Développement des chaines de valeurs agricoles ;Composante-4: Appui à la coordination et à la gestion du projet ;Composante-5: Audit Financier ;Composante-6: Réponses aux urgencesLes acquisitions financées par la Banque seront effectuées conformément aux Directives pour l’acquisition de Biens, Travaux et services connexes dans le cadre des Projets financés par la Banque Islamique de Développement (édition Février 2023) et sont ouvertes à tous les soumissionnaires éligibles, tels que définis dans ces Directives. Les acquisitions de services de consultants seront effectuées conformément aux Directives pour l’acquisition de Services de Consultants dans le cadre des Projets financés par la Banque Islamique de Développement (édition Février 2023)Marchés de Biens:La passation des marchés de biens se fera comme suit :Acquisition de l’engrais (Urée, SSP, KCl, K2SO4, NPK) au profit du maïs, riz, maraîchage :Appel d’Offres National (AON)Acquisition de semences certifiés :Consultation de Fournisseurs ;Acquisition de kits pour les aggripreneurs, :Consultation de FournisseursAcquisition et installation d’un générateur :Consultations deFournisseursAcquisition des Equipements Informatiques (ordinateurs, Imprimante et photocopieuse à usage intensif +vidéoprojecteurs) :Consultations de FournisseursMarchés de Travaux:La passationdes marchés des Travaux se fera comme suit :Travaux d’aménagement des périmètres irrigués avec maîtrise totale de l’eau de 2 155 ha y compris la réalisation des forages équipés de système photovoltaïque en appui à l’irrigation, la construction et l’équipement de stations mixtes (pompage de l’eau d’irrigation et exhaure de l’eau de drainage), les travaux de protection des périmètres contre les eaux extérieures, :AOI/PM en deux (02) lots avec préqualificationTravaux de construction des pistes et digues pistes (120 km) et de quatre (04) ouvrages de franchissement de portée totale de 270 ml pour relier la rive gauche à la rive droite du fleuve Ouémé à la hauteur de la commune d’Adjohoun :AOI/PM en lot unique avec préqualificationTravaux de construction d’infrastructures rurales (14 magasins équipés de 500 tonnes, 14 hangars de 10 places chacun, 28 aires de séchage, 7 Postes d’Eau Autonomes (PEA),AON en quatre LotsSélection de Consultants:La passation de marchés des services de consultants se fera comme suit :Suivi et contrôles des travaux : SQBC/LC ;Recrutement d’agence de communication ;IC/LCService de consultant pour l’études de base du projet ;SBQC/LCService de consultant pour l'évaluation à mi-parcours du projet ;SBQC/LCService de consultant pour l'évaluation finale du projet;SBQC/LCRecrutement de cabinet d'audit de Compte du Projet : LCS/LCLes avis spécifiques de passation des marchés pour les acquisitions à effectuer par Appel d’Offres International (AOI) ou Appel d’Offres International réservé aux pays membres (AOI/PM) et les appels à manifestations d’intérêt pour les services de consultants seront publiés au fur et à mesure qu’ils seront disponibles, sur le site internet de la BIsD, sur le portail des marchés-publics du Bénin (www.marchés-publics.bj), le journal des marchés publics du Bénin, le journal la Nation et/ou le journal LE MATINAL.Lapréqualificationd’entreprises est prévue pour les marchés ci-après :Travaux de génie civil et travaux de terrassement pour l’aménagement de périmètres irrigués avec maîtrise totale de l’eau y compris Construction et équipement d’ouvrages d’irrigation (forage, stations d’exhaure, station mixte)lot-1 (1 172 Ha – IsDB) ;Construction des digues, pistes canal et digues de protection y compris quatre ponts de longueur totale 270 m (i- Construction de digues pistes et de pistes sur terre ferme pour l’accès aux périmètres aménagés et aux villages ; ii- Construction d’un ouvrage d’environ 270 m de portée pour relier la rive droite et la rive gauche du fleuve à la hauteur d’Adjohoun)en lot uniqueLes candidats intéressés peuvent obtenir des renseignements supplémentaires et doivent confirmer leur intérêt par écrit auprès de :Nom de la personne à contacter : HOUNYO FlorentTitre/fonction de la personne à contacter : Personne Responsable des Marchés Publics de l’Agence d’exécutionNom de l’Organisme : Ministère de l’Agriculture, de l’Elevage et de la Pêche (MAEP)Téléphone : (229) 21 30 04 96Télécopie : (229) 21 30 03 26Courriel prmpmaep2019@yahoo.comSite internetVeuillez noterque les candidats soumissionnaires souhaitant obtenir des renseignements supplémentaires sur les acquisitions en cause ou sur le projet en général doivent, sauf mention contraire, prendre contact avec l’organisme en charge du projet et non la BID.",BEN 1017_ AVIS GENERAL DE PASSATION DES MARCHES.pdf (https://www.isdb.org/project-procurement/sites/pproc/files/2024-08/BEN%201017_%20AVIS%20GENERAL%20DE%20PASSATION%20DES%20MARCHES.pdf),prmpmaep2019@yahoo.com,,,
"Séletction de consultant pour les services financiers de l'audit externe du projet pour les exercices 2023,2024,2025,20256 - Attribution du contrat",Fermé,Contract Award,Mauritania,29 August 2025,https://www.isdb.org/project-procurement/fr/appels-doffres/2024/contract-award/seletction-de-consultant-pour-les-services-financiers-de-laudit,2855,IsDB,,29 August 2024,,,PPFM@isdb.org,,PUB BID.pdf (https://www.isdb.org/project-procurement/sites/pproc/files/2024-08/PUB%20BID.pdf),"cabinet-amec-nordia@yahoo.fr, PPFM@isdb.org",Grpt AMEC - Nordia & Associes,Mauritania,"Crpt AMEC -Nordia & AssociésAdresse : lmmeuble Lalla médicale.llot K, 175, 1"". érage. Bp 4908Nouachott Tél : 45210077Mail : cabinet-amec-nordia@yahoo.fr"
"L'ATTRIBUTION DES MARCHÉS - •	Lot-1: Fourniture, installation, formation et mise en service d'équipements médicotechniques pour huit (8) centres de Santé urbains (CSU), Dix-sept (17) centres de Santé ruraux (CSR) et l’Hôpital régional (HR) Matoto Enta",Fermé,Contract Award,Guinea,31 August 2025,https://www.isdb.org/project-procurement/fr/appels-doffres/2025/contract-award/lattribution-des-marches-lot-1-fourniture-installation-formation,3266,IsDB,,30 April 2025,"2GUI-0129, N°2-GUI-0132 et 7 GUI-0130",Projet d’Appui au Secteur de la Santé Post-Ebola (PASSPE),robertcondeh66@gmail.com,,PUBLICATION DE L'ATTRIBUTION DES MARCHES DE BIENS-1-3.pdf (https://www.isdb.org/project-procurement/sites/pproc/files/2025-04/PUBLICATION%20DE%20L%27ATTRIBUTION%20DES%20MARCHES%20DE%20BIENS-1-3.pdf),"infobruxelles@fse-export.com, infoparis@fse-export.com, hmarquis@fse-export.com, robertcondeh66@gmail.com",FSE GROUPEMENT,Belgium,"9, Rue du Moniteur1000 Bruxelles, BELGIQUEE-Mail : infobruxelles@fse-export.com / hmarquis@fse-export.com / infoparis@fse-export.com"
"L'ATTRIBUTION DES MARCHÉS - •	Lot-4: Fourniture, installation, formation et mise en service d'équipements d’énergie solaire pour 8 Centres de Santé Urbains (CSU), 17 Centres de Santé Ruraux et 5 Centres de Santé Améliorés (CSA)",Fermé,Contract Award,Guinea,31 August 2025,https://www.isdb.org/project-procurement/fr/appels-doffres/2025/contract-award/lattribution-des-marches-lot-4-fourniture-installation-formation,3267,IsDB,,30 April 2025,"2GUI-0129, N°2-GUI-0132 et 7 GUI-0130",Projet d’Appui au Secteur de la Santé Post-Ebola (PASSPE),robertcondeh66@gmail.com,,PUBLICATION DE L'ATTRIBUTION DES MARCHES DE BIENS (1).pdf (https://www.isdb.org/project-procurement/sites/pproc/files/2025-04/PUBLICATION%20DE%20L%27ATTRIBUTION%20DES%20MARCHES%20DE%20BIENS%20%281%29.pdf),"kama-sa@kama-sa.com, robertcondeh66@gmail.com",KAMA SA,Mali,"Bamako, Hamdallaye, ACI 2000, en face du rondpoint Bougie BaTél : +223 20 23 03/Fax 20 23 03 05 – BP : 1514E-Mail : kama-sa@kama-sa.com"
"L'ATTRIBUTION DES MARCHÉS - •	Lot-5: Fourniture, installation, formation et mise en service d'équipements d'informatique, de reprographie, de bureautique, d’audiovisuel, de matériel",Fermé,Contract Award,Guinea,31 August 2025,https://www.isdb.org/project-procurement/fr/appels-doffres/2025/contract-award/lattribution-des-marches-lot-5-fourniture-installation-formation,3268,IsDB,,30 April 2025,"2GUI-0129, N°2-GUI-0132 et 7 GUI-0130",Projet d’Appui au Secteur de la Santé Post-Ebola (PASSPE),robertcondeh66@gmail.com,,PUBLICATION DE L'ATTRIBUTION DES MARCHES DE BIENS (2).pdf (https://www.isdb.org/project-procurement/sites/pproc/files/2025-04/PUBLICATION%20DE%20L%27ATTRIBUTION%20DES%20MARCHES%20DE%20BIENS%20%282%29.pdf),"info@emak-mali.com, robertcondeh66@gmail.com",EMAK-SARL,Mali,Quartier Mali-Rue 201 du CSREF C-5 / Tel : (+223) 20 23 18 18E-Mail : info@emak-mali.com / www.emak-mali.com
BCC2025-045 - Comprehensive Report/Study on the Corporate Governance of the IsDB,Closed,Expression of Interest,Saudi Arabia,2 September 2025,https://www.isdb.org/project-procurement/tenders/2025/eoi/bcc2025-045-comprehensive-reportstudy-corporate-governance-isdb,3359,IsDB,,12 August 2025,,,6f9a4d04.isdb.org@emea.teams.ms,"Invitation for Expression of InterestComprehensive Report/Study on the Corporate Governance of the IsDB1. The Islamic Development Bank (IsDB) has approved an administrative budget for financing consulting services (the Services) for the above project. The Terms of Reference (TOR) of the Services is in Appendix A. The Services will be provided by consulting firm. IsDB will select and engage the Consultant in accordance with the IsDB Corporate Procurement Policy (Policy).2. IsDB now invites Expression of Interest (EOI) from potential individual applicants for consideration by IsDB in determining a shortlist of candidates to be invited to submit proposals. Depending on the number of the EOIs received and the qualifications of the applicants, IsDB may or may not short list all potentials who have submitted EOIs.3. Applicants who wish to submit an EOI should complete the EOI Form in Appendix B and submit it through IsDB’s online IEOI facility or by email, fax or courier to the following authorized representative of IsDB:Consultant Selection PanelIslamic Development BankEmail: Designated email addressDeadline for EOI/Proposal Submission: 2 September 2025Contact for Clarification Email: General - BCC2025-045 Comprehensive Report/Study on the Corporate Governance of the IsDB -  6f9a4d04.isdb.org@emea.teams.msExpression of Interest Submission Email: EOI Submission - BCC2025-045 Comprehensive Report/Study on the Corporate Governance of the IsDB -  6f9a4d04.isdb.org@emea.teams.msAppendix A: Terms of Reference (Attached)Appendix B: EOI Form (Attached)",ToR_General Report-Study on the Corporate Governance of the IsDB V2.0.pdf (https://www.isdb.org/project-procurement/sites/pproc/files/2025-08/ToR_General%20Report-Study%20on%20the%20Corporate%20Governance%20of%20the%20IsDB%20V2.0.pdf),6f9a4d04.isdb.org@emea.teams.ms,,,
TRAVAUX DE CONSTRUCTION DU CENTRE HOSPITALIER PROVINCIAL DE TAOURIRT - Lot N°02 : Plomberie Sanitaire – Protection Incendie – Climatisation – Traitement D’air – Ventilation – Desenfumage,Fermé,Specific Procurement Notice,Morocco,3 September 2025,https://www.isdb.org/project-procurement/fr/appels-doffres/2025/spn/travaux-de-construction-du-centre-hospitalier-provincial-de-taourirt-lot,3331,IsDB,Enchères Concurrentielles Internationales,9 July 2025,,,ahm.lahmidi@gmail.com,"AVIS D’APPEL D’OFFRES OUVERT INTERNATIONAL SUR OFFRES DE PRIXN° : AOOI/10/2025/ANEPOLe03/09/2025 à 10h00, il sera procédé, dans les locauxde la Direction Régionale de l’Agence Nationale des Equipements Publics De l’Oriental, sis àBoulevard Al Maghreb Al Arabi OujdaBP 752, à l’ouverture des plis relatifs à l’appel d’offres international sur offres de prix, pour :TRAVAUX DE CONSTRUCTION DU CENTRE HOSPITALIER PROVINCIAL DE TAOURIRTLOT N°02 : PLOMBERIE SANITAIRE – PROTECTION INCENDIE – CLIMATISATION – TRAITEMENT D’AIR – VENTILATION – DESENFUMAGELe dossier d'appel d'offres doit être téléchargé à partir du portail des marchés publics accessible à l'adresse:www.marchespublics.gov.maLe cautionnement provisoire est fixéàla somme de :UN MILLION TROIS CENT MILLE DIRHAMS(1 300 000,00DH)L’estimation des coûts des prestations, est fixée à la somme de :SOIXANTE CINQ MILLION QUATRE CENT VINGT QUATRE MILLE DEUX CENT VINGT TROIS DIRHAMS ET VINGT CENTIMES TOUTES TAXES COMPRISES(65 424 223,20DHS).L’appel d’offres est lancé conformément aux dispositions du Décret n°2-22-431 du 15 Chaabane 1444 (8 mars 2023) relatif aux marchés publics, avec des ajustements nécessaires pour se conformer aux Directives pour l’acquisition de Biens, Travaux et Services connexes dans le cadre des Projets financés par la Banque Islamique de Développement (BID), du fait du financement de ce marché par cette institution. Les procédures de passation de marchés doivent être conformes aux Principes Fondamentaux de Passation des Marchés de la BID et garantir que les Directives de la Banque contre la corruption visée dans l’Accord de financement s’appliquent.Le contenu, la présentation ainsi que le dépôt des dossiers des concurrents doivent être conformes aux dispositions de l’accord de financement n° MAR1037 passé entre le royaume du Maroc et la Banque Islamique de Développement (BID) en date du 28 Septembre 2020, et des articles 30 , 32 et 135 du décret n° 2-22-431 du 15 chaabane 1444 (8 mars 2023) relatif aux marchés publics.Les concurrents doivent déposer leurs dossiers par voie électronique dans le portail des marchés publicswww.marchespublics.gov.maconformément à l’Arrêté du Ministre Délégué auprès de la Ministre de l’Economie et des Finances, chargé du Budget n°1692-23 du 4 hija 1444 (23 juin 2023) relatif à la dématérialisation des procédures, des documents et des pièces relatifs aux marchés publics.Les pièces justificatives à fournir sont celles prévues par l'article n°5du règlement de consultation.La documentation technique doit être déposée à la fois, au niveau de l’enveloppe contenant le dossier administratif au portail marocain des marchés publics, et au service des marchés de la Direction Régionale de l’Agence Nationale des Equipements Publics De l’Oriental avant le03/09/2025 à 10h00.Le dossier technique doit comprendre :Pour les concurrents installés au Maroc :Le certificat de qualification et de classification délivré par le ministère de l’équipement et de l’eau ou sa copie certifiée conforme à l’original suivant :Secteur : M : Plomberie - Chauffage - ClimatisationQualification exigée: M2, M4Classe: 1Pour les concurrents non installés au Maroc :Fournir le dossier technique tel qu’il est prévu dans le règlement de la consultation.Pour les demandes de renseignements: ahm.lahmidi@gmail.com",AVIS FRANCAIS AOOI-10-2025-ANEPO.docx (https://www.isdb.org/project-procurement/sites/pproc/files/2025-07/AVIS%20FRANCAIS%20AOOI-10-2025-ANEPO.docx) | AVIS ARABE AOOI-10-2025-ANEPO.docx (https://www.isdb.org/project-procurement/sites/pproc/files/2025-07/AVIS%20ARABE%20AOOI-10-2025-ANEPO.docx),ahm.lahmidi@gmail.com,,,
TRAVAUX DE CONSTRUCTION DU CENTRE HOSPITALIER PROVINCIAL DE TAOURIRT LOT N°03 : Electricite Courants Forts et Faibles,Fermé,Specific Procurement Notice,Morocco,3 September 2025,https://www.isdb.org/project-procurement/fr/appels-doffres/2025/spn/travaux-de-construction-du-centre-hospitalier-provincial-de-taourirt-lot-0,3332,IsDB,Enchères Concurrentielles Internationales,10 July 2025,,,ahm.lahmidi@gmail.com,"AVIS D’APPEL D’OFFRES OUVERT INTERNATIONAL SUR OFFRES DE PRIXN° :AOOI/11/2025/ANEPOLe03/09/2025  à 10 h 30, il sera procédé, dans les locauxde la Direction Régionale de l’Agence Nationale des Equipements Publics De l’Oriental, sis àBoulevard Al Maghreb Al Arabi OujdaBP 752, à l’ouverture des plis relatifs à l’appel d’offres international sur offres de prix, pour :TRAVAUX DE CONSTRUCTION DU CENTRE HOSPITALIER PROVINCIAL DE TAOURIRTLOT N°03 : ELECTRICITE COURANTS FORTS ET FAIBLESLe dossier d'appel d'offres doit être téléchargé à partir du portail des marchés publics accessible à l'adresse:www.marchespublics.gov.maLe cautionnement provisoire est fixéàla somme de :UN MILLION QUATRE CENT MILLE DIRHAMS(1 400 000,00DH)L’estimation des coûts des prestations, est fixée à la somme de :SOIXANTE ET ONZE MILLION SEPT CENT DIX NEUF MILLE NEUF CENT SOIXANTE HUIT DIRHAMS TOUTES TAXES COMPRISES (71 719 968,00DHS).L’appel d’offres est lancé conformément aux dispositions du Décret n°2-22-431 du 15 Chaabane 1444 (8 mars 2023) relatif aux marchés publics, avec des ajustements nécessaires pour se conformer aux Directives pour l’acquisition de Biens, Travaux et Services connexes dans le cadre des Projets financés par la Banque Islamique de Développement (BID), du fait du financement de ce marché par cette institution. Les procédures de passation de marchés doivent être conformes aux Principes Fondamentaux de Passation des Marchés de la BID et garantir que les Directives de la Banque contre la corruption visée dans l’Accord de financement s’appliquent.Le contenu, la présentation ainsi que le dépôt des dossiers des concurrents doivent être conformes aux dispositions de l’accord de financement n° MAR1037 passé entre le royaume du Maroc et la Banque Islamique de Développement (BID) en date du 28 Septembre 2020, et des articles 30 , 32 et 135 du décret n° 2-22-431 du 15 chaabane 1444 (8 mars 2023) relatif aux marchés publics.Les concurrents doivent déposer leurs dossiers par voie électronique dans le portail des marchés publicswww.marchespublics.gov.maconformément à l’Arrêté du Ministre Délégué auprès de la Ministre de l’Economie et des Finances, chargé du Budget n°1692-23 du 4 hija 1444 (23 juin 2023) relatif à la dématérialisation des procédures, des documents et des pièces relatifs aux marchés publics.Les pièces justificatives à fournir sont celles prévues par l'article n°5du règlement de consultation.La documentation technique doit être déposée à la fois, au niveau de l’enveloppe contenant le dossier administratif au portail marocain des marchés publics, et au service des marchés de la Direction Régionale de l’Agence Nationale des Equipements Publics De l’Oriental avant le03/09/2025 à 10h30.Le dossier technique doit comprendre :Pour les concurrents installés au Maroc :Le certificat de qualification et de classification délivré par le ministère de l’équipement et de l’eau ou sa copie certifiée conforme à l’original suivant :Pour les concurrents non installés au Maroc :Fournir le dossier technique tel qu’il est prévu dans le règlement de la consultation.Pour les demandes de renseignements: ahm.lahmidi@gmail.com",AVIS EN ARABE AOOI-11-2025-ANEPO.docx (https://www.isdb.org/project-procurement/sites/pproc/files/2025-07/AVIS%20EN%20ARABE%20AOOI-11-2025-ANEPO.docx) | AVIS FRANCAIS AOOI-11-2025-ANEPO.docx (https://www.isdb.org/project-procurement/sites/pproc/files/2025-07/AVIS%20FRANCAIS%20AOOI-11-2025-ANEPO.docx),ahm.lahmidi@gmail.com,,,
TRAVAUX DE CONSTRUCTION DU CENTRE HOSPITALIER PROVINCIAL DE TAOURIRT LOT N°04 : Revetements-Faux Plafond-Menuiserie -Peinture -VRD et Amenagements Exterieurs,Fermé,Specific Procurement Notice,Morocco,3 September 2025,https://www.isdb.org/project-procurement/fr/appels-doffres/2025/spn/travaux-de-construction-du-centre-hospitalier-provincial-de-taourirt-lot-1,3333,IsDB,Enchères Concurrentielles Internationales,10 July 2025,,,ahm.lahmidi@gmail.com,"AVIS D’APPEL D’OFFRES OUVERT INTERNATIONAL SUR OFFRES DE PRIXN° :AOOI/18/2025/ANEPOLe03/09/2025 à 11h00, il sera procédé, dans les locauxde la Direction Régionale de l’Agence Nationale des Equipements Publics De l’Oriental, sis àBoulevard Al Maghreb Al Arabi OujdaBP 752, à l’ouverture des plis relatifs à l’appel d’offres international sur offres de prix, pour :TRAVAUX DE CONSTRUCTION DU CENTRE HOSPITALIER PROVINCIAL DE TAOURIRTLOT N°04 : REVETEMENTS-FAUX PLAFOND-MENUISERIE -PEINTURE -VRD ET AMENAGEMENTS EXTERIEURS.Le dossier d'appel d'offres doit être téléchargé à partir du portail des marchés publics accessible à l'adresse:www.marchespublics.gov.maLe cautionnement provisoire est fixéàla somme de :TROIS MILLION DIRHAMS(3 000 000,00DH)L’estimation des coûts des prestations, est fixée à la somme deCENT CINQUANTE DEUX MILLION SEPT CENT QUATRE VINGT DEUX MILLE TROIS CENT SOIXANTE HUIT DIRHAMS TOUTES TAXES COMPRISES(152 782 368,00DHS).L’appel d’offres est lancé conformément aux dispositions du Décret n°2-22-431 du 15 Chaabane 1444 (8 mars 2023) relatif aux marchés publics, avec des ajustements nécessaires pour se conformer aux Directives pour l’acquisition de Biens, Travaux et Services connexes dans le cadre des Projets financés par la Banque Islamique de Développement (BID), du fait du financement de ce marché par cette institution. Les procédures de passation de marchés doivent être conformes aux Principes Fondamentaux de Passation des Marchés de la BID et garantir que les Directives de la Banque contre la corruption visée dans l’Accord de financement s’appliquent.Le contenu, la présentation ainsi que le dépôt des dossiers des concurrents doivent être conformes aux dispositions de l’accord de financement n° MAR1037 passé entre le royaume du Maroc et la Banque Islamique de Développement (BID) en date du 28 Septembre 2020, et des articles 30, 32 et 135 du décret n° 2-22-431 du 15 chaabane 1444 (8 mars 2023) relatif aux marchés publics.Les concurrents doivent déposer leurs dossiers par voie électronique dans le portail des marchés publicswww.marchespublics.gov.maconformément à l’Arrêté du Ministre Délégué auprès de la Ministre de l’Economie et des Finances, chargé du Budget n°1692-23 du 4 hija 1444 (23 juin 2023) relatif à la dématérialisation des procédures, des documents et des pièces relatifs aux marchés publics.Les pièces justificatives à fournir sont celles prévues par l'article n°5du règlement de consultation.La documentation technique doit être déposée à la fois, au niveau de l’enveloppe contenant le dossier administratif au portail marocain des marchés publics, et au service des marchés de la Direction Régionale de l’Agence Nationale des Equipements Publics De l’Oriental avant le03/09/2025 à 11h00.Le dossier technique doit comprendre :Pour les concurrents installés au Maroc :Le certificat de qualification et de classification délivré par le ministère de l’équipement et de l’eau ou sa copie certifiée conforme à l’original suivant :Pour les concurrents non installés au Maroc :Fournir le dossier technique tel qu’il est prévu dans le règlement de la consultation.Pour les demandes de renseignements: ahm.lahmidi@gmail.com",AVIS FRANCAIS AOOI-18-2025-ANEPO.docx (https://www.isdb.org/project-procurement/sites/pproc/files/2025-07/AVIS%20FRANCAIS%20AOOI-18-2025-ANEPO.docx) | AVIS ARABE AOOI-18-2025-ANEPO.docx (https://www.isdb.org/project-procurement/sites/pproc/files/2025-07/AVIS%20ARABE%20AOOI-18-2025-ANEPO.docx),ahm.lahmidi@gmail.com,,,
Consulting Services: SHARI’AH AUDITING SERVICES - Strengthening the Economic Resilience of the Vulnerable Enterprises (SERVE) Project,Closed,Expression of Interest,Uzbekistan,5 September 2025,https://www.isdb.org/project-procurement/tenders/2025/eoi/consulting-services-shariah-auditing-services-strengthening-economic-resilience,3364,IsDB,,17 August 2025,UZB-1037,Strengthening the Economic Resilience of the Vulnerable Enterprises (SERVE) Project,serveprojectuzb@gmail.com,"REQUEST FOR EXPRESSIONS OF INTEREST(CONSULTANT SERVICES – SELECTION OF FIRMS)Country:Republic of UzbekistanProject Name:Strengthening the Economic Resilience of the Vulnerable Enterprises (SERVE) ProjectSector:Finance to MSMEs/Economic EmpowermentConsulting Services:SHARI’AH AUDITING SERVICESMode of Financing:Instalment Sale and Islamic Loan (Qard)Financing No.:UZB-1037Contract№SERVE/CQS/Audit-01The Government of Uzbekistan has received financing from the Islamic Development Bank (IsDB) toward the cost of the Strengthening the Economic Resilience of the Vulnerable Enterprises (SERVE) Project, and intends to apply part of the proceeds for consultant services.The services include Shari’ah Auditing Services covering the implementation period from Q3 2025 until December 2027. The expected level of effort is approximately 30 professional staff-months. The expected start date is Q42025. The assignment includes verification of Shari’ah compliance in line with AAOIFI standards and IsDB’s financing structure, monitoring of project transactions, and quarterly reporting.The Terms of Reference (TOR) for the assignment are attached to this request for expressions of interestand areavailable at the following link:https://docs.google.com/document/d/1mTDCzckwNDhz8HL2caJzcdCqTB9BRtWP/edit?usp=drive_link&ouid=102883265367454794668&rtpof=true&sd=trueor may be obtained by contacting theaddress below.The Ministry of Economy and Finance (Executing Agency) now invites eligible consulting firms (“Consultants”) to indicate their interest in providing the services. Interested Consultants must submit an Expression of Interest (EOI) package consisting of:.•           Company profile highlighting core business and years of operation;•           Description of similar assignments conducted in the past 5 years;•           CVs of key experts proposed for the assignment;•           A brief statement of approach/methodology;•           Contact details and deadline for clarifications (see below);Key Experts' qualifications will be evaluated at this stage in accordance with the CQS method.Please note:•           Only the first-ranked firm will be invited to submit a financial proposal.•           If negotiations with the top-ranked firm fail, the next ranked firm may be invited.•           Only the selected firm will be contacted. Unsuccessful applicants may request a debrief within 10 calendar days of notification.Associations with other firms are permitted. In the case of a Joint Venture (JV), all partners shall be jointly and severally liable. Please provide a copy of the JV agreement or MoU(Memorandum of Understanding). Sub-consulting arrangements are also permitted.Procurement shall be conducted in accordance with the ""IsDB Guidelines for the Procurement of Consultancy Services under IsDB Project Financing, April 2019 Edition (Revised February 2023).""Interested consultants may obtain further information at the address below during office hours, 09:00 to 17:00 (Tashkent time).Expressions of interest must be delivered in a written form to the address below (in person, or by mail, or by e-mail) by5 September 2025,16:00 Tashkent time..Suggested EOI format and further submission instructions may be obtained by contacting the address below.ThePMU “SERVE”under the Ministry of Economy and Finance of the Republic of UzbekistanNiyozbek yuli Str. 1, Tashkent, Uzbekistan.Attn:Mr. Alibek NarboevHead of PMU “SERVE”Phone: +998901768877E-mail:serveprojectuzb@gmail.com,Web site:www.imv.uz",re_re_REOI_for_Shari'ah_audit_Last_12.08 (3).docx (https://www.isdb.org/project-procurement/sites/pproc/files/2025-08/re_re_REOI_for_Shari%27ah_audit_Last_12.08%20%283%29.docx) | re_re_TOR Shari'ah Audit SERVE_12.08 (3).docx (https://www.isdb.org/project-procurement/sites/pproc/files/2025-08/re_re_TOR%20Shari%27ah%20Audit%20SERVE_12.08%20%283%29.docx),serveprojectuzb@gmail.com,,,
"Design Review, Procurement Assistance, Contract Management and Supervision of Irrigation Canals",Closed,Expression of Interest,Kazakhstan,6 September 2025,https://www.isdb.org/project-procurement/tenders/2025/eoi/design-review-procurement-assistance-contract-management-and-supervision,3368,IsDB,IsDB Member Country Bidding,20 August 2025,KAZ-1030,Climate Resilience Water Resource Development Project (Phase-1),pmu_field@qazsu.kz,"REQUEST FOR EXPRESSIONS OF INTEREST(CONSULTANT SERVICES – SELECTION OF FIRMS)Country:Republic of KazakhstanProject:Climate Resilience Water Resource Development Project (Phase-1)Sector:Water ResourcesConsulting Services:Design Review, Procurement Assistance, Contract ManagementandSupervision of Irrigation CanalsMode of Financing:Installment Sale, Ijarah and GrantFinancing No.KAZ-1030The RSE “Kazvodkhoz”under the Ministry of Water Resources and Irrigation of Republic of Kazakhstanhas applied financingfrom the Islamic Development Bank (IsDB) toward the cost of theClimate Resilience Water Resource Development Projectand intends to apply part of the proceeds for consultant services.The services include Design Review, Procurement Assistance, Contract Management and Supervision of Irrigation Canals. The development objective of the Project is to improve agricultural productivity, ensure food and water security for vulnerable communities, and build resilience to natural hazards and climate change impacts. This will be achieved through the construction, modernization and rehabilitation of agricultural water infrastructure that would be resilient to climate variability and extreme weather events. The project also aims to enhance institutional capacity in the water sector and mainstream advanced technologies and digitization for improved water resources management and decision-making process. The detailed Terms of Reference (TOR) for the assignment is attached to this document.The RSE Kazvodkhoz under the Ministry of Water Resources and Irrigation the Republic of Kazakhstan now invites eligible consulting firms (“Consultants”) to indicate their interest in providing the services. Interested Consultants must provide specific information which demonstrates that they are fully qualified to perform the services (brochures, description of similar assignments, experience in similar conditions, availability of appropriate skills among staff, etc.).The estimated time for design review and completion of the procurement phase is twelve (12) months. Task-1 will be based on a Lump-Sum payments against deliverables as defined in the terms of the Contract. The time frame of the construction phase (Task-2) is forty-four (44) months, including twelve (12) months of defects liability period. Supervision of works will be Time-Based, based the payment of the actual person-months, used at the rates specified in the contract. Similarly, reimbursable expenses will be compensated from the actual costs incurred.With a projected start date of January 2026, Task 1 will require a total of 244 man-months of input from key and non-key experts, while Task 2 would require a total of 1780 man-months input.The shortlisting criteria are:at least 10 years extensive experience in preparation of project design and detailed engineering design, procurement assistance, contract management, and supervision of the construction and reconstruction of irrigation canals, hydraulic structures and water control  structures, irrigation systems with a proven record of similar irrigation canal projects in water resource management or civil engineering projects funded by international development organizations, preferably, having experience working in similar environmental, social, and regulatory contexts, particularly in Central Asia including Kazakhstan or other regions with similar climate and hydrology conditions; aware of international design, safety, and environmental standards relevant to water infrastructure projects and local legislation in the field of design and construction;  experience in construction  similar irrigation system and size of scope  the projects financed by the Multilateral Development Banks (MDBs), with proven knowledge of FIDIC basis procurement procedures and contract management; qualified and experienced staff and support of a sufficient number of local professional staff to ensure proper project management, procurement services and construction supervision works.Key Experts will not be evaluated at the shortlisting stage.The attention of interested Consultants is drawn to 1.12.1 and 1.12.2 paragraphs of the Procurement Policy of the Guidelines for the Procurement of Consultancy Services under Islamic Development Bank Project Financing, April 2019, revised as of February 2023 (the “Procurement Guidelines”), setting forth IsDB’s policy on conflict of interest.Consultants may associate with other firms to enhance their qualifications, but should indicate clearly whether the association is in the form of a joint venture and/or a sub-consultancy. In the case of a joint venture, all the partners in the joint venture shall be jointly and severally liable for the entire contract, if selected.A consultant firm will be selected in accordance with the Quality Cost Based Selection method through shortlisting firms among IsDB Member Countries (QCBS-MC) set out in the Procurement Guidelines.Interested consultants may obtain further information at the address below during office hours (UTC +5) 09:00 to 17:00 hours (Astana time).Expressions of interest must be submitted in a written form to the address below (in person, or by mail, or by e-mail) by6 September2025.Attention: General Director A A UskenbayevAddress: Mangilik el ave.8, 010000 Astana city, Kazakhstan6th floor Office 606City: AstanaZIP Code: 010000Country: KazakhstanElectronic mail address:pmu_field@qazsu.kz,kense@qazsu.kzwww.qazsu.kzTel no: +7 701 521 8612",REoI_KAZ-1030-Consultancy-Irrigation_Channels_IsDB comments.docx (https://www.isdb.org/project-procurement/sites/pproc/files/2025-08/REoI_KAZ-1030-Consultancy-Irrigation_Channels_IsDB%20comments.docx) | TOR KAZ1030 technical supervision Irrigation Canals July 2025 r1.docx (https://www.isdb.org/project-procurement/sites/pproc/files/2025-08/TOR%20KAZ1030%20technical%20supervision%20Irrigation%20Canals%20July%202025%20r1.docx),"kense@qazsu.kz, pmu_field@qazsu.kz",,,
Projet d’Infrastructure d’Eau Rural dans les Régions de l’Ennedi-Est et de Wadi-Fira (PIER-EW) - REOI,Fermé,Expression of Interest,Chad,9 September 2025,https://www.isdb.org/project-procurement/fr/appels-doffres/2025/eoi/projet-dinfrastructure-deau-rural-dans-les-regions-de-lennedi-est-et-de,3366,IsDB,Pays Membre De La BID Soumissionnaire,17 August 2025,TCD-1010,,benbakay1@gmail.com,"APPEL À MANIFESTATION D’INTÉRÊT(SERVICES DE CONSULTANTS)REPUBLIQUE DU TCHADMINISRERE DE L’EAU ET DE L’ENERGIESECRETARIAT GENERALProjet d’Infrastructure d’Eau Rural dans les Régions de l’Ennedi-Est et de Wadi-Fira (PIER-EW)Mode de financement : Bank Islamique de Développement (BID)N° de Financement : TCD-1010 du 19 juin 2019Le Gouvernement de la République du Tchad a obtenu un financement de la Banque Islamique de Développement (BIsD) pour couvrir les coûts du Projet d'Infrastructure d’Eau Rural dans les Régions de l’Ennedi-Est et de Wadi-Fira (PIER-EW)et a l’intention d’utiliser une partie de ces fonds pour financer le recrutement de consultant pour l’Etude des faisabilités de l’AEP de Biltine.Les services comprennent :Uneévaluation des conditions d’accès à l’eau potable des populations des centres concernés ;Des études des impacts sur l’environnement ;Une prospection géophysique des sites probables aux alentours de la ville (en moyenne 28 km) ;La mise à disposition de plans directeurs hydrauliques y compris un Avant-projet sommaire, un Avant-Projet détaillé, un dossier d’appel d’offre, et d’un plan d’investissement par le centre, des réseaux d’alimentation en eau potable permettant de couvrir les besoins de la population à l’horizon 2045 ;La mise à disposition d’un rapport d’Etudes d’Impact Environnementale et Sociale (EIES) ;La mise à disposition d’un rapport d’analyse économique et financière.Termes de Référence :Les Termes de Référence (TdR) détaillés de la mission sont disponibles à l’adresse ci-dessous.Courriel : benbakay1@gmail.comTel : +235 66 77 99 00, N’Djamena, TchadCoordination du Projet d’Infrastructure d’Eau Rural dans les Régions de l’Ennedi-Est et de Wadi-Fira (PIER-EW),Quartier Ndjaré, derrière les villas des Hôtes et le Ministère des Mines et du pétrole.BP 1769 Ndjamena-Tchad.Le Ministère de l’Eau et de l’Energie à travers leProjet d’Infrastructure d’Eau Rural dans les Régions de l’Ennedi-Est et de Wadi-Fira (PIER-EW)invite les bureaux de consultants éligibles à manifester leur intérêt pour fournir les services décrits. Les Consultants intéressés doivent fournir des renseignements spécifiques démontrant qu’ils sont pleinement qualifiés pour réaliser les prestations (documentation, références de prestations similaires, expérience dans des conditions comparables, etc.)Les Critères pour l'établissement de la liste restreinte sont (maximum 5 bureaux) :Expérience générale :Réalisation d'études pour des réseaux des ouvrages hydraulique, y comprenant des plans directeurs ou études similaires d’au moins dix (10) années.Expérience spécifique dans lesouvrages hydraulique:Réalisation d’au moins deux missions sur un projet financé par les Partenaires Techniques et Financiers (BID, Banque mondiale, BADEA ou BAD) et/ou les agences bilatérales dans les Etudes des travaux hydrauliques.Réalisation d'études APS et APD, incluant des zones rurales et urbaines ;Elaboration des dossiers d’Appel D’offre (DAO)Expérience dans les études de faisabilité technico-économique :Réalisation d’au moins deux missions sur un projet financé par les Partenaires Techniques et Financiers (BID, Banque mondiale, BADEA ou BAD) ou les agences bilatérales dans les études de faisabilité technico-économique pour des projets hydraulique.Capacités démontrées dans la préparation d'avant-projets sommaires (APS), d'avant-projets détaillés (APD)et Dossier D’appel D’offre (DAO).Réalisation d’au moins deux missions sur un projet financé par les Partenaires Techniques et Financiers (BID, Banque mondiale, BADEA ou BAD) et/ou les agences bilatérales dans l'élaboration ou l'actualisation de plans directeurs, incluant :Les Personnels-clés ne feront pas l’objet d’évaluation au stade de l’établissement de la liste retreinteDispositions relatives aux conflits d'intérêtsLesConsultantsintéressés sont invités à prendre connaissance des Clauses 1.12 des Directives sur l’acquisition des Services de Consultants dans le cadre des Projets financés par la Banque Islamique de Développement (les « Directives ») définissant les règles de la BIsD concernant les conflits d’intérêt.Forme de collaborationLes Consultants peuvent s’associer avec d’autres firmes afin de renforcer leurs qualifications en indiquant clairement le type d’association, c’est-à-dire un groupement de consultants, ou une intention de sous-traitance.  Dans le cas de groupement, tous les partenaires du groupement seront conjointement et solidairement responsables pour la totalité du contrat, en cas d’attribution.Critère de sélectionLa sélection se fera en conformité avec la méthode deSélection Fondée sur la Qualité et le Coûtparmi les Pays Membres(SFQC/PM), stipulée dans les Directives de la Banque Islamique de Développement (BIsD).Informations complémentairesPour toute information supplémentaire, les consultants intéressés peuvent s'adresser à l'adresse ci-dessous, aux heures de bureau :de 7 h 30 à 15 h 30 (heure locale).Dépôt des manifestations d'intérêtLes manifestations d'intérêt sous forme écrite doivent être déposées (en personne, par courrier ou par courriel) à l'adresse suivante au plus tard le09/septembre/2025/a 15h /30mn auProjet d’Infrastructure d’Eau Rural dans les Régions de l’Ennedi-Est et de Wadi-FiraÀ l'attention : BAKHIT DIKI BAKAI, Chef de ProjetTel: +235 66 77 99 00, N’Djamena, TchadCourriel:benbakay1@gmail.comCoordination du Projet d’Infrastructure d’Eau Rural dans les Régions de l’Ennedi-Est et de Wadi-Fira (PIER-EW),Quartier Ndjaré, derrière les Hôtes Villat et le Ministère des Mines et du pétrole.",APPEL A MANIFESTATION D'INTERET.pdf (https://www.isdb.org/project-procurement/sites/pproc/files/2025-08/APPEL%20A%20MANIFESTATION%20D%27INTERET.pdf),benbakay1@gmail.com,,,
"Consulting Services: Project Management Consultant (PMC) - Construction of Electricity Transmission Line and Substations in Tamga and Karakol, Issyk-Kul Region",Closed,Expression of Interest,Kyrgyz,10 September 2025,https://www.isdb.org/project-procurement/tenders/2025/eoi/consulting-services-project-management-consultant-pmc-construction-electricity,3365,IsDB,IsDB Member Country Bidding,17 August 2025,KGZ-1007,"Construction of Electricity Transmission Line and Substations in Tamga and Karakol, Issyk-Kul Region",nesk@elcat.kg,"REQUEST FOR EXPRESSIONS OF INTEREST(CONSULTANT SERVICES – SELECTION OF FIRMS)Country:Kyrgyz RepublicProject Title:Construction of Electricity Transmission Line and Substations in Tamga and Karakol, Issyk-Kul RegionSector:EnergyConsulting Services:Project Management Consultant (PMC)Mode of Financing:LoanFinancing Number:KGZ-1007The Kyrgyz Republic has applied for financing from the Islamic Development Bank (IsDB) for USD 58.25 million to support the implementation of the “Construction of Electricity Transmission Line and Substations in Tamga and Karakol” project. The project will be implemented in the Issyk-Kul Region, located in the northeastern part of the country around Lake Issyk-Kul, approximately 350–400 kilometers east of the capital city, Bishkek. The Government of the Kyrgyz Republic will jointly finance the project with an additional contribution of USD 2.00 million and intends to apply part of the proceeds for consulting services to recruit aPMC Consultant.Project OverviewThe project comprises the construction of two high-voltage substations (220/110/10 kV in Karakol and 220/110/24 kV in Tamga) and approximately 95 km of overhead transmission lines (220 kV and 110 kV) in the Issyk-Kul Region. The project aims to reduce technical losses and improve voltage stability, ultimately benefiting over 300,000 residents and regional industries.Scope of ServicesThe PMC will play a crucial role in supporting the project's implementation, particularly during the procurement and construction phases. The consultant will assist the National Electric Grid of Kyrgyzstan, Executing Agency (NEGK) in preparing and finalizing bidding documents, supporting bid and proposal evaluations, advising on contract negotiations, and ensuring adherence to IsDB procurement guidelines. In addition to procurement support, the PMC will supervise the construction of substations and transmission lines, monitor contractor performance, ensure compliance with environmental and social safeguards, and provide regular progress reporting. The consultant will also be responsible for environmental and social safeguard implementation, structured and targeted capacity-building initiatives, and comprehensive contract management. The PMC will support the NEGK with the implementation of the project, covering two phases:Phase 1 – Design Review and Procurement Support:Review technical documentation (feasibility study, FEED, ESMP).Prepare bidding documents for transmission line and substation packages.Support procurement, including prequalification, preparation of bidding documents, evaluations, and contract award.Develop a Project Implementation Manual (PIM).Phase 2 – Construction Supervision and Contract Management:Act as an Engineer under FIDIC contracts.Monitor construction progress, quality, and safeguards compliance.Certify payments, manage variations and disputes.Prepare reports and ensure structured capacity building.The assignment is expected to last48 months, commencing between Q4 2025 and Q1 2026, comprising:Phase 1 – Design Review and Procurement Support (6 months)Phase 2 – Construction Supervision and Contract Management (42 months)Eligibility and Shortlisting CriteriaNEGK now invites eligible consulting firms from IsDB Member Countries to express their interest. Interested firms must provide information demonstrating that they have the required qualifications and relevant experience to perform the services. The shortlisting criteria are:Experience in managing and supervising energy infrastructure projects, particularly substations and transmission lines,within the last ten (10) years. Both ongoing and completed assignments are acceptable.Experience with FIDIC-based contracts and MDB-financed projects, or similar international experience consistent with the principles of MDB procurement.Proven experience in procurement, design review, environmental/social safeguard implementation, and capacity building.Demonstrated regional experience in Central Asia or similar context (e.g., mountainous topography, post-Soviet infrastructure frameworks, comparable climatic and regulatory conditions).Note: Only the experience of the lead firm and joint venture (JV) partners will be considered during the shortlisting stage. The experience of sub-consultantsmay be referenced but will not be evaluated.Conflict of InterestConsultants’ attention is drawn to paragraphs 1.12.1 and 1.12.2 of theIsDB Guidelines for the Procurement of Consultancy Services under IsDB Project Financing, April 2019 edition, revised in February 2023), available at:https://www.isdb.org/project-procurement/documentsConsultants may associate with other firms to enhance their qualifications in the form of ajoint venture or sub-consultancy.In the case of a JV, all partners shall be jointly and severally liable for all obligations.Selection MethodA Consultant will be selected in accordance with theQuality and Cost-Based Selection (QCBS)method among firms from IsDB Member Countries.Submission of Expressions of InterestExpressions of interest must be delivered (in person, courier, or e-mail) in English with the subject line:“EOI Project Management Consultant for Electricity Transmission Project – KGZ-1007”No later than 17:00 hours Bishkek time (GMT+6), on 10th of September 2025. Expressions of Interests received after the submission deadline shall not be evaluated.National Electric Grid of KyrgyzstanAttn: Mr. Emil ArtikbaevHead of International Relations DepartmentJibek-Jolu Street 326, Bishkek, Kyrgyz RepublicTel: +996 772 510336Email:nesk@elcat.kgandniyazov@energo.kgWebsite:www.negk.kg",KGZ 1007 PMC Request of Expression of Interest (REOI)15082025.docx (https://www.isdb.org/project-procurement/sites/pproc/files/2025-08/KGZ%201007%20PMC%20Request%20of%20Expression%20of%20Interest%20%28REOI%2915082025.docx) | TOR for PMC Samat 11.08.2025 NEGK FINAL ENG.docx (https://www.isdb.org/project-procurement/sites/pproc/files/2025-08/TOR%20for%20PMC%20Samat%2011.08.2025%20NEGK%20FINAL%20ENG.docx),"niyazov@energo.kg, nesk@elcat.kg, niyazov@Energo.kg",,,
"Appel d'offres pour l’acquisition d’ Equipements scientifiques (Matériels de physiques, Matériels de chimie, Matériels de biologie et Matériels de géologie) et Equipements de 22 blocs de laboratoires (kits lycée) et kits scientifiques pour la formation",Fermé,Specific Procurement Notice,Mauritania,11 September 2025,https://www.isdb.org/project-procurement/fr/appels-doffres/2025/spn/appel-doffres-pour-lacquisition-d-equipements-scientifiques-materiels-de,3353,IsDB,Enchères Concurrentielles Internationales,31 July 2025,MRT1030,"Projet de Renforcement de l'Enseignement et de l'Apprentissage des Sciences, des Technologies et de l’Innovation au Secondaire",Sidi.lab@dpef.mr,"Avis spécifique de Passation de MarchéREPUBLIQUE ISLAMIQUE DE MAURITANIEProjet de Renforcement de l'Enseignement et de l'Apprentissage des Sciences, des Technologies et de l’Innovation au SecondaireL’acquisition d’ Equipements scientifiques (Matériels de physiques, Matériels de chimie, Matériels de biologie et Matériels de géologie) et Equipements de 22 blocs de laboratoires (kits lycée) et kits scientifiques pour la formationMode de financement islamique – conforme à la ChariaNo du Financement : MRT1030Intitulé du Marché :Construction du Centre d’E-Learning, laboratoires scientifiques, laboratoire de langue, d'une salle multimédia et d’un atelier de fabrication des outils didactiquesAOI No. 1.1.10, 1.1.11, 1.1.12, 1.1.13,2.2.4et 2.2.6/T/MST/DPEF/20241.Le Gouvernement de la République Islamique de Mauritaniea reçuunfinancementde laBanque Islamiquede Développement (BIsD) pour financerProjet de Renforcement de l'Enseignement et de l'Apprentissage des Sciences, des Technologies et de l’Innovation au Secondaire,et à l’intention d’utiliser une partie de cefinancementpour effectuer des paiements au titre du Marché deL’acquisition kits scientifiques pour la formation et Equipements scientifiques (Matériels de physiques, Matériels de chimie, Matériels de biologie et Matériels de géologie) et Equipements de blocs de laboratoires (kits lycée, kits collège).2.La Direction des Projets Education et Formation (DPEF) sollicite des offres sous pli scellé de la part de soumissionnaires éligibles et répondant aux qualifications requises pourL’acquisition de kits scientifiques pour la formation et Equipements scientifiques (Matériels de physiques, Matériels de chimie, Matériels de biologie et Matériels de géologie) et Equipements de blocs de laboratoires (kits lycée et kits collège)ensix (06) Lotset pour un délai d’exécution detrois (03) moispour chacun des lots. Aucune marge de préférence n’est autorisée.Les critères d’évaluation et de qualification pour chaque lot sont détaillés à la section III. Critères d’évaluation et de qualification du dossier d’appel d’offres.3.La procédure d’appel d’offres sera’Appel d’Offres International (AOI)tel que défini dans les Directives pour l’acquisition de Biens, Travaux et Services connexes dans le cadre de Projets financés par la BIsD, Septembre 2018, publiée en avril 2019 (révisée en février 2023), et ouverte à tous les soumissionnaires de pays éligibles tels que définis dans les Directives. Les candidats éventuels sont également invités à prendre connaissance des Clauses 1.18 à 1.21 de ces Directives concernant les règles de la BIsD portant sur les conflits d’intérêt.4.Les Soumissionnaires intéressés et éligibles peuvent obtenir des informations auprès dela DPEF et prendre connaissance des documents d’Appel d’offres à l’adresse mentionnée ci-dessous : Direction des Projets Education – Formation, BP : 6541 Téléphone (+222) 45 25 20 63 ; (+222) 45 29 12 03 & 45 29 12 04, Fax : (+222) 45 25 15 13, de 09 Heures du matin à 16 heures de l’après Midi (Heure GMT).Le Dossier d’Appel d’offres enfrançaispeut être acheté par tout Soumissionnaire intéressé en formulant une demande écrite à l’adresse ci-dessous contre un paiement non remboursable deCinqmille Ouguiyas (5000 MRU ).La méthode de paiement sera par versement au compte bancaire ouvert au nom de la DPEF à la BMCI, Nouakchott, dont les coordonnées sont les suivantes :Le dossier d’appel d’offres sera adressé au projet MST.5.Les offres devront être remises à l’adresse ci-dessous[1]au plus tard le11/09/2025à12H/00. La soumission des offres par voie électroniquene sera pasautorisée. Toute offre arrivée après la date et l’heure limites de remise des offres sera écartée. Les offres seront ouvertes en présence des représentants des soumissionnaires et des personnes présentes à l’adresse numéro(222) 45 29 41 88mentionnée ci-dessous le11/09/2025à12H/006.Les offres doivent être accompagnées d’une garantie par lot :Le montant de la garantie de l’offre est de :LOT 1 : Acquisition des équipements scientifiques pour les laboratoires de Physique de l’ENS : 247 000 MRU la Garantie d’offre devra demeurer valide pour une période excédant de vingt-huit jours (28) la durée initiale de validité de l’Offre.LOT 2 : Acquisition des équipements scientifiques pour les laboratoires de Chimie de l’ENS : 85 000 MRU la Garantie d’offre devra demeurer valide pour une période excédant de vingt-huit jours (28) la durée initiale de validité de l’Offre.LOT 3 : Acquisition des équipements scientifiques pour les laboratoires de Biologie de l’ENS : 92 000 MRU la Garantie d’offre devra demeurer valide pour une période excédant de vingt-huit jours (28) la durée initiale de validité de l’Offre.LOT 4 : Acquisition des équipements scientifiques pour les laboratoires de Géologie de l’ENS : 56 000 MRU la Garantie d’offre devra demeurer valide pour une période excédant de vingt-huit jours (28) la durée initiale de validité de l’Offre.LOT 5 : Acquisition de 132 kits lycée pour les 22 blocs laboratoires (kits lycée) pour la Direction de la Promotion de l’Enseignement des Sciences (D.P.E.S) : 1 258 000 MRU la Garantie d’offre devra demeurer valide pour une période excédant de vingt-huit jours (28) la durée initiale de validité de l’offre.LOT 6 : Acquisition de 3 kits scientifiques pour la formation pour la Direction de la Promotion de l’Enseignement des Sciences (D.P.E.S) : 286 000 MRU la Garantie d’offre devra demeurer valide pour une période excédant de vingt-huit jours (28) la durée initiale de validité de l’offre.L’adresse à laquelle il est fait référence ci-dessus est :Monsieurle Président de la Commission de Passation des Marchésde la DPEFDirection des Projets Education-Formation ; Immeuble de la DPEF, rue 42-037, Tevragh Zeina Nouakchott (Contiguë à l’école KHAYAR ; ilot V), Email :Sidi.lab@dpef.mr, Tel+222 45 25 20 63 Ilot V lot B 33 - BP : 5193 ; Téléphone : (222) 45 29 41 88 - Fax (222) 45 29 73 04 Nouakchott-Mauritanie",20250617_175316_Avis_spécifique_de_Passation_de_Marché_v_revisé_-vvy05v6hdm v28-07-25.docx (https://www.isdb.org/project-procurement/sites/pproc/files/2025-07/20250617_175316_Avis_sp%C3%A9cifique_de_Passation_de_March%C3%A9_v_revis%C3%A9_-vvy05v6hdm%20v28-07-25.docx),Sidi.lab@dpef.mr,,,
ISLAMIC FINANCE GRANT TO WAQF DIRECTORATE BOSNIA FOR FEASIBILITY STUDIES - GPN,Closed,General Procurement Notice,Bosnia & Herzegovina,15 September 2025,https://www.isdb.org/project-procurement/tenders/2025/gpn/islamic-finance-grant-waqf-directorate-bosnia-feasibility-studies-gpn,3361,IsDB,,13 August 2025,BIH1012,,vakuf.bih@bih.net.ba,"GENERAL PROCUREMENT NOTICECountry:BOSNIA AND HERZEGOVINAProject Name:ISLAMIC FINANCE GRANT TO WAQF DIRECTORATE BOSNIA FOR FEASIBILITY STUDIESSector:ISLAMIC SOCIAL FINANCEMode of Financing:ISLAMIC FINANCE GRANTFinancing No:BIH1012TheIslamic Development Bank Institutehas approved grant USD 250,000 (United States Dollar Two Hundred Fifty Thousand) financing to provide technical assistance (TA) toward the cost of the “Islamic Finance Grant to Waqf directorate Bosnia for feasibility studies”. It intends to apply part of the proceeds to payments for consulting services to be procured under this project. Waqf Directorate of Islamic Community of Bosnia and Herzegovina will jointly finance this Project.The grant will empower the Islamic Community in Bosnia and Herzegovina (ICBH) by developing and implementing the Digital Hub, a robust and modern Waqf property management system. This initiative aims to replace outdated practices with a cutting-edge digital solution, thereby enhancing the efficiency, transparency, and accessibility of managing these vital cultural, historical, and religious assets. By creating a centralized digital system, the project will streamline the processes for tracking, analyzing, and managing Waqf properties, improving administrative efficiency and supporting more informed decision-making. A key component is a comprehensive database that includes spatial data, maps, and a user-friendly, web-based application, all designed to facilitate better understanding and oversight of each property. Ultimately, this project will contribute significantly to the preservation and effective utilization of Waqf properties for the benefit of the community and future generations.The project will include the following components:Development of Project Conceptual DesignExisting Condition AnalysisDatabase Establishment and Development of Applications for Public and Registered Users, Data ModellingAcquisition of Digital Copies of Survey Plans for the Work Area and Tuzla MuftiateField Data Collection for Each Parcel (by Organizational Units), Processing and Verification of Documentation, and Coordination with Up-To-Date Parcel Documentation in Cadastral OfficesParcel Marking, Parcel Description, Document Scanning, Data Processing & Entry, Entry Verification, and Database UpdatingProcurement of contracts financed by the Islamic Development Bank will be conducted through the procedures specified under the Guidelines for the Procurement of Consultant Services under Islamic Development Bank Project Financing (April 2019, revised in February 2023) and is open to all eligible bidders as defined in the guidelines.Requests for Expressions of Interest for consultancy services will be posted on the IsDB Website and DG Market as they become available.Interested and eligible firms or individuals seeking consideration for these services, or those requiring additional information, should contact the Beneficiary at the address below:Islamic Community in Bosnia and Herzegovina - Waqf DirectorateAddress:Hasiba Brankovića 2A, 71 000 Sarajevo, Bosna i HercegovinaTel:+387 33 200 355      +387 33 206 037Email:vakuf.bih@bih.net.ba",GPN_for_BIH1012.docx (https://www.isdb.org/project-procurement/sites/pproc/files/2025-08/GPN_for_BIH1012.docx),vakuf.bih@bih.net.ba,,,
Islamic Finance Grant to Waqf Directorate Bosnia for Feasibility Studies - REQUEST FOR EXPRESSIONS OF INTEREST,Closed,Expression of Interest,Bosnia & Herzegovina,15 September 2025,https://www.isdb.org/project-procurement/tenders/2025/eoi/islamic-finance-grant-waqf-directorate-bosnia-feasibility-studies-request,3362,IsDB,,13 August 2025,BIH1012,,vakuf.bih@bih.net.ba,"REQUEST FOR EXPRESSIONS OF INTEREST(CONSULTANT SERVICES – SELECTION OF FIRMS)Country:BOSNIA AND HERZEGOVINAProject Name:ISLAMIC FINANCE GRANT TO WAQF DIRECTORATE BOSNIA FOR FEASIBILITY STUDIESSector:ISLAMIC SOCIAL FINANCEMode of Financing:ISLAMIC FINANCE GRANTFinancing No:BIH1012Islamic Community in Bosnia and Herzegovina – Waqf Directorate has requested the Islamic Development Bank (hereinafter the IsDB) to provide technical assistance (TA) toward the cost of the “Islamic Finance Grant to Waqf directorate Bosnia for feasibility studies”. It intends to apply part of the proceeds to payments for consulting services to be procured under this project. Waqf Directorate of Islamic Community of Bosnia and Herzegovina will jointly finance this Project.The Grant aims to empower the Islamic Community in Bosnia and Herzegovina (ICBH) with a robust and modern Waqf property management system by developing and implementing the Digital Hub. This initiative will replace outdated practices with a cutting-edge digital solution that enhances efficiency, transparency, and accessibility in the management of these vital cultural, historical, and religious assets.This transition involves replacing outdated methods with a centralized digital system that ensures secure and easily accessible information on Waqf properties. The project will streamline processes for tracking, analyzing, and managing these assets, thereby improving administrative efficiency and supporting more informed decision-making. A key component of the system will be the creation of a comprehensive database that includes spatial data, such as maps and geographic information, to facilitate better understanding and oversight of each property. Additionally, a user-friendly, web-based application will be developed to provide authorized users with an efficient interface for accessing and managing Waqf property information.This project will ultimately contribute to the preservation and effective utilization of Waqf properties for the benefit of the community and future generations.The draft TOR for the assignment is attached in Annex-1.Waqf Directorate now invites eligible consulting firms (“Consultants”) to indicate their interest in providing the listed services in the draft ToR. Interested Consultants must provide specific information that demonstrates that they are fully qualified to perform the services (availability of appropriate experience and skilful staff confirmed by brochures, description of similar assignments in analogous conditions, etc.) including expertise in developing similar studies.The shortlisting criteria / sub-criteria are:The consultant should demonstrate general experience in providing consultancy services in spatial data management systems, development of web applications, processing and managing large volumes of data, knowledge of property administration in Bosnia and Herzegovina, and the establishment of IT infrastructure for projects of this type, with a minimum of seven (7) years of experience.The company should demonstrate that it possesses the technical and managerial capabilities to successfully carry out the task, through a brief presentation of the company’s management structure and number of full-time employees.The attention of interested Consultants is drawn to Paragraphs, 1.23, and 1.24 of The Guidelines for the procurement of Consultancy Services under lsDB project financing (April 20.19, revised in February 2023) (the “Procurement Guidelines”), setting forth IsDB’s policy on conflict of interest:Guidelines for the Procurement of Consultancy Services under IsDB Project Financing_1.pdfConsultants may associate with other firms to enhance their qualifications but should indicate clearly whether the association is in the form of a joint venture and/or a sub-consultancy. In the case of a joint venture, all the partners in the joint venture shall be jointly and severally liable for the entire contract, if selected.A consultant will be selected in accordance with the Consultant Qualifications Selection/International Shortlist (CQS) method as set out in the Procurement Guidelines.Interested consultants may obtain further information at the address below during office hours; 8:30 to 15:30 hours Sarajevo Local Time.Expressions of interest must be delivered in a written form to the address below (in person, or by mail, or by e-mail) by the date of 15 September 2025.Islamic Community in Bosnia and Herzegovina - Waqf DirectorateAddress:Hasiba Brankovića 2A, 71 000 Sarajevo, Bosna i HercegovinaTel:+387 33 200 355      +387 33 206 037Email:vakuf.bih@bih.net.ba",REOI - BIH1012 -.docx (https://www.isdb.org/project-procurement/sites/pproc/files/2025-08/REOI%20-%20BIH1012%20-.docx) | TOR - BIH1012.docx (https://www.isdb.org/project-procurement/sites/pproc/files/2025-08/TOR%20-%20BIH1012.docx) | Guidelines for the Procurement of Consultancy Services under IsDB Project Financing_1.pdf (https://www.isdb.org/project-procurement/sites/pproc/files/media/documents/Guidelines%20for%20the%20Procurement%20of%20Consultancy%20Services%20under%20IsDB%20Project%20Financing_1.pdf),vakuf.bih@bih.net.ba,,,
IRDP-QCBS-MC-01: Monitoring and Evaluation Consultancy services,Closed,Expression of Interest,Uzbekistan,15 September 2025,https://www.isdb.org/project-procurement/tenders/2025/eoi/irdp-qcbs-mc-01-monitoring-and-evaluation-consultancy-services,3370,IsDB,IsDB Member Country Bidding,25 August 2025,UZB-1038,Integrated Rural Development Project. Phase-II,b.atavullaev@uzrd.uz,"REQUEST FOR EXPRESSIONS OF INTEREST(CONSULTANT SERVICES)IRDP-QCBS-MC-01Republic of UzbekistanCountry: UzbekistanSector:Rural Infrastructure DevelopmentProject:Integrated Rural Development Project. Phase-IIMode of Financing:Installment SaleSource of finance:IsDB Financing: Financial agreement No UZB-1038Package reference: IRDP-QCBS-MC-01: Monitoring and Evaluation Consultancy servicesThe Government of Uzbekistan has received financing from the Islamic Development Bank (IsDB) for financing of the “Integrated Rural Development"" project. The Beneficiary intends to apply part of the proceeds of the financing to payments under the contract for the Monitoring and Evaluation Consultancy services of the Project.The Joint Project Implementation Unit now invites eligible consulting firms (“Consultants”) to indicate their interest in providing the services. Interested Consultants must provide specific information which demonstrates that they are fully qualified to perform the services (brochures, description of similar assignments, experience in similar conditions, availability of appropriate skills among staff, etc.).The consultancy services include:The objective of monitoring and evaluation (M&E) consultancy is to conduct independent monitoring of the project progress, project impacts and the achievements of the Project development objectives: (a) Provide independent and continuous feedback to the PMU on the project's performance and progress in implementation; (b) Monitor and provide feedback on the success in meeting the project objectives, and assess its physical, social, financial/fiscal, and economic impacts; (c) Develop and implement a web-based project monitoring system and to train the concerned parties. The project monitoring system will consist of important information covering the following aspects: Performance monitoring of the community facilitators teams; Progress on development of CDPs, including publication of CDPs; Progress in implementation of physical interventions in the field as compared with the prepared implementation schedule / work schedule by the contractors; Contract performance management (physical and financial progress); monitoring of physical and financial progress of all contracts, including georeferenced visual reports.Monitoring and evaluation (M&E) is an indispensable tool of project management. The acknowledged need to improve the performance of development assistance calls for close attention to the provision of management information, both to support the implementation of projects and programs and to feedback into the design of new initiatives. M&E falls within the Project Management component of the project and it is proposed that it is carried out by a team of international/national consultants, working with M&E specialists of the EmployerHereby the Joint Project Implementation Unit (JPIU) invites eligible consultancy firms from IsDB member countries to express their interest in providing above services. Interested Consultants must provide information demonstrating that they have the necessary qualifications and relevant experience to perform the Services.Selection Methodology and Shortlisting Approach:The selection of consultants will be conducted in accordance with the IsDB Procurement Guidelines, following the procedures specified in the Islamic Development Bank Procurement Regulations for IPF Beneficiaries, using the Quality- and Cost-Based Selection (QCBS) method as outlined in the Project Appraisal Document (PAD) and the approved Project Procurement Plan (PPL).Evaluation criteria include:General experience:At least 5 years of proven experience in Monitoring and Evaluation (M&E)Demonstrated experience working on projects financed by international financial institutions such as IsDB, World Bank, ADB, etc.Prior work in the sectors of rural development, infrastructure, contract management and sustainability.Specific experience in similar environments:Work in the similar sector.Work in a similar environmental, social, geographical context particularly in Central Asia including Uzbekistan or other regions with similar climate.Consultantsmay associate with other firms in the form of a Joint Venture (JV) or a Sub-consultancy to enhance their qualifications. The association must include a signed Joint Venture Agreement or Letter of Intent, clearly indicating the lead firm and the roles and responsibilities of each member. Only the experience of the lead firm and joint venture partners will be considered for shortlisting. Sub-consultants’ experience may be referenced but will not contribute to this stage.The attention of interested Consultants is drawn to 1.12.1 and 1.12.2 paragraphs of the Procurement Policy of the Guidelines for the Procurement of Consultancy Services under Islamic Development Bank Project Financing April 2019 (Revised February 2023), setting forth IsDB’s policy on conflict of interest.Interested consultancy firms may obtain further information at the Joint Project Implementation Unit (JPIU) office from 09.00 to 18.00 hours (GMT +5).“A consultant will be selected in accordance with the Quality- and Cost-Based Selection (QCBS) method set out in the Procurement Guidelines. Type of shortlisting of eligible firms will be from IsDB Member CountriesThe services will be provided for until the end of the project implementation period end of 4th Quarter, 2028 (38 months), 6 calendar months for project grace period for final evaluation report (with a reduced number of personnel). The consulting services contract is expected to start in October 2025.Expressions of interest must be delivered at the address below by 16:00 GMT+5 on 15th of September 2025, and must be marked “Expressions of Interest for Monitoring and Evaluation Consultancy Services of the Project ‘Integrated Rural Development’ Phase-II.” Submissions may also be sent electronically via email to: b.atavullaev@uzrd.uz (for international participants only). Expressions of interest must be in English with Russian translation. In case of any discrepancy between the original and the translated versions, the English version shall prevail.Attn: B.Egamov, JPIU DirectorNiyozbek yo‘li street, 1A, Tashkent city, UzbekistanTel: (99877) 363 37 35Zip Code 100035E-mail: b.atavullaev@uzrd.uzLate submissions will not be accepted. All expressions of interest and supporting documents must be submitted in English.",REOI (eng) IRDP-QCBS-MC-01 UPD.docx (https://www.isdb.org/project-procurement/sites/pproc/files/2025-08/REOI%20%28eng%29%20IRDP-QCBS-MC-01%20UPD.docx),b.atavullaev@uzrd.uz,,,
"Recrutement d’un consultant (cabinet) pour la réalisation, des études APS/APD et la supervision des travaux de réalisation de 32 km de pistes dans les Départements d’Oussouye et Ziguinchor - Attribution du marché",Fermé,Contract Award,Senegal,16 September 2025,https://www.isdb.org/project-procurement/fr/appels-doffres/2024/contract-award/recrutement-dun-consultant-cabinet-pour-la-realisation-des,2876,IsDB,,16 September 2024,SEN 1024,,PPFM@isdb.org,,publication d'attribution de contrat BID.docx (https://www.isdb.org/project-procurement/sites/pproc/files/2024-09/publication%20d%27attribution%20de%20contrat%20BID.docx),PPFM@isdb.org,SAED – Sarl /ECIA/BAIC Sarl,Mali,Bp E 1409 ACI sotuba face au terrain du stade malien de Bamako
"Acquisition, installation d’équipements post-récolte et la formation des utilisateurs, en trois (03) lots distincts",Fermé,Specific Procurement Notice,Guinea,17 September 2025,https://www.isdb.org/project-procurement/fr/appels-doffres/2025/spn/acquisition-installation-dequipements-post-recolte-et-la-formation-des,3355,IsDB,Pays Membre De La BID Soumissionnaire,6 August 2025,GUI / 1013,Projet de Développement des Chaînes de Valeurs Agricoles en Guinée,pdcvaguinee@gmail.com,"AVIS SPÉCIFIQUE DE PASSATION DE MARCHÉNom du pays :République de GuinéeNom du Bénéficiaire :Ministère du Commerce, de l’Industrie et des PMENom du Projet :Projet de Développement des Chaînes de Valeurs Agricoles en GuinéeNuméro d’ordre du Projet : 2-GUI / 1013Mode de Financement : Prêt de la BIDAgence d’Exécution :Unité de Gestion du Projet (UGP)AOI:N°001/MCIPME/PDCVA-G/UGP/ F/2025Intitulé du marché:Acquisition, installation d’équipements post-récolte et la formation des utilisateurs, en trois (03) lots distincts.Le Ministère du Commerce, de l’Industrie et des PME a reçu un financement de la Banque Islamique de Développement (BIsD) afin de couvrir le coût du Projet de Développement des Chaînes de Valeurs Agricoles en Guinée (PDCVA-G) et a l’intention d’utiliser une partie de ce financement pour effectuer des paiements prévus au titre du marché relatif àl’acquisition, l’installation d’équipements post-récolte et la formation des utilisateurs, en trois (03) lots distincts.A cet effet, le Projet de Développement des Chaînes de Valeurs Agricoles en Guinée (PDCVA-G) sollicite des offres sous pli scellé de la part des soumissionnaires éligibles et répondant aux qualifications requises pourfournir, installer des équipements post-récolte et la formation des utilisateurs, en trois (03) lots distinctsdans un délai detrois (03) mois.Lot 1 :Acquisition et installation des équipements de dix (10) magasins de stockage et formation des utilisateurs ;Lot 2: Acquisition des équipements de plateforme de stockage et de conditionnement de Timbi Madina et formation des utilisateurs ;Lot 3: Acquisition et installation d'une (01) unité de transformation de manioc à Kankan et formation des utilisateurs.La procédure d’appel d’offres sera un Appel d’Offres International limité aux pays membres (AOI/PM) tel que défini dans les Directives pour l’acquisition de Biens et Travaux dans le cadre de Projets financés par la Banque Islamique de Développement (BIsD), édition février 2023 ; ouvertes à tous les soumissionnaires de pays éligibles.Les candidats éventuels sont également invités à prendre connaissance des Clauses 1.18 à 1.21 des Directives concernant les règles de la BIsD portant sur les conflits d’intérêt.Les Soumissionnaires intéressés et éligibles peuvent obtenir des informations auprès de la coordination du projet et prendre connaissance des documents d’Appel d’offres à l'adresse mentionnée ci-dessous aux heures d’ouverture de bureaux du lundi au Jeudi de 9 heures à 16 heures GMT et vendredi de 09 heures à 13 heures GMT.Téléphones :(00224) 627 223 035 / 627 441 134Courriels :pdcvaguinee@gmail.com/maloudabid13@gmail.comLe Dossier d’Appel d’offresen langue française peut être acheté par tout soumissionnaire intéressé contreun paiement non remboursabledeuxmillions francs guinéens (2 000000 GNF).La méthode de paiement sera par versement aux comptes bancaires ci-après :50% au compte N° 2011 000 136 « Receveur Central du Trésor » ;30% au compte N° 2011 000 407 de l’ARMP, ouvert à la BCRG ;20% aucompte N° 003 001 0000629312 31 du PDCVA-G,ouvert à la Banque, Société Générale de Guinée (SGG).Le document d’Appel d’offres sera remis aux candidats intéressés, sur présentation des reçus de versement.Les offres devront être remises à l’adresse ci-dessous au plustard le17/09/2025 à09 heures 30 minutes.La soumission des offres par voie électronique« ne sera pasautorisée ». Toute offre arrivée après la date et l’heure limites de remise des offres sera écartée. Les offres seront ouvertes en présence des représentants des soumissionnaires désirant participer à l’adresse mentionnée ci-dessous à10 heures 00 heure locale.Les offres doivent être accompagnées d’une garantie d’offre (caution bancaire) pour un montant de :Lot 1 : quinze millions francs guinéens(15 000 000 GNF) ;Lot 2 : cinquante millions francs guinéens(50 000 000 GNF) ;Lot 3 :quinze millions francs guinéens(15 000 000 GNF).Ou d’un montant équivalent dans une monnaie librement convertible.Les offres doivent être déposées en quatre (04) exemplaires dont un (01) original, trois (03) copies, et une (01) version numérique (clé USB) contenant l’originalede l’offreet portés expressément la mention« A Monsieur le Coordonnateur du Projet de Développement des Chaines de Valeurs Agricoles (PDCVAG)- Réponse à l’Avis Spécifique de Passation de Marché relatif à l’acquisition, l’installation d’équipements post-récolte et la formation des utilisateurs, en trois (03) lots distinctsen faveur du PDCVA-G ».Les adresses auxquelles il est fait référence ci-dessus sont :Projet de Développement des Chaînes de Valeurs Agricoles en Guinée (PDCVA-G), Pays : République de Guinée, ville : Conakry, Quartier : Minière, près du terrain de l’héliport, Commune de Dixinn.",Avis Specifique d'Appel d'Offres _Acquisition Equipements Post Recoltes_ Guinee.pdf (https://www.isdb.org/project-procurement/sites/pproc/files/2025-08/Avis%20Specifique%20d%27Appel%20d%27Offres%20_Acquisition%20Equipements%20Post%20Recoltes_%20Guinee.pdf),"pdcvaguinee@gmail.com, maloudabid13@gmail.com",,,
Islamic Finance Grant for the Development of Islamic Capital Market Products - GPN,Closed,General Procurement Notice,Saudi Arabia,18 September 2025,https://www.isdb.org/project-procurement/tenders/2024/gpn/islamic-finance-grant-development-islamic-capital-market-products-gpn,2879,IsDB,International Competitive Bidding,18 September 2024,,,isdbinstitute@isdb.org,"GENERAL PROCUREMENT NOTICECountry:Saudi ArabiaProject Name:Islamic Finance Grant for the Development of Islamic Capital Market ProductsSector:Islamic Finance Capital Market ProductsMode of Financing:Islamic Finance GrantFinancing No:ZZZ2786TheIslamic Development Bank Institutehas approved grant ID 150,374 (Islamic Dinar One Hundred and Fifty Thousand Three Hundred and Seventy-Four), approximately USD 200,000 (United States Dollar Two Hundred Thousand equivalent) financing to formulate a comprehensive Study on the Regulatory, Legal and Economic Frameworks for the Islamic Capital Market a Designated IsDB Member Country (MC).The project will include the following components:Consulting Firm Services to develop a regulatory, legal and economic frameworks, using Quality & Cost Based Selection (QCBS) method from international shortlist, using a lump Sum form of Contract, and,Individual Consultant/s to carry out the capacity building activities, using the Letter of Invitation and Lump Sum Form of Contract.Procurement of contracts financed by the Islamic Development Bank will be conducted through the procedures specified under the Guidelines for the Procurement of Consultant Services under Islamic Development Bank Project Financing (April 2019, revised in February 2023) and is open to all eligible bidders as defined in the guidelines.Requests for Expression of Interest for contracts for consultancy services will be announced as they become available on the IsDB Website, UNDB Online and DG Market.Interested eligible firms and individuals who would wish to be considered for the provision of consulting services for the above-mentioned project, or those requiring additional information, should contact the Beneficiary at the address below:THE ISLAMIC DEVELOPMENT BANK INSTITUTEAttention:        The Islamic Development Bank InstituteAddress:          8111 King Khalid Street, Al Nuzlah Al Yamania District, Unit no. 1Jeddah 22332-2444, Kingdom of Saudi ArabiaEmail:isdbinstitute@isdb.organdinfo@isdbinstitute.org",GPN_for_ZZZ2786.docx (https://www.isdb.org/project-procurement/sites/pproc/files/2024-09/GPN_for_ZZZ2786.docx),"info@isdbinstitute.org, isdbinstitute@isdb.org",,,
Post-Earthquake Hospitals Reconstruction Project - GPN,Closed,General Procurement Notice,Turkey,19 September 2025,https://www.isdb.org/project-procurement/tenders/2024/gpn/post-earthquake-hospitals-reconstruction-project-gpn,2880,IsDB,International Competitive Bidding,19 September 2024,TUR 1077,,sygm@saglik.gov.tr,"GENERAL PROCUREMENT NOTICECountry: Republic of TürkiyeName of Project:Post-Earthquake Hospitals Reconstruction ProjectSector: Health SectorGENERAL PROCUREMENT NOTICEMode of Financing:Loan and Installment SaleFinancing No.: TUR 1077The Government of Türkiyehas received financing in the amount of USD 120 million(United States Dollar One Hundred and Twenty Million)equivalent from the Islamic Development Bank toward the cost of the Post-Earthquake Hospitals Reconstruction Project, and it intends to apply part of the proceeds to payments for goods, works, related services and consulting services to be procured under this project.The project will include the following componentsCivil and Electromechanical Works: Procurement of civil works for construction of an Emergency Hospital will be undertaken in a manner consistent with the simplified and expedient procedures permitted under the disaster and emergency assistance as per para 3.11 of “IsDB’s Guidelines for Procurement of Goods, Works and Related Services under IsDB Project Financing, April 2019 (Revised February 2023)” through application of National Competitive Bidding (NCB)Procurement of contracts financed by the Islamic Development Bank will be conducted through the procedures as specified in the Guidelines for Procurement of Goods, Works and related services under Islamic Development Bank Project Financing (April 2019, revised February 2023), and is open to all eligible bidders as defined in the guidelines.Consulting services will be selected in accordance with the Guidelines for the Procurement of Consultant Services under Islamic Development Bank Project Financing (February 2023).Specific procurement notices for contracts to be bid under the Islamic Development Bank’s international competitive bidding (ICB) or international competitive bidding – member countries (ICB/MC) procedures and for contracts for consultancy services will be announced, as they become available, inIsDB Websiteand www.https://sygm.saglik.gov.tr/Interested eligible firms and individuals who would wish to be considered for the provision of goods, works and consulting services for the above mentioned project, or those requiring additional information, should contact the Beneficiary at the address below:General Directorate of Health InvestmentAttn: Mr. Rıza UCANT.C. Sağlık Bakanlığı Üniversiteler MahallesiŞehit Mehmet Bayraktar Caddesi No:3 Çankaya/AnkaraPhone: +90 312 458 50 00E-mail:sygm@saglik.gov.trwww.https://sygm.saglik.gov.tr/",TUR1077 - GPN-MoH.docx (https://www.isdb.org/project-procurement/sites/pproc/files/2024-09/TUR1077%20-%20GPN-MoH.docx),sygm@saglik.gov.tr,,,
Consulting services: Project Management Consulting - The Shariah-compliant Affordable Housing Financing Project,Closed,Expression of Interest,Kyrgyz,19 September 2025,https://www.isdb.org/project-procurement/tenders/2025/eoi/consulting-services-project-management-consulting-shariah-compliant-affordable-0,3367,IsDB,IsDB Member Country Bidding,19 August 2025,KGZ-1028,The Shariah-compliant Affordable Housing Financing Project,info@gik.kg,"Submission deadline has been extended till19-September-2025, 15:00 hours Bishkek time (GMT+6)REQUEST FOR EXPRESSIONS OF INTEREST(CONSULTANT SERVICES – SELECTION OF FIRMS)Country: Kyrgyz RepublicName of Project: The Shariah-compliant Affordable Housing Financing ProjectName of Sector: Housing and Urban DevelopmentConsulting services: Project Management ConsultingMode of Financing: Instalment SaleProject Code: KGZ-1028The Kyrgyz Republic has applied for financing from the Islamic Development Bank (IsDB) toward the cost of the Shariah-Compliant Affordable Housing Finance Project and intends to apply part of the proceeds for consulting services to engage a Project Management Consultant (PMC)The services include project management support for the implementation of a large-scale affordable housing development, including coordination of construction and financing components, procurement support, safeguards compliance, stakeholder engagement, and capacity building. The project covers the construction of 1,425 housing units in Sokuluk District through a lease-to-own mechanism under Islamic financing. The PMC will support the State Mortgage Company (SMC) over the estimated 48-month duration of the assignment.The consultant will support the client with implementation planning, procurement of works and goods, oversight of contractors in coordination with the Engineering Technical Consultant (ETC), quality assurance, environmental and social safeguards (in compliance with Kyrgyz national legislation and the IsDB Environmental and Social Framework), financial and technical reporting, and knowledge transfer. The consultant must propose a qualified team and deployment schedule that aligns with the phasing of construction and project milestones.The consulting services will also include the development of a Contract Management Plan (CMP), a Project Implementation Manual (PIM), monitoring of affordability targets, support in the implementation of Shariah-compliant financial products, and submission of structured reports as per IsDB requirements. The assignment is expected to begin in Q4 2025. The assignment also includes preparation and submission of annual monitoring reports for a period of five years following project completion, in accordance with IsDB requirements.The State Mortgage Company of the Kyrgyz Republic now invites eligible consulting firms (“Consultants”) to indicate their interest in providing the services. Interested Consultants must provide information demonstrating that they are qualified to perform the services (brochures, description of similar assignments, experience in similar conditions, availability of appropriate skills among staff, etc.).The shortlisting criteria are:Experience in project management and construction oversight for medium to large-scale residential or housing developments, defined as a minimum of three (3) completed projects over the past ten (10) years, each comprising at least 500 residential units.Proven track record in implementing projects financed by multilateral development banks (MDBs) or other international donors, including experience with housing finance institutions and public agencies.Experience in project implementation support and capacity building for public sector clients.Preferably, regional experience in Central Asia or countries with similar operating environments (refers to implementation in countries with transitional economies, comparable housing finance systems, or similar regulatory and institutional contexts).Preferably, demonstrated experience in projects involving Shariah-compliant financing instruments, supported by references such as signed contracts, advisory mandates, or project documentation confirming the integration of Shariah-compliant structures.Consultants must substantiate their experience by submitting at least three (3) signed contract references and/or certificates of completion for each cited assignment. Only assignments of a similar nature, scale, and complexity will be considered as “similar assignments.Key Experts will not be evaluated at the shortlisting stage.The attention of interested Consultants is drawn to Paragraphs 1.12.1 and 1.12.2 of the Guidelines for Procurement of Consultancy Services under Islamic Development Bank Project Financing, April 2019, revised in February 2023 (the “Procurement Guidelines”), setting forth IsDB’s policy on conflict of interest, available athttps://www.isdb.org/project-procurement/documents.Consultants may associate with other firms to enhance their qualifications but should clearly indicate whether the association is in the form of a joint venture and/or a sub-consultancy. In the case of a joint venture, all the partners in the joint venture shall be jointly and severally liable for the entire contract, if selected. Sub-consultants’ experience may be referenced for informational purposes only, but shall not contribute to the evaluation at the shortlisting stage.A consultant will be selected in accordance with the Quality and Cost-based Selection (QCBS) method through a shortlist of firms from IsDB Member Countries set out in the Procurement Guidelines.Interested consultants may obtain further information and the detailed ToR by email atinfo@gik.kgor the address below during office hours 09:00 to 18:00 hours (Bishkek time).Expressions of interest must be delivered (in person, courier, or e-mail) in English with the subject line: “EOI Project Management Consultant for The Shariah-compliant Affordable Housing Financing Project”No later than 17:00 hours Bishkek time (GMT+6), on 10th of September 2025. Expressions of Interests received after the submission deadline shall not be evaluated.State Mortgage CompanyAttention: Malik Dzhaichibaev1, Chingiz Aitmatov Street, Bishkek, 720002, Kyrgyz RepublicTel:+996(502) 402 262Email:info@gik.kgwith copy tomdjaychibaev@gik.kgWebsite: www.gik.kg",IsDB - PMC Request of Expression of Interest (REOI) 17082025.docx (https://www.isdb.org/project-procurement/sites/pproc/files/2025-08/IsDB%20-%20PMC%20Request%20of%20Expression%20of%20Interest%20%28REOI%29%2017082025.docx) | TOR for PMC FINAL CLEAN Version 110725.docx (https://www.isdb.org/project-procurement/sites/pproc/files/2025-08/TOR%20for%20PMC%20FINAL%20CLEAN%20Version%20110725.docx),"mdjaychibaev@gik.kg, info@gik.kg",,,
Recrutement d’une firme en charge de la supervision des travaux de construction d’un immeuble Waqf de haut standing au centre-ville de Dakar - PUBLICATION DE L'ATTRIBUTION DU MARCHÉ,Fermé,Contract Award,Senegal,23 September 2025,https://www.isdb.org/project-procurement/fr/appels-doffres/2025/contract-award/recrutement-dune-firme-en-charge-de-la-supervision-des-travaux,3321,IsDB,,23 June 2025,SEN 1032,Construction d’un immeuble Waqf de haut standing au centre-ville de Dakar,PPFM@isdb.org,"PUBLICATION DE L'ATTRIBUTION DU MARCHÉ DE RECRUTEMENT D’UNE FIRME EN CHARGE DE LA SUPERVISION DES TRAVAUXDE CONSTRUCTION D’UN IMMEUBLE WAQF DE HAUT STANDINGAU CENTRE-VILLE DE DAKARDate :NOTE D’INFORMATIONDate de Publication:Portail BID et sur dgMarket le 10 novembre 2023 et dans le quotidien national « Le Soleil » N° 16037 en date du 16 novembre 2023.Pays :SénégalAgence D’Exécution :Haute Autorité du WaqfNom du projet :Construction d’un immeuble Waqf de haut standing au centre-ville de DakarNuméro du Mode de financement :SEN 1032 (APIF) ET N° SEN 1053 (FSID)Titre de la manifestation d’intérêt :Recrutement d’une firme en charge de la supervision des travaux de construction d’un immeuble Waqf de haut standing au centre-ville de DakarNuméro de la manifestation d’intérêt :DP C_haw_21/2023Mode de sélection :Avis à Manifestation d’Intérêt Pays Membres BIDPréférence Nationale (Oui ou non) :NonPréférence Pays membres (Oui ou Non) :NonNuméro de la soumission du bénéficiaire :08Date de réception par la Banque du document de projet de demande de propositions :26/02/2024Date d’approbation par la Banque du document de demande de propositions :16/05/2024Date d’émission du document de demande de propositions :05/06/2024Délais de soumission des propositions :35 joursDate d’ouverture des propositions techniques :09/07/2024Date de réception par la banque du rapport d’évaluation des propositions techniques31/07/2024Date d’approbation par la banque du rapport d’évaluation des propositions techniques28/09/2024Date d’ouverture des propositions financières :18/10/2024Date de réception par la banque du rapport d’évaluation combiné20/11/2024Date d’approbation par la banque du rapport d’évaluation combiné18/12/2024Enterprise retenueNom :GROUPEMENT CACO INGENIEURS CONSEILS/CAFEC SANationalité :SénégalaiseAdresse :Fann Résidence, rue Fn10 x Fn11Dakar-SénégalMontant du Contrat :Six cent quatre-vingt-quatre millions neuf cent quatre-vingt-dix mille (684 990 000) TTC dont580 500 000 HT104 490 000 TVADate d’Exécution du Contrat :2025-2028Durée d’Exécution du Contrat :36 moisRésumé de l’objet du Contrat :Supervision des travaux de construction d’un immeuble Waqf de haut standing au centre-ville de Dakar",publication d'attribution supervision.docx (https://www.isdb.org/project-procurement/sites/pproc/files/2025-06/publication%20d%27attribution%20supervision.docx),PPFM@isdb.org,GROUPEMENT CACO INGENIEURS CONSEILS/CAFEC SA,Senegal,"Fann Résidence, rue Fn10 x Fn11Dakar-Sénégal"
Recrutement d’une firme en charge du contrôle technique des travaux de construction d’un immeuble Waqf de haut standing au centre-ville de Dakar - PUBLICATION DE L'ATTRIBUTION DU MARCHÉ,Fermé,Contract Award,Senegal,23 September 2025,https://www.isdb.org/project-procurement/fr/appels-doffres/2025/contract-award/recrutement-dune-firme-en-charge-du-controle-technique-des,3322,IsDB,,23 June 2025,SEN 1032,Projet de construction d’un complexe immobilier Waqf de haut standing au centre-ville de Dakar,PPFM@isdb.org,PUBLICATION DE L'ATTRIBUTION DU MARCHÉ DE RECRUTEMENT D’UNE FIRME EN CHARGE DE LA SUPERVISION DES TRAVAUXDE CONSTRUCTION D’UN IMMEUBLE WAQF DE HAUT STANDINGAU CENTRE-VILLE DE DAKARNOTE D’INFORMATIONDate de Publication :Portail BID et sur dgMarket le 10 novembre 2023 et dans le quotidien national « Le Soleil » N° 16037 en date du 16 novembre 2023.Pays :SénégalAgence D’Exécution :Haute Autorité du WaqfNom du projet :Projet de construction d’un complexe immobilier Waqf de haut standing au centre-ville de DakarNuméro du Mode de financement :SEN 1032 (APIF) ET N° SEN 1053 (FSID)Titre de la manifestation d’intérêt :Recrutement d’une firme en charge du contrôle technique des travaux de construction d’un immeuble Waqf de haut standing au centre-ville de DakarNuméro de la manifestation d’intérêt :DP C_haw_22/2023Mode de sélection :Avis à Manifestation d’Intérêt Pays Membres BIDPréférence Nationale (Oui ou non) :NonPréférence Pays membres (Oui ou Non) :NonNuméro de la soumission du bénéficiaire :04Date de réception par la Banque du document de projet de demande de propositions :26/02/2024Date d’approbation par la Banque du document de demande de propositions :16/05/2024Date d’émission du document de demande de propositions :26/06/2024Délais de soumission des propositions :36 joursDate d’ouverture des propositions techniques :31/07/2024Date de réception par la banque du rapport d’évaluation des propositions techniques30/09/2024Date d’approbation par la banque du rapport d’évaluation des propositions techniques23/12/2024Date d’ouverture des propositions financières :06/01/2025Date de réception par la banque du rapport d’évaluation combiné10/01/2025Date d’approbation par la banque du rapport d’évaluation combiné20/01/2025Enterprise retenueNom :Inspection de Contrôle et de Services (ICOS)Nationalité :SénégalaiseAdresse :Route de l’aéroport en face AuchanDakar-SénégalMontant du Contrat :94 500 000 F CFA Hors TVA17 010 000 TVA111 510 000 F CFA TTCDate d’Exécution du Contrat :2025-2028Durée d’Exécution du Contrat :36 moisRésumé de l’objet du Contrat :Contrôle technique des travaux de construction d’un immeuble Waqf de haut standing au centre-ville de DakarLe Coordonnateur de la Cellule de passation des marchés.,publication d'attribution contole technique travaux.docx (https://www.isdb.org/project-procurement/sites/pproc/files/2025-06/publication%20d%27attribution%20contole%20technique%20travaux.docx),PPFM@isdb.org,Inspection de Contrôle et de Services (ICOS),Senegal,Route de l’aéroport en face AuchanDakar-Sénégal
Sélection d’une Entreprise pour l’exécution des Travaux du Lot 1 (Labé-Sarékaly : 38 Km) de la Route Labé-Mali - PUBLICATION DE L'ATTRIBUTION DES MARCHÉS,Fermé,Contract Award,Guinea,24 September 2025,https://www.isdb.org/project-procurement/fr/appels-doffres/2024/contract-award/selection-dune-entreprise-pour-lexecution-des-travaux-du-lot-1,2882,IsDB,Enchères Concurrentielles Internationales,24 September 2024,GIN 1019,Projet de Construction de la Route Labé-Mali (107 Km),PPFM@isdb.org,,Avis Publication du Marché signé par DNI (Travaux Lot 1 - GIN1019).pdf (https://www.isdb.org/project-procurement/sites/pproc/files/2024-09/Avis%20Publication%20du%20March%C3%A9%20sign%C3%A9%20par%20DNI%20%28Travaux%20Lot%201%20-%20GIN1019%29.pdf),PPFM@isdb.org,China Road and Bridge Corporation (CRBC),China,"Siège en Chine : C88 Andingmenwai Dajie, Beijing, ChineSiège en Guinée : Landréah Building, Commune de Dixinn, Conakry, République de Guinée"
BCC2025-051 - Waqf Fund Financial Sustainability Model and Associated Deliverables,Closed,Expression of Interest,Saudi Arabia,25 September 2025,https://www.isdb.org/project-procurement/tenders/2025/eoi/bcc2025-051-waqf-fund-financial-sustainability-model-and-associated-deliverables,3371,IsDB,,28 August 2025,,,3335aa02.isdb.org@emea.teams.ms,"Submission deadline has been extended till 25 September 2025Invitation for Expression of Interest (IEOI – Individual ConsultantWaqf Fund Financial Sustainability Model and Associated Deliverables1. The Islamic Development Bank (IsDB) has approved an administrative budget for financing consulting services (the Services) for the above project. The Terms of Reference (TOR) of the Services is in Appendix A. The Services will be provided by consulting firm. IsDB will select and engage the Consultant in accordance with the IsDB Corporate Procurement Policy (Policy).2. IsDB now invites Expression of Interest (EOI) from potential individual applicants for consideration by IsDB in determining a shortlist of candidates to be invited to submit proposals. Depending on the number of the EOIs received and the qualifications of the applicants, IsDB may or may not short list all potentials who have submitted EOIs.3. Applicants who wish to submit an EOI should complete the EOI Form in Appendix B and submit it through IsDB’s online IEOI facility or by email, fax or courier to the following authorized representative of IsDB:Consultant Selection PanelIslamic Development BankEmail: Designated email addressAppendix A: Terms of Reference (Attached)Appendix B: EOI Form (Attached)EOI Submission for the assignment :Important Consultant instruction: It is essential for all consultants to adhere to the designated email address provided below for any questions, queries, and proposal submissions. Emails sent to any other address listed below may not be acknowledged or considered as a submission from the consultant.Deadline for EOI/Proposal Submission: 11 September 2025Contact for Clarification Email: General - BCC2025-051 Waqf Fund Financial Sustainability Model and Associated Deliverables 3335aa02.isdb.org@emea.teams.msExpression of Interest Submission Email: EOI Submission - BCC2025-051 Waqf Fund Financial Sustainability Model and Associated Deliverables 3335aa02.isdb.org@emea.teams.ms",ToR_Waqf Fund Financial Sustainability Model and Associated.pdf (https://www.isdb.org/project-procurement/sites/pproc/files/2025-08/ToR_Waqf%20Fund%20Financial%20Sustainability%20Model%20and%20Associated.pdf),3335aa02.isdb.org@emea.teams.ms,,,
BCC2025-052 Consultancy Services for the Development of Guidelines for Country Engagement and Sector/Thematic Evaluations,Closed,Expression of Interest,Saudi Arabia,25 September 2025,https://www.isdb.org/project-procurement/tenders/2025/eoi/bcc2025-052-consultancy-services-development-guidelines-country-engagement-and,3377,IsDB,,1 September 2025,,,4fff3869.isdb.org@emea.teams.ms,"Note:The submission deadline has been extended to 25 September 2025 at 12:00 PM (KSA time)Invitation for Expression of InterestBCC2025-052 Consultancy Services for the Development of Guidelines for Country Engagement and Sector/Thematic Evaluations1. The Islamic Development Bank (IsDB) has approved an administrative budget for financing consulting services (the Services) for the above project. The Terms of Reference (TOR) of the Services is in Appendix A. The Services will be provided by consulting firm. IsDB will select and engage the Consultant in accordance with the IsDB Corporate Procurement Policy (Policy).2. IsDB now invites Expression of Interest (EOI) from potential individual applicants for consideration by IsDB in determining a shortlist of candidates to be invited to submit proposals. Depending on the number of the EOIs received and the qualifications of the applicants, IsDB may or may not short list all potentials who have submitted EOIs.3. Applicants who wish to submit an EOI should complete the EOI Form in Appendix B and submit it through IsDB’s online IEOI facility or by email, fax or courier to the following authorized representative of IsDB:Consultant Selection PanelIslamic Development BankEmail: Designated email addressAppendix A: Terms of Reference (Attached)Appendix B: EOI Form (Attached)Interested candidates are requested to submit their Expression of Interest (EOI) through the IsDB Procurement System using the email provided in the consultancy announcement. Template and instructions for submitting the EOI will be provided in the invitation for Expression of Interest (EOI).Individual Consultants must submit their proposals/EOI to the designated email address provided below:• Proposal/EOI Submission: 4fff3869.isdb.org@emea.teams.ms• Clarifications: bfa84661.isdb.org@emea.teams.msContract Type:Individual ConsultantProcurement Method:CQSLast Date for Queries and Clarification:07th September 2025Date of Submission of the Proposal/EOI:14th September 2025",BCC2025-052 Consultancy Services for the Development of Guidelines for Country Engagement and Sector_Thematic Evaluations.pdf (https://www.isdb.org/project-procurement/sites/pproc/files/2025-09/BCC2025-052%20Consultancy%20Services%20for%20the%20Development%20of%20Guidelines%20for%20Country%20Engagement%20and%20Sector_Thematic%20Evaluations.pdf),"bfa84661.isdb.org@emea.teams.ms, 4fff3869.isdb.org@emea.teams.ms",,,
Capacity Building Project for the Moroccan Ministry of Awqaf and Islamic Affairs - GPN,Closed,General Procurement Notice,Morocco,27 September 2025,https://www.isdb.org/project-procurement/tenders/2024/gpn/capacity-building-project-moroccan-ministry-awqaf-and-islamic-affairs-gpn,2884,IsDB,International Competitive Bidding,27 September 2024,MAR1074,,abdelhadirezziki@mhai.gov.ma,"GENERAL PROCUREMENT NOTICECountry:MoroccoProject Name:CAPACITY BULIDING PROJECT FOR THE MOROCCAN MINISTRY OF AWQAF AND ISLAMIC AFFAIRSSector:ISLAMIC BANKING / ISLAMIC FINANCEMode of Financing:ISLAMIC FINANCE GRANTFinancing No:MAR1074Directorate of Awqaf, Morocco (DAM) under the ministry of Awqaf and Islamic Affairs has received financingin the amount of ID 187,970 (Islamic Dinar One Hundred and Eighty-Seven Thousand Nine Hundred and Seventy), approximately USD 250,000 (United States Dollar Two Hundred and Fifty Thousand equivalent) from the Islamic Development Bank toward the cost of the “Islamic Finance Grant Program for Awqaf Capacity Building”, and it intends to apply part of the proceeds to payments for consulting services to be procured under this project. The Directorate of Awqaf, Morocco (DAM) will jointly finance this Project.Morocco's Awqaf sector holds significant potential for inclusive economic growth. This capacity building program aims to improve the sector of Awqaf in Morocco by enabling and upgrading the Directorate of Awqaf, Morocco (DAM).The Project will include the following components:Component A - Consultancy Services:Adopt advanced IT systems in Awqaf to enable the automation of various administrative tasks and optimize the management and investment of Awqaf properties. The selection method for this Consultancy Services will be based on the Consultant’s Qualification Selection (CQS) method using international shortlisted firmsComponent B - Consultancy Services: Capacity Building Programs:Capacity-building activities for the staff of the Directorate of Awqaf and Awqaf personnel and other stakeholders across the country. This activity will be procured based on the individual consultant /international shortlist selection method.Component C - Familiarization:Visiting Member Countries with advanced experience in the management and investment of Awqaf properties to learn from their experienceConsulting services financed by the Islamic Development Bank under the subject grant will be selected in accordance with the Guidelines for the Procurement of Consultancy Services under Islamic Development Bank Project Financing (April 2019, revised in February 2023) and is open to all eligible bidders as defined in the guidelines.Requests for Expression of Interest for contracts for consultancy services will be announced as they become available onIsDB Website, UNDB Online and/or DG Market as well as the Directorate of Awqaf, Morocco (DAM)  website (https://www.habous.gov.ma/) and the Moroccan Public Procurement Portal.Interested eligible firms who would wish to be considered for the provision consulting services for the Project mentioned above, or those requiring additional information, should contact the Beneficiary at the address below:Directorate of Awqaf, Morocco DAMAddress:Méchouar Saiid- Rabat MarocTel:(212) 05.37.76.39.38Email:abdelhadirezziki@mhai.gov.maabdelhadirezziki1976@gmail.com",GPN_MAR1074_FINAL.docx (https://www.isdb.org/project-procurement/sites/pproc/files/2024-09/GPN_MAR1074_FINAL.docx),"abdelhadirezziki@mhai.gov.ma, abdelhadirezziki1976@gmail.com",,,
Assistance technique pour développer le cadre légal et réglementaire des SUKUK en Algérie et accompagner le Ministère des Finances dans le lancement de la première émission de Sukuk souverain - GPN,Fermé,General Procurement Notice,Algeria,27 September 2025,https://www.isdb.org/project-procurement/fr/appels-doffres/2024/gpn/assistance-technique-pour-developper-le-cadre-legal-et-reglementaire-des,2885,IsDB,Enchères Concurrentielles Internationales,27 September 2024,DZA1004,,razika.megateli@mf.gov.dz,"AVIS GENERAL DE PASSATION DES MARCHESAssistance technique pour développer le cadre légal et réglementaire des SUKUK en Algérie et accompagner le Ministère des Finances dans le lancement de la première émission de Sukuk souverain.PAYS :ALGERIEPROJET :Assistance technique pour développer le cadre légal et réglementaire des SUKUK en Algérie et accompagner le Ministère des Finances dans le lancement de la première émission de Sukuk souverain.SECTEUR :FinanceSERVICES DE CONSULTANTSMode de financement :SubventionN° de Financement :DZA1004LaRépublique Algérienne Démocratique et Populaire,à travers le Ministère des Finances, a obtenu un financement d’un  montant de Deux cent cinquante mille dollars américains(250.000 USD)sous la forme desubventionde la Banque Islamique de Développement pour financer le projet d’Assistance technique pour développer le cadre légal et réglementaire des SUKUK en Algérie et accompagner le Ministère des Finances dans le lancement de la première émission de Sukuk souverainet a l’intention d’utiliser ce financement pour effectuer des paiements pour l’acquisition de services de consultants nécessaires dans le cadre de ce projet.L'objectif global du projet  est la mise en place du cadre légal, réglementaire et de supervision de Sukuk en Algérie. L’objectif spécifique consiste à créer un environnement propice à la croissance et au développement des opérations de l'industrie financière islamique en Algérie.Le projet comprend une composante incluant des services de consultants pour l’élaboration du cadre légal et réglementaire des SUKUK en Algérie et l’accompagnement du Ministère des Finances dans le lancement de la première émission de Sukuk souverain. Il s’agit notamment de :L’évaluation du cadre juridique  existant de Sukuk.La structuration des Sukuk,L’identification des projets/actifs éligibles à la titrisation sharia compliance;L’accompagnement au lancement du premier Sukuk Souverain ;Le renforcement des capacités des parties prenantes.La sélection du cabinet des consultants  qui seront en charge de la mise en place de cette composante se ferasur la base d’une liste restreinte internationale, conformément aux procédures de la BID,selon  la méthodefondée sur les Qualifications des Consultants/liste internationalestipulée dans lesDirectives.Les acquisitions de services de consultants financées par la Banque Islamique de Développement seront effectuées conformément aux Directives pour l’acquisition de Services de Consultants dans le cadre des Projets financés par la Banque Islamique de Développement (édition courante) et sont ouvertes à tous les soumissionnaires éligibles, tels que définis dans ces Directives.Les appels à manifestations d’intérêt pour les services de consultants seront publiés au fur et à mesure qu’ils seront disponibles, sur le site internet de la BIsD, sur le portail Development Business de l’ONU (UNDB Online) ou sur DgMarket, sur le site «https://www.mf.gov.dz» et sur le  quotidien national « El Moudjahid ».Les candidats intéressés et éligibles, qui souhaitent être considérés pour la fourniture de services de consultants pour le projet, ou qui désirent obtenir des informations additionnelles, sont invités à contacter le Ministère des Finances à l’adresse ci-dessous aux heures d’ouverture de bureaux indiquées : 08 h:00 à 13 h :00 et 14h:00 à 17h:00, heure locale (du Dimanche a jeudi).Ministère des FinancesMme MEGATELI Razika, Directrice de la dette publique.Adresse :Bureau d’ordre de Direction Générale du Trésor et de la Comptabilité, Ministère des Finances, immeuble Ahmed Francis, Cité Malki Ben Aknoun-Alger- 7ème étage  -Zone D.Tel:+213 21 59 53 80 / +213 771 73 91 51Email:razika.megateli@mf.gov.dzCourriel:projet-sukuk-takaful@mf.gov.dzSite Internet:https://www.mf.gov.dz",AGPM 24 09 2024 à publier sur le Site Internet.docx (https://www.isdb.org/project-procurement/sites/pproc/files/2024-09/AGPM%2024%2009%202024%20%C3%A0%20publier%20sur%20le%20Site%20Internet.docx),"razika.megateli@mf.gov.dz, projet-sukuk-takaful@mf.gov.dz",,,
"Suusamyr-Talas-Taraz Road Reconstruction Project, Phase IV  - Prequalified Applicants",Closed,Pre-Qualification,Kyrgyz,29 September 2025,https://www.isdb.org/project-procurement/tenders/2024/pqn/suusamyr-talas-taraz-road-reconstruction-project-phase-iv-prequalified-applicants,2909,IsDB,,29 September 2024,KGZ-1027,,PPFM@isdb.org,,PROCUREMENT NOTICE_RESULT OF PREQUALIFICATION.docx (https://www.isdb.org/project-procurement/sites/pproc/files/2024-09/PROCUREMENT%20NOTICE_RESULT%20OF%20PREQUALIFICATION.docx),PPFM@isdb.org,,,
Procurement of Plant Design Supply and Installation for Underground Cable Laying (Lot 3),Closed,Specific Procurement Notice,Suriname,29 September 2025,https://www.isdb.org/project-procurement/tenders/2025/spn/procurement-plant-design-supply-and-installation-underground-cable-laying-lot-3,3319,IsDB,International Competitive Bidding,19 June 2025,,Expansion of Transmission and Distribution Systems Project,isdb.projects@ebs.sr,"Specific ProcurementNoticeSURINAMEEXPANSIONOFTRANSMISSIONANDDISTRIBUTIONSYSTEMSPROJECTENERGY SECTORPROCUREMENTOFWORKSModeofFinancing:InstalmentSaleContract Title:Procurement of Plant Design Supply and Installation for Underground Cable Laying (Lot 3)NCBReferenceNo.ISDB-003TheRepublicofSurinamehasreceivedfinancingintheamountofUSD105,695,000.00(One Hundred Five Million and Six Hundred Ninety Five Thousand United States Dollar)from the Islamic Development Bank (IsDB) Group and the Saudi Fund for Development (SFD)towardthecostoftheExpansionofTransmissionandDistributionSystems,andintendstoapplypart of the proceeds toward payments under the contract forProcurement of Plant Design Supply and Installation for Underground Cable Laying (Lot 3).TheNVEnergiebedrijvenSurinamenowinvitessealedbidsfromeligiblebiddersforthefollowing underground cable system connections:161 kV double circuit Underground cable system Substation R - Substation D2 (will have approximately a length of 10 km)110 kV double circuit Underground cable system Substation D2 - Substation RW (approximate length of 8 km)110 kV double circuit Underground cable system Substation J - Substation A5(approximate length of 2 km)Detail information is provided in the biddingdocuments.Bidding will be conducted throughthe International Competitive Bidding (ICB)procedures as specified in IsDB’sGuidelines: Procurement of Goods, Works and relatedservices under Islamic Development Bank Project FinancingSeptember 2018(“Procurement Guidelines”), and is open to all eligible bidders as defined in the Procurement Guidelines. In addition, please refer to paragraphs 1.18 -21 setting forth IsDB’s policy on conflict of interest.Interestedeligiblebiddersmayobtainfurtherinformationat theaddress givenbelow.AcompletesetofbiddingdocumentsinEnglishmaybepurchasedbyinterestedeligiblebidders upon the submission of a written application to the address below and upon payment ofanonrefundablefeeofUSD500.00.Themethodofpaymentwillbedirectdeposittoaspecifiedaccount number which will be shared after we have received the written application. The documents will be distributed by email.Bids must be delivered to the address belowNoorderkerkstraat 2-14 – Head Office EBSbeforeMonday 29th of September 2025 - 10.00am Local Time.Electronic biddingwill notbepermitted.Latebidswillberejected.Bidswillbepubliclyopenedinthepresenceofthebidders’designated representatives and anyone who choose to attend at the address belowNoorderkerkstraat 2-14– Head OfficeEBSonMonday29thofSeptember 2025at10.15am LocalTime.AllbidsmustbeaccompaniedbyaBidSecurityofUSD310,000.00(ThreeHundredandTen Thousand United States Dollar).The address referred to aboveis:NVEnergiebedrijvenSurinameProject Executing Unit (PEU)Attention:Ms.RajshreePatandin–ProcurementSpecialistAddress: Noorderkerkstraat 2 – 14Paramaribo–Suriname–SouthAmericaTel: +597 – 471045 ext. 9104Email:isdb.projects@ebs.sr",IsDB_SPN_Lot3_Underground_Transmission_Lines_Final.pdf (https://www.isdb.org/project-procurement/sites/pproc/files/2025-06/IsDB_SPN_Lot3_Underground_Transmission_Lines_Final.pdf),isdb.projects@ebs.sr,,,
"Selection de consultants pour le contrôle et la surveillance des travaux de construction de l’autoroute timorokaha-kanawolo (30,8 km), Mission 2",Fermé,Expression of Interest,Cote D'Ivoire,30 September 2025,https://www.isdb.org/project-procurement/fr/appels-doffres/2025/eoi/selection-de-consultants-pour-le-controle-et-la-surveillance-des-travaux-de,3375,IsDB,Pays Membre De La BID Soumissionnaire,31 August 2025,CIV-1035,"Projet de Construction de L’Autoroute Darakokaha-Kanawolo-Tafire : Section Timorokaha-Kanawolo-Tafire (63,8 Km) En Cote d’Ivoire",siouattara@ageroute.ci,"AVIS À MANIFESTATION D’INTÉRÊTAMI N° S175/2025PORTANT SUR LA selection de consultants pour le contrôle et la surveillance des travaux de construction de l’autoroutetimorokaha-kanawolo (30,8 km), mission 2Cetavis fait suite à l’Avis Général de Passation des Marchés (AGPM) relatif à ce projet publié sur les sitesDG MarketetBIDle 27 avril 2025 ainsi que dans le journal officiel des Marchés Publics n°1822 du 12 avril 2025 et lejournal de grand tirage Fraternité Matindu 29 avril 2025.Le Gouvernement de la République de Côte d’Ivoire a obtenu un financement de la Banque Islamique de Développement afin de couvrir le coût du Projet de construction de l’autoroute Darakokaha-Kanawolo-Tafire : Section Timorokaha-Kanawolo-Tafire (63,8 Km) en Côte D’ivoireMission 2: Timorokaha-Kanawolo (30,8 Km)et a l’intention d’utiliser une partie des sommes accordées pour financer des services de consultantpourlecontrôle et la surveillance du lot 2 des travaux deconstruction de l’autorouteTimorokaha-Kanawolo (30,8 km).Les services comprennent :Le suivi technique, administratif et financier de l’exécution des travaux ;L’analyse des plans d’exécution et des notes de calcul ou d’éventuelles études d’exécution ;Le contrôle de la qualité des travaux et des quantités mises en œuvre conformément aux prescriptions techniques ;L’appui et le suivi de la mise en œuvre des mesures environnementales et sociales. Les consultants s’assureront de la conformité du projet avec les normes de sécurité routière établies, apporteront une attention particulière au système de drainage des routes et se chargeront également de la rédaction des rapports d’avancement.Le consultant aura en charge les études APD des aménagements connexes (construction de salles de classes, construction de marchés, forages d'eau potable, etc…) ainsi que le suivi et le contrôle des travaux y afférents.Les prestations en une (1) mission de services de consultants seront réalisées à partir de Mars 2026 sur une période de trente-deux (32) mois.Les Termes de Référence (TdR) détaillés de la mission sont disponibles à l’adresse mentionnée au paragraphe 8.L’Agence de Gestion des Routes (AGEROUTE) agissant au nom du Ministère de l’Equipement et de l’Entretien Routier Maitre d’Ouvrage du projet,invite les bureaux de Consultants éligibles à manifester leur intérêt en vue de fournir les services ci-dessus.Les Consultants intéressés doivent fournir des renseignements spécifiques démontrant qu’ils sont pleinement qualifiés pour réaliser les prestations (documentation, référence de prestations similaires, expérience dans des conditions comparables, disponibilité de compétences adéquates parmi leur personnel, etc.).Les critères d’établissement de la liste restreinte sont :Le processus d’évaluation des offres se fera suivant les critères détaillés à l’aide de sous critères décrits aux propositions ci-dessus. Ce processus d’évaluation est résumé comme suit :Domaine principal d’activités du candidat : Oui/NonLe domaine d’activité du consultant est accepté lorsqu’il couvre les services de consultant dans le domaine du génie civil.Nombre d’années d’expérience du candidat : Oui/NonLe consultant devra avoir au moinsdix (10) annéesd’expérience générale dans le domaine des études et du contrôle des travaux d’infrastructures de transport.Qualifications du candidat dans le domaine des prestations : Oui/NonLes expériences concernées sont les suivantes :Etudes techniques d’APD de projet de construction de routes neuves en enrobés chaud d’un linéaire minimum de 25 km au cours des dix dernières années(2015 à 2024)avec un minimumde03 expériences dont 01 expérience en Afrique subsaharienne (Oui/Non) ;Suivi et contrôle des travaux de construction ou d’aménagementd’autoroute en 2x2 voiesd’au moins 20 km en enrobés chaud au cours des dix dernières années(2015 à 2024)avec un minimum de03 expériences dont 01 expérience en Afrique subsaharienne (Oui/Non) ;Suivi et contrôle des travaux de construction d’ouvrages d’artd’au moins 50 ml de longau cours des dix (10) dernières années(2015 à 2024)avec un minimum de03 expériences (Oui/Non).Organisation technique et managériale du cabinet : Oui/NonPrésence d’organigramme :Oui/Non;Liste du personnel du candidat :Oui/Non;NB : Cette mission fait partie d’un projet de deux (2) missions qui sont naturellement liées entre elles compte tenu de leur démarrage simultané. Il s’agit des missions suivantes :Mission M2 :Contrôle et la surveillance des travaux de construction de l’autoroute Darakokaha-Kanawolo-Tafire (96,3 Km) en Côte D’ivoireMission 2 : Timorokaha-Kanawolo (30,8 km)(Avis à Manifestation d’Intérêt N°S 175 /2025) ;Mission M3 :Contrôle et la surveillance des travaux de construction de l’autoroute Darakokaha-Kanawolo-Tafire (96,3 Km) en Côte D’ivoireMission 3 : Kanawolo-Tafiré (33 km)(Avis à Manifestation d’Intérêt N°S 176 /2025).Par conséquent, tout consultant souhaitant être retenu pour les deux (2) missions est tenu de produire un acte d’engagement par lequel il s’oblige à constituer et déployer des équipes distinctes et entièrement indépendantes pour l’exécution de chacune des missions.NB :Chaque référence sera résumée sur une fiche de projet avec indication du montant et ne sera prise en compte que si le candidat y joint les justificatifs (attestation de bonne exécution ou certificats de service fait délivrés par les Maîtres d’Ouvrage ou Maîtres d’Ouvrage Délégué).Dans le cas d’un groupement, les critèresa et ds’appliquent à chaque membre du groupement.Si un membre du groupement ne respecte pas l’un des critères a ou d, le groupement sera rejeté.Deux listes restreintes distinctes seront établies, suivant le classement des soumissionnaires sur la base du processus d’évaluation. Les listes restreintes seront constituées chacune de cinq (05) à six (06) firmes appartenant aux pays membres et qui satisfont aux critères énumérés ci-dessus, tout en favorisant une meilleure concurrence.Une firme peut être présélectionnée sur les deux missions.Les Personnels-clés ne feront pas l’objet d’évaluation au stade de l’établissement de la liste retreinte.NB : En cas d’égalité, le candidat ayant la valeur cumulée la plus élevée des montants des références de suivi et contrôle des travaux d’autoroute sera retenu.LesConsultantsintéressés sont invités à prendre connaissance des Clauses 1.23 et 1.24 des Directives sur l’acquisition des Services de Consultants dans le cadre des Projets financés par la Banque Islamique de Développement (les « Directives ») définissant les règles de la BIsD concernant les conflits d’intérêt.Les Consultants peuvent s’associer avec d’autres firmes afin de renforcer leurs qualifications en indiquant clairement le type d’association, c’est-à-dire un groupement de consultants, ou une intention de sous-traitance. Dans le cas de groupement, tous les partenaires du groupement seront conjointement et solidairement responsables pour la totalité du contrat, en cas d’attribution.Le nombre de consultant par groupement ne dépassera pas trois (3).La sélection limitée aux consultants des Pays Membres de la BIsD se fera en conformité avec la méthode de Sélection Fondée sur la Qualité et le Coût (SFQC/PM) stipulée dans les Directives.Les Manifestations d’Intérêts rédigées en langue française doivent contenir les documents ci-dessous :La lettre de manifestation d’intérêt signée par le soumissionnaire ou le groupement de soumissionnaires ;une copie de l’accord de groupement ou la lettre d’intention de constituer un groupement dans l’hypothèse où sa proposition serait retenue, signée par tous ses membres et accompagnée d’une copie de l’accord de groupement proposé ;Une copie du Registre de Commerce et de Crédit Mobilier (RCCM) ou tout autre document équivalent pour les entreprises étrangères ;Une attestation de non faillite pour les entreprises étrangères datant de moins de six (6) mois à la date limite de dépôt des offres ;La présentation du candidat (son existence légale, organisme, personnel) ;Les références pertinentes relatives à l’exécution de missions similaires (fiche projets ou Attestations de bonne exécution) ;NB 1 : « Ne sont admis à participer à la procédure de passation du marché public que les candidats qui sont à jour de la redevance de régulation. Le quitus de non redevance délivré par l'Autorité de Régulation de la Commande Publique (ARCOP) en est une preuve ».En cas de non production du quitus de non redevance par un candidat, le marché ne peut lui être attribué que s’il est établi par l’ARCOP qu’il est à jour, à la date limite de réception des offres, de la redevance de régulation sur l’ensemble des marchés qui lui ont été attribués.Les consultants intéressés peuvent obtenir des informations additionnelles à l'adresse mentionnée ci-dessous aux heures d’ouverture de bureaux indiquées :08h:00 à 17h:00, heure locale.Les manifestations d'intérêt sous forme écrite(5 exemplaires dont un (1) original et quatre (4) copies)y compris une version numérique sur clé USBdoivent être déposées (en personne ou par courrier–Aucune transmission électronique des manifestations d’intérêt ne sera acceptée) à l'adresse mentionnée ci-dessous au plus tardle mardi 30 septembre 2025.à 9 heures 30 minutes, heure locale :AGEROUTEUNITE DE GESTION DES PROJETS DE LA BANQUE ISLAMIQUE DE DEVELOPEMENT (UGPBID)Siseà Angré Djorogobité route du CHU, lot 3058, ilot 276TEL : (225) /05 05 96 97 57/ 07 49 12 98 90Adresse électronique :siouattara@ageroute.cicopie :lameite@ageroute.ci,vaedoukou@ageroute.ciPersonne à contacter :M. OUATTARA Allahmadogo Siriki, Coordonnateur du projet",AMI CONTROLE- Mission 2 - Section Timorokaha-Kanawolo_25 04 2025.pdf (https://www.isdb.org/project-procurement/sites/pproc/files/2025-08/AMI%20CONTROLE-%20Mission%202%20-%20Section%20Timorokaha-Kanawolo_25%2004%202025.pdf),"siouattara@ageroute.ci, lameite@ageroute.ci, vaedoukou@ageroute.ci",,,
"Selection de consultants pour le contrôle et la surveillance des travaux de construction de l’autoroute kanawolo- tafire (33 km), Mission 3",Fermé,Expression of Interest,Cote D'Ivoire,30 September 2025,https://www.isdb.org/project-procurement/fr/appels-doffres/2025/eoi/selection-de-consultants-pour-le-controle-et-la-surveillance-des-travaux-0,3376,IsDB,Pays Membre De La BID Soumissionnaire,31 August 2025,CIV-1035,"Projet de Construction de L’Autoroute Darakokaha-Kanawolo-Tafire : Section Timorokaha-Kanawolo-Tafire (63,8 Km) En Cote d’Ivoire",siouattara@ageroute.ci,"AVIS À MANIFESTATION D’INTÉRÊTAMI N° S176/2025PORTANT SUR LA SELECTION DE CONSULTANTS POUR LE CONTRÔLE ET LA SURVEILLANCE DES TRAVAUX DE CONSTRUCTION DE L’AUTOROUTEKANAWOLO- TAFIRE (33 km), MISSION 3Cetavis fait suite à l’Avis Général de Passation des Marchés (AGPM) relatif à ce projet publié sur les sitesDG MarketetBIDle 27 avril 2025 ainsi que dans le journal officiel des Marchés Publics n°1822 du 12 avril 2025 et lejournal de grand tirage Fraternité Matindu 29 avril 2025.Le Gouvernement de la République de Côte d’Ivoire a obtenu un financement de la Banque Islamique de Développement afin de couvrir le coût du Projet de construction de l’autoroute Darakokaha-Kanawolo-Tafire : Section Timorokaha-Kanawolo-Tafire (63,8 Km) En Côte D’ivoireMission 3: Kanawolo-Tafiré (33 Km)et a l’intention d’utiliser une partie des sommes accordées pour financer des services de consultantpourlecontrôle et la surveillance du lot 3 des travaux deconstruction de l’autorouteKanawolo-Tafiré (33 km).Les services comprennent :Le suivi technique, administratif et financier de l’exécution des travaux ;L’analyse des plans d’exécution et des notes de calcul ou d’éventuelles études d’exécution ;Le contrôle de la qualité des travaux et des quantités mises en œuvre conformément aux prescriptions techniques ;L’appui et le suivi de la mise en œuvre des mesures environnementales et sociales. Les consultants s’assureront de la conformité du projet avec les normes de sécurité routière établies, apporteront une attention particulière au système de drainage des routes et se chargeront également de la rédaction des rapports d’avancement.Le consultant aura en charge les études APD des aménagements connexes (construction de salles de classes, construction de marchés, forages d'eau potable) ainsi que le suivi et le contrôle des travaux y afférents.Les prestations en une (1) mission de services de consultants seront réalisées à partir de Mars 2026 sur une période de trente-deux (32) mois.Les Termes de Référence (TdR) détaillés de la mission sont disponibles à l’adresse mentionnée au paragraphe 8.L’Agence de Gestion des Routes (AGEROUTE) agissant au nom du Ministère de l’Equipement et de l’Entretien Routier Maitre d’Ouvrage du projet,invite les bureaux de Consultants éligibles à manifester leur intérêt en vue de fournir les services ci-dessus.Les Consultants intéressés doivent fournir des renseignements spécifiques démontrant qu’ils sont pleinement qualifiés pour réaliser les prestations (documentation, référence de prestations similaires, expérience dans des conditions comparables, disponibilité de compétences adéquates parmi leur personnel, etc.).Les critères d’établissement de la liste restreinte sont :Le processus d’évaluation des offres se fera suivant les critères détaillés à l’aide de sous critères décrits aux propositions ci-dessus. Ce processus d’évaluation est résumé comme suit :Domaine principal d’activités du candidat : Oui/NonLe domaine d’activité du consultant est accepté lorsqu’il couvre les services de consultant dans le domaine du génie civil.Nombre d’années d’expérience du candidat : Oui/NonLe consultant devra avoir au moinsdix (10) annéesd’expérience générale dans le domaine des études et contrôles des travaux d’infrastructures de transport.Qualifications du candidat dans le domaine des prestations : Oui/NonLes expériences concernées sont les suivantes :Etudes techniques d’APD de projet de construction de routes neuves en enrobés chaud d’un linéaire minimum de 25 km au cours des dix dernières années(2015 à 2024)avec un minimumde03 expériences dont 01 expérience en Afrique subsaharienne (Oui/Non) ;Suivi et contrôle des travaux de construction ou d’aménagementd’autoroute en 2x2 voiesd’au moins 20 km en enrobés chaud au cours des dix dernières années(2015 à 2024)avec un minimum de03 expériences dont 01 expérience en Afrique subsaharienne (Oui/Non).Suivi et contrôle des travaux de construction d’ouvrages d’artd’au moins 50 ml de longau cours des dix (10) dernières années(2015 à 2024)avec un minimum de03 expériences (Oui/Non).Organisation technique et managériale du cabinet : Oui/NonPrésence d’organigramme :Oui/Non;Liste du personnel du candidat :Oui/Non;NB : Cette mission fait partie d’un projet de deux (2) missions qui sont naturellement liées entre elles compte tenu de leur démarrage simultané. Il s’agit des missions suivantes :Mission M2 :Contrôle et la surveillance des travaux de construction de l’autoroute Darakokaha-Kanawolo-Tafire (96,3 Km) en Côte D’ivoireMission 2 : Timorokaha-Kanawolo (30,8 km)(Avis à Manifestation d’Intérêt N°S 175 /2025) ;Mission M3 :Contrôle et la surveillance des travaux de construction de l’autoroute Darakokaha-Kanawolo-Tafire (96,3 Km) en Côte D’ivoireMission 3 : Kanawolo-Tafiré (33 km)(Avis à Manifestation d’Intérêt N°S 176 /2025).Par conséquent, tout consultant souhaitant être retenu pour les deux (2) missions est tenu de produire un acte d’engagement par lequel il s’oblige à constituer et déployer des équipes distinctes et entièrement indépendantes pour l’exécution de chacune des missions.NB :Chaque référence sera résumée sur une fiche de projet avec indication du montant et ne sera prise en compte que si le candidat y joint les justificatifs (attestation de bonne exécution ou certificats de service fait délivrés par les Maîtres d’Ouvrage ou Maîtres d’Ouvrage Délégué).Dans le cas d’un groupement, les critèresa et ds’appliquent à chaque membre du groupement.Si un membre du groupement ne respecte pas l’un des critères a ou d, le groupement sera rejeté.Deux listes restreintes distinctes seront établies, suivant le classement des soumissionnaires sur la base du processus d’évaluation. Les listes restreintes seront constituées chacune de cinq (05) à six (06) firmes appartenant aux pays membres et qui satisfont aux critères énumérés ci-dessus, tout en favorisant une meilleure concurrence.Une firme peut être présélectionnée sur les deux missions.Les Personnels-clés ne feront pas l’objet d’évaluation au stade de l’établissement de la liste retreinte.NB : En cas d’égalité, le candidat ayant la valeur cumulée la plus élevée des montants des références de suivi et contrôle des travaux d’autoroute sera retenu.LesConsultantsintéressés sont invités à prendre connaissance des Clauses 1.23 et 1.24 des Directives sur l’acquisition des Services de Consultants dans le cadre des Projets financés par la Banque Islamique de Développement (les « Directives ») définissant les règles de la BIsD concernant les conflits d’intérêt.Les Consultants peuvent s’associer avec d’autres firmes afin de renforcer leurs qualifications en indiquant clairement le type d’association, c’est-à-dire un groupement de consultants, ou une intention de sous-traitance.  Dans le cas de groupement, tous les partenaires du groupement seront conjointement et solidairement responsables pour la totalité du contrat, en cas d’attribution.Le nombre de consultant par groupement ne dépassera pas trois (3).La sélection limitée aux consultants des Pays Membres de la BIsD se fera en conformité avec la méthode de Sélection Fondée sur la Qualité et le Coût (SFQC/PM) stipulée dans les Directives.Les Manifestations d’Intérêts rédigées en langue française doivent contenir les documents ci-dessous :La lettre de manifestation d’intérêt signée par le soumissionnaire ou le groupement de soumissionnaires ;une copie de l’accord de groupement ou la lettre d’intention de constituer un groupement dans l’hypothèse où sa proposition serait retenue, signée par tous ses membres et accompagnée d’une copie de l’accord de groupement proposé ;Une copie du Registre de Commerce et de Crédit Mobilier (RCCM) ou tout autre document équivalent pour les entreprises étrangères ;Une attestation de non faillite pour les entreprises étrangères datant de moins de six (6) mois à la date limite de dépôt des offres ;La présentation du candidat (son existence légale, organisme, personnel) ;Les références pertinentes relatives à l’exécution de missions similaires (fiche projets ou Attestations de bonne exécution) ;NB 1 : « Ne sont admis à participer à la procédure de passation du marché public que les candidats qui sont à jour de la redevance de régulation. Le quitus de non redevance délivré par l'Autorité de Régulation de la Commande Publique (ARCOP) en est une preuve ».En cas de non production du quitus de non redevance par un candidat, le marché ne peut lui être attribué que s’il est établi par l’ARCOP qu’il est à jour, à la date limite de réception des offres, de la redevance de régulation sur l’ensemble des marchés qui lui ont été attribués.Les consultants intéressés peuvent obtenir des informations additionnelles à l'adresse mentionnée ci-dessous aux heures d’ouverture de bureaux indiquées :08h:00 à 17h:00, heure locale.Les manifestations d'intérêt sous forme écrite(5 exemplaires dont un (1) original et quatre (4) copies)y compris une version numérique sur clé USBdoivent être déposées (en personne ou par courrier–Aucune transmission électronique des manifestations d’intérêt ne sera acceptée) à l'adresse mentionnée ci-dessous au plus tardle mardi 30 septembre 2025.à 10 heures, heure locale :AGEROUTEUNITE DE GESTION DES PROJETS DE LA BANQUE ISLAMIQUE DE DEVELOPEMENT (UGPBID)Siseà Angré Djorogobité route du CHU, lot 3058, ilot 276TEL : (225) /05 05 96 97 57/ 07 49 12 98 90Adresse électronique :siouattara@ageroute.cicopie :lameite@ageroute.ci,vaedoukou@ageroute.ciPersonne à contacter :M. OUATTARA Allahmadogo Siriki, Coordonnateur du projet",AMI CONTROLE Mission 3 - Section Kanawolo-Tafiré_25 04 2025.pdf (https://www.isdb.org/project-procurement/sites/pproc/files/2025-08/AMI%20CONTROLE%20Mission%203%20-%20Section%20Kanawolo-Tafir%C3%A9_25%2004%202025.pdf),"siouattara@ageroute.ci, lameite@ageroute.ci, vaedoukou@ageroute.ci",,,
Consulting Services - Component B. Business Engineering and Capacity Building,Closed,Expression of Interest,Uzbekistan,30 September 2025,https://www.isdb.org/project-procurement/tenders/2025/eoi/consulting-services-component-b-business-engineering-and-capacity-building,3397,IsDB,IsDB Member Country Bidding,17 September 2025,UZB-1037,Strengthening of Economic Resilience of Vulnerable Enterprises (Serve),serveprojectuzb@gmail.com,"REQUEST FOR EXPRESSIONS OF INTEREST(CONSULTANT SERVICES – SELECTION OF FIRMS)UzbekistanSTRENGTHENING OF ECONOMIC RESILIENCE OF VULNERABLE ENTERPRISES (SERVE)Sector: Finance to MSMEs/Economic EmpowermentCONSULTING SERVICES - COMPONENT B. BUSINESS ENGINEERING AND CAPACITY BUILDINGMode of Financing: ISFD LoanFinancing No.UZB-1037Contract №SERVE/QCBS/BET-01The Republic of Uzbekistan has received a financing from the Islamic Development Bank(IsDB)toward the cost of the STRENGTHENING OF ECONOMIC RESILIENCE OF VULNERABLE ENTERPRISES (SERVE) and intends to apply part of the proceeds for consultant services.The objective of appointing the Consulting Company (The business engineering team (B.E.T.)) is to support the Executing Agency in promoting Economic Empowerment approach and Islamic finance by developing business models, designing targeted training programs, creating tools for partner financial institutions, and supporting the implementation of Business Development Services (BDS).The project will recruit international and national consultants possessing MSME business development knowledge. The business engineering team (B.E.T.) will consists of specialized business consultants with experience in MSMEs, business planning, value chain development, and Islamic finance. This team will be placed with the PMU of the Executing Agency (EA). The B.E.T. will work with the SME department of the Executing Agency and develop solutions that will link such services to meet the needs of vulnerable MSMEs.The implementation period is up to 24 months, starting as soon as the consulting contract has been signed between the PMU/EA. The service will be divided into 2 phases with breakdown – Phase-I with 12 months duration (focused on analysis, drafting, development, planning, examination, research, and formulation of a package of recommendations) and Phase-II with 12 months duration (focused on guiding, coordinating, and monitoring the implementation of the proposed solutions.).The Consultant will carry out the assignment in office and field whenever is required. The Consultant team shall be composed of (tentatively):Team Leader (International).Training Designing Specialist (1 International).Product Development Specialist/Sharia (1 International).Business Analyst (1 International and 2 National).Business Development Consultant (1 International + 2 National).LGL Consultant (0.5 National).Translator (1 National).Generally, all Consultants are expected to demonstrate profound professional knowledge and substantial experience in their field of assignment of MSMEs financing.The detailed Terms of Reference (TOR) for the assignment are attached to this request for expressions of interest and are available at the following link:https://docs.google.com/document/d/1YL0uc0nBCTwj7yuAaBf64-u3yk2iPhok/edit?usp=drive_link&ouid=102883265367454794668&rtpof=true&sd=trueThe Ministry of Economy and Finance of Uzbekistan now invites eligible consulting firms (“Consultants”) to indicate their interest in providing the services. Interested Consultants must provide specific information which demonstrates that they are fully qualified to perform the services (brochures, description of similar assignments, experience in similar conditions, availability of appropriate skills among staff, etc.).The shortlisting criteria are:1. Eligibility ComplianceThe Consultant must comply with IsDB eligibility rules (Part 1, Chapter 1, Section 1.11 of the IsDB Guidelines for the Procurement of Consultancy Services under IsDB Project Financing (April 2019 edition, revised February 2023)).The Consultant must be  established or incorporated in an IsDB member country.The Consultant must not be subject to any restrictions, sanctions, or debarment by IsDB or any other major international financing institutions.The Consultant must be free from any conflict of interest.2. Relevant Experience and PerformanceAt least5 years of demonstrated experiencein  designing and implementing  MSME  support programs in emerging markets.At leasttwo (2) similar projectsimplemented in the last5 years, preferably in Central Asia or similar emerging markets.Experience withIslamic finance and economic empowerment programsis required, particularly in the development and implementation of Sharia-compliant financial products and services.The Consultant must have experience working with MDB’s, or similar organizations.Note:Key Experts will not be evaluated at the shortlisting stage.The attention of interested Consultants is drawn to 1.12.1 and 1.12.2 paragraphs of the Guidelines for the Procurement of Consultancy Services under IsDB Project Financing ( April 2019 edition, revised February 2023), setting forth IsDB’s policy on conflict of interest.Consultants mayassociate with other firmsplease clearly indicate whether the association is in the form of a joint venture (JV) and/or a sub-consultancy. In the case of a joint venture, all partners in the joint venture shall be jointly and severally liable for the entire contract, if selected. A draft JV agreement or MoU is recommended for submission. Sub-consulting is permitted in accordance with the Guidelines for the Procurement of Consultancy Services under IsDB Project Financing (April 2019 edition, revised February 2023) and shall be subject to technical evaluation.A consultant will be selected in accordance with theQuality and Cost Based Selection limited to Member Countries (QCBS-MC)method set out in the Guidelines for the Procurement of Consultancy Services under IsDB Project Financing (April 2019 edition, revised February 2023).Interested consultants may obtain further information at the address below during office hours from 09:00 to 17:00 hours (local time).Expressions of Interest in written form (scanned and signed, in English, with optional Russian translation; PDF format, maximum file size 20 MB) must be submitted electronically via email, with optional submission in person or by mail, no later than30 September 2025, 16:00 Tashkent time.ThePMU “SERVE” under the Ministry of Economy and Finance of the Republic of UzbekistanNiyozbek yuli Str. 1, Tashkent, Uzbekistan.Attn:Mr. Alibek NarboevHead of PMU “SERVE”Phone: +998901768877.E-mail:serveprojectuzb@gmail.comWeb site:www.imv.uz",re__REOI_BET_12.08_eng.docx (https://www.isdb.org/project-procurement/sites/pproc/files/2025-09/re__REOI_BET_12.08_eng.docx),serveprojectuzb@gmail.com,,,
Procurement of Equipment for Dr. Sardjito Hospital - Contract Award,Closed,Contract Award,Indonesia,1 October 2025,https://www.isdb.org/project-procurement/tenders/2024/contract-award/procurement-equipment-dr-sardjito-hospital-contract-award,2912,IsDB,International Competitive Bidding,1 October 2024,IDN1031,The Strengthening of National Referral Hospitals and Vertical Technical Units Project,PPFM@isdb.org,"PUBLICATION OF THE AWARD OF GOODS CONTRACTS FOR THE PROJECTS FINANCED BY THE ISLAMIC DEVELOPMENT BANKAugust 29, 2024INFORMATION NOTE",04. Publication of the Award of Goods Sardjito IDN 1031.docx (https://www.isdb.org/project-procurement/sites/pproc/files/2024-10/04.%20Publication%20of%20the%20Award%20of%20Goods%20Sardjito%20IDN%201031.docx),PPFM@isdb.org,PT. Lista Fariska Putra JO PT. Shima Bahtera Nusantara,Indonesia,Kelapa Gading Square Italian Walk B/57 Kelapa Gading Jakarta Utara
Sélection d’un cabinet pour la mission d’audit comptable et financier du projet de développement rural intégré de la plaine de Mô 2 pour le compte des exercices 2026 à 2030,Fermé,Expression of Interest,Togo,1 October 2025,https://www.isdb.org/project-procurement/fr/appels-doffres/2025/eoi/selection-dun-cabinet-pour-la-mission-daudit-comptable-et-financier-du,3372,IsDB,,31 August 2025,,"Projet de développement rural intégré de la plaine de mô, Phase 2 (PDRI-MÔ II)",prmpmaep@yahoo.fr,"Avis à manifestation d’intérêt pour la sélection d’un cabinet pour la mission d’audit comptable et financier du projet de développement rural intégré de la plaine de Mô 2pour le compte des exercices 2026à 2030PAYS:TogoNOM DU PROJET:Projet de développement rural intégré de la plaine de mô,Phase 2 (PDRI-MÔ II),SECTEUR:AgricultureSERVICES DE CONSULTANTS:Sélection d’un cabinet pour la mission d’audit comptable et financier du projet de développement rural intégré de la plaine de Mô 2 pour le compte des exercices 2026à 2030MODE DE FINANCEMENT:PrêtN° DE FINANCEMENT:TGO XXXXXLe Gouvernement de la République Togolaise a fait une demande de financement de la Banque Islamique de Développement afin de couvrir le coût du Projet de développement rural intégré de la plaine de Mô, phase II (PDRI-MÔ II), et a l’intention d’utiliser une partie des sommes à accorder pour financer des services de consultant.Les services consistent à sélectionner un cabinet pour la mission d’audit comptable et financier du Projet de développement rural intégré de la plaine de Mô2 à savoir :Période allant du 1er janvier 2026 au 31 décembre 2026Période allant du 1er janvier 2027 au 31 décembre 2027Période allant du 1er janvier 2028 au 31 décembre 2028Période allant du 1er janvier 2029 au 31 décembre 2029Période allant du 1er janvier 2025 au 31 décembre 2030Les Termes de Référence (TdR) détaillés de la mission sont disponibles à l’adresse ci-après :Secrétariat de la Personne Responsable des Marchés Publics du Ministère de l’agriculture, de l’hydraulique villageoise et du développement rural (MAHVDR), Porte n° 30 ;À l’attention de : Monsieur SOULOU Lalawele, Personne Responsable des Marchés Publics du MAHVDR ;Route de la nouvelle présidence de la République à GTA, derrière l’immeuble YAS TOGO, au nouveau centre des services administratifs de Lomé ; BP : 385 Lomé-Togo, Téléphone : (+228) 90 34 46 42 / 92 87 20 44.Le Ministère de l’agriculture, de l’hydraulique villageoise et du développement rural (MAHVDR) invite les bureaux de Consultants (« Consultants ») nationaux à manifester leur intérêt en vue de fournir les services ci-dessus. Les Consultants intéressés doivent fournir des renseignements spécifiques démontrant qu’ils sont pleinement qualifiés pour réaliser les prestations (documentation, référence de prestations similaires, expérience dans des conditions comparables, disponibilité de compétences adéquates parmi leur personnel, etc.).Les critères de présélection sont les suivants :Tout cabinet (les sociétés de conseil) désireux de manifester son intérêt pour la fourniture des services demandés devra être un cabinet d’audit et d’expertise comptable indépendant, faisant profession habituelle de réviser les comptes, régulièrement inscrit au Tableau d’un Ordre des Experts Comptables reconnu au plan national et international par l’IFAC ou la FIDEF.NB : Les candidats non-inscrits au Tableau d’un Ordre des Experts Comptables reconnu au plan national et international par l’IFAC ou la FIDEF verront leurs manifestations d’intérêt rejetées.CRITERES1. Le cabinet doit être un cabinet d’audit et d’expertise comptable justifiant d’au moins 10 ans années d’expérience dans le domaine d’existence d’audit comptable et financier2. Le cabinet devra justifier d’au moins 05 ans d’expérience (depuis 1er janvier 2020) dans le domaine de l’audit comptable et financier de projet de développement sur financement des bailleurs internationaux (seul le cumul de la durée exacte effectuée par mission à capitaliser permettront de justifier les 5 années exigées)3. Le cabinet devra avoir réalisé au cours des cinq (05) dernières années (depuis 1er janvier 2020) au moins cinq (05) missions d’audit comptable et financier de projet de développement sur financement des Partenaires Techniques et Financiers (PTF) dont au moins une (01) sur financement du BIDNB : Pour toutes les exigences d’expériences ci-dessus mentionnées, seules les informations et missions prouvées par les attestations de bonne fin d’exécution, les pages de garde et de signature seront prises en compte lors de l’évaluation.Les Consultants intéressés sont invités à prendre connaissance des Clauses 1.23 et 1.24 des Directives sur l’acquisition des Services de Consultants dans le cadre des Projets financés par la Banque Islamique de Développement (les « Directives ») définissant les règles de la BIsD concernant les conflits d’intérêt.Les Consultantsdoivent s'assurer qu’ils ne sont pas en conflit avec leurs obligations antérieures ou actuelles envers le bénéficiaire ou d'autres clients.Des sociétés de conseil peuvent constituer entre elles des associations sous la forme de groupement d’entreprises ou de cabinets proposant des activités de conseil en sous-traitance afin d'être mieux qualifiées.Une liste de cinq (05) ou six (06) cabinets ou de groupement de cabinets présentant au mieux les aptitudes requises pour exécuter les prestations sera établie par l’Autorité contractante. En cas d’ex æquo, le cabinet ou de groupement de cabinets disposant le plus grand nombre de missions tel qu’exigées au critère n°3 sera privilégié. Ces cinq (05) candidats présélectionnés seront ensuite invités à présenter leurs propositions techniques et financières et un candidat sera sélectionné selon la méthode de sélection à moindre coût (SMC) stipulée dans les Directives pour l’Acquisition de Services de Consultant dans le cadre du Financement de projets par la Banque Islamique de Développement, Edition d’Avril 2019, révisée en février 2023.Toute demande d’éclaircissements concernant le présent appel à manifestation d'intérêt devra être envoyée par courrier/courriel à l’adresse ci-après :Secrétariat de la Personne Responsable des Marchés Publics du Ministère de l’agriculture, de l’hydraulique villageoise et du développement rural (MAEDR), Porte n° 30 ; E-mail :prmpmaep@yahoo.fr.Les manifestations d'intérêt doivent être soumises en version physique à l’adresse ci-aprèsle 1er octobre 2025à 10h 00 GMTau plus tard :Secrétariat de la Personne Responsable des Marchés Publics du Ministère de l’agriculture, de l’élevage et du développement rural (MAEDR), Porte n° 30; À l’attention de: Monsieur SOULOU Lalawele, Personne Responsable des Marchés Publics du MAEDR, Nouveau centre des services administratifs de Lomé, Route de la nouvelle présidence de la République, GTA derrière l’immeuble TOGOCOM BP : 385 Lomé-Togo , Téléphone:  (+228) 90 34 46 42 / 92 87 20 44, Courriel:prmpmaep@yahoo.fr.",AMI_Audit version finale.docx (https://www.isdb.org/project-procurement/sites/pproc/files/2025-08/AMI_Audit%20version%20finale.docx),prmpmaep@yahoo.fr,,,
"Réalisation de l’étude de la situation de référence, la mise en place d'un système informatisé de suivi-évaluation et de gestion financière et formation du personnel du Projet de développement rural intégré de la plaine de Mô, phase 2 (PDRI-MÔ II)",Fermé,Expression of Interest,Togo,1 October 2025,https://www.isdb.org/project-procurement/fr/appels-doffres/2025/eoi/realisation-de-letude-de-la-situation-de-reference-la-mise-en-place-dun,3374,IsDB,,31 August 2025,,"Projet de développement rural intégré de la plaine de Mô, Phase 2 PDRI-MÔ II",prmpmaep@yahoo.fr,"Avis à manifestation d’intérêt pour la réalisation de l’étude de la situation de référence, la mise en place d'un système informatisé de suivi-évaluation et de gestion financière et formation du personnel duProjet de développement rural intégré de la plaine de Mô,phase 2 (PDRI-MÔII),PAYS:TogoNOM DU PROJET:Projet de développement rural intégré de la plaine de Mô,Phase 2 (PDRI-MÔII),SECTEUR:AgricultureSERVICES DE CONSULTANTS:Réalisation de l’étude de la situation de référence, la mise en place d'un système informatisé de suivi-évaluation et de gestion financière et formation du personnel duProjet de développement rural intégré de la plaine de Mô,phase 2 (PDRI-MÔII)MODE DE FINANCEMENT:PrêtN° DE FINANCEMENT:TGO XXXXXLe Gouvernement de laRépublique Togolaise a fait une demande de financement dela Banque Islamique de Développement afin de couvrir le coût dela phase II du Projet de développement rural intégré de la plaine de Mô, phase 2(PDRI-MÔ II), et a l’intention d’utiliser une partie des sommes à accorder pour financer des services de consultant.Les services comprennent :l’étude de la situation de référence, la mise en place d'un système informatisé de suivi-évaluation et de gestion financière et formation du personnel du Projet de développement rural intégré de la plaine de Mô, phase 2 (PDRI-MÔII).Ces services qui démarreront courant 2026 s’étaleront sur une période de deux (2) mois.Les Termes de Référence (TdR) détaillés de la mission sont disponibles à l’adresse ci-dessous.Le Ministère de l’agriculture, de l’hydraulique villageoise et du développement rural (MAHVDR)invite les bureaux de Consultants (« Consultants ») natuinaux à manifester leur intérêt en vue de fournir les services ci-dessus.Les Consultants intéressés doivent fournir des renseignements spécifiques démontrant qu’ils sont pleinement qualifiés pour réaliser les prestations (documentation, référence de prestations similaires, expérience dans des conditions comparables, disponibilité de compétences adéquates parmi leur personnel, etc.).Les critères d’établissement de la liste restreinte sont :CRITERES1. Le consultant doit être un cabinet, un bureau ou un groupement de bureaux d’études multidisciplinaires ayant au minimum dix (10) années d’expérience dans l’élaboration et la mise en place d’un système de suivi-évaluation2. Avoir réalisé avec succès au cours des sept (7) dernières années, au moins deux (02) missions d’études de situation de référence3. Avoir exécuté avec succès au cours de la même période, au moins deux (02) missions dans la mise en place d'un système informatisé de suivi-évaluation4. Le candidat devra également disposer d’expérience très avérée dans la formation andragogique (au moins deux formations)NB:Les curricula vitae du Personnels-clés ne feront pas l’objet d’évaluation au stade de l’établissement de la liste retreinte. Toutefois le cabinet fournira une liste de personnel professionnel avec copie du diplôme de chaque membre dupersonnel.Pour toutes les exigences d’expériences ci-dessus mentionnées, seules les informations et missions prouvées par les attestations de bonne fin d’exécution, les pages de garde et de signaturedes contrats y afférentsseront prises en compte lors de l’évaluation.LesConsultantsintéressés sont invités à prendre connaissance des Clauses 1.23 et 1.24 des Directives sur l’acquisition des Services de Consultants dans le cadre des Projets financés par la Banque Islamique de Développement (les « Directives ») définissant les règles de la BIsD concernant les conflits d’intérêt.Les Consultantsdoivent s'assurer qu’ils ne sont pas en conflit avec leurs obligations antérieures ou actuelles envers le bénéficiaire ou d'autres clients.Les Consultants peuvent s’associer avec d’autres firmes afin de renforcer leur qualification en indiquant clairement le type d’association, c’est-à-dire un groupement de consultants, ou une intention de sous-traitance.  Dans le cas de groupement, tous les partenaires du groupement seront conjointement et solidairement responsables pour la totalité du contrat, en cas d’attribution.Une liste decinq (05)ou six (06)candidats présentant au mieux les aptitudes requises pour exécuter les prestations sera établie par l’Autorité contractante ; en cas d’ex æquo, le cabinet ou de groupement de cabinets disposant le plus grand nombre de missions tel qu’exigées au critère n°3 sera privilégié. Ces candidats présélectionnés seront ensuite invités à présenter leurs propositions techniques et financières et un candidat sera sélectionné selonla méthode de Sélection à Moindre Cout (SMC) stipulée dans lesDirectivespour l’Acquisition de Services de Consultant dans le cadre du Financement de projets par la Banque Islamique de Développement, Edition d’Avril 2019, révisée en février 2023.Les consultants intéressés peuvent obtenir des informations additionnelles à l'adresse mentionnée ci-dessous aux heures d’ouverture de bureaux indiquées : de lundi à vendredi de 08 heure 00 à 17 heure 00, heure locale.Les manifestations d'intérêt sous forme écrite en langue française, doivent être déposées en version physique à l'adresse mentionnée ci-dessous au plus tard le1er octobre 2025.Secrétariat de la Personne Responsable des Marchés Publics du Ministère de l’agriculture, de l’hydraulique villageoise et du développement rural (MAHVDR), Porte n° 30 ;À l’attention de : Monsieur SOULOU Lalawele, Personne Responsable des Marchés Publics du MAHVDR ;Route de la nouvelle présidence de la République à GTA, derrière l’immeuble YAS TOGO, au nouveau centre des services administratifs de Lomé ; BP : 385 Lomé-Togo, Téléphone : (+228) 90 34 46 42 / 92 87 20 44,Courriel:prmpmaep@yahoo.fr.",AMI-SR_version finale.docx (https://www.isdb.org/project-procurement/sites/pproc/files/2025-08/AMI-SR_version%20finale.docx),prmpmaep@yahoo.fr,,,
Phase II de l’aménagement de la route Batchenga-Ntui-Yoko-Lena-Tibati-Ngaoundéré : section Ngatt-Febadi-Likok - GPN,Fermé,General Procurement Notice,Cameroon,2 October 2025,https://www.isdb.org/project-procurement/fr/appels-doffres/2024/gpn/phase-ii-de-lamenagement-de-la-route-batchenga-ntui-yoko-lena-tibati,2913,IsDB,Enchères Concurrentielles Internationales,2 October 2024,CMR1033,,csepr_badbm@yahoo.fr,"AVIS GÉNÉRAL DE PASSATION DE MARCHÉSPays :CamerounNom du projet :Phase II de l’aménagement de la route Batchenga-Ntui-Yoko-Lena-Tibati-Ngaoundéré : section Ngatt-Febadi-LikokSecteur :TransportMode de financement :Mode de financement de la chariaCode du projet :CMR1033Le Gouvernement de la République du Cameroun a demandé un financement d'un montant en devise de163,68 millions d’Euro (soit 107 367 041 760 F CFA),à la Banque Islamique de Développement pour couvrir le coût de laPhase II de l’aménagement de la route Batchenga-Ntui-Yoko-Lena-Tibati-Ngaoundéré : section Ngatt-Febadi-Likok,et il a l'intention d'affecter une partie du produit à des paiements pour des biens, des travaux, des services connexes et des services de conseil qui feront l’objet d’acquisition dans le cadre de ce projet.La passation des marchés financés par la Banque Islamique de Développement sera menée selon les procédures spécifiées dans lesdirectives en matière de passation de marchés de biens, de travaux et de services autres que les services de consultant dans le cadre des projets financés par la Banque islamique de développement (édition d'avril 2019 et revissée en février 2023), et sont ouvertes à tous les soumissionnaires éligibles, tels que définis dans ces Directives. Les acquisitions de services de consultants seront effectuées conformément aux Directives pour l’acquisition de Services de Consultants dans le cadre des Projets financés par la Banque Islamique de Développement (édition d’avril 2019 et revissée en février 2023).Marches des travauxTravaux d’aménagement de la section de routes Ngatt-Febadi-Likok en deux lots: Appel d’offres InternationalServices de ConsultantsRecrutement d’un consultant pour les études et supervisions des travaux de routes : QCBS/PMLes avisspécifiquesde passation des marchés pour les acquisitions à effectuer par Appel d’Offres International (AOI) ou Appel d’Offres International réservé aux pays membres (AOI/PM) et les Appels à Manifestations d’Intérêt pour les services de consultants seront publiés au fur et à mesure qu’ils seront disponibles, sur le site internet de la BIsD, sur le portail de Journal Des Marchés Publics de Cameroun (site de l’ARMPwww.armp.cm) et le journal du Quotidien National «Cameroon Tribune ».La préqualification des entreprises sera exigée pour les contrats des travaux d’aménagement de la section Ngatt-Febadi-Likok en deux lotscomme suit :Lot 7 : Ngatt-Febadji/Mambal-Tekel (68,4 km) ;Lot 8 : Tekel-Lewa-Louga-Likok (76,2 km).Les entreprises et les particuliers éligibles intéressés qui souhaiteraient être pris en considération pour la fourniture de biens, de travaux et de services de conseil dans le cadre du projet susmentionné, ou ceux qui ont besoin d'informations complémentaires, doivent contacter le Maître d’Ouvrage à l'adresse ci-dessous :Cellule des Projets Routiers à Financement Conjoint sise à la Délégation Régionale des Travaux Publics du Centre (Derrière l’Hôtel des Députés.Téléphone +237 666-00-39-34 ; Email :csepr_badbm@yahoo.frYaoundé-République du Cameroun.Veuillez noterque lescandidatssoumissionnaires souhaitant obtenir des renseignements supplémentaires sur les acquisitions en cause ou sur le projet en général doivent, sauf mention contraire, prendre contact avec l’organisme en charge du projet et non la BID.",Avis Général de Passation des Marchés FR.pdf (https://www.isdb.org/project-procurement/sites/pproc/files/2024-10/Avis%20Ge%CC%81ne%CC%81ral%20de%20Passation%20des%20Marche%CC%81s%20FR.pdf),csepr_badbm@yahoo.fr,,,
"Strengthening Health Sector Capacity in the Fields of Radiation Protection, Diagnostic Radiology, Radiation Therapy and Nuclear Medicine - Contract Award",Closed,Contract Award,Uzbekistan,2 October 2025,https://www.isdb.org/project-procurement/tenders/2024/contract-award/strengthening-health-sector-capacity-fields-radiation-protection,2914,IsDB,,2 October 2024,,"Support to Development of Oncology Service Project in the Republic of Uzbekistan, Phase II",PPFM@isdb.org,,IAEA Contract Award Publication.docx (https://www.isdb.org/project-procurement/sites/pproc/files/2024-10/IAEA%20Contract%20Award%20Publication.docx),PPFM@isdb.org,The International Atomic Energy Agency (IAEA),Austria,"Vienna International Centre, PO Box 100, 1400 Vienna, Austria"
Climate Resilient Water Resources Development Project (Phase-1) - GPN,Closed,General Procurement Notice,Kazakhstan,2 October 2025,https://www.isdb.org/project-procurement/tenders/2024/gpn/climate-resilient-water-resources-development-project-phase-1-gpn,2915,IsDB,,2 October 2024,KAZ1030,,pmu_field@qazsu.kz,"GENERAL PROCUREMENT NOTICECountry:KazakhstanName of Project:Climate Resilient Water Resources Development Project (Phase-1)Sector:Water RecoursesMode of Financing:Installment Sale, Loan and GrantFinancing No:KAZ1030The Republic of Kazakhstanhas applied for financing in the amount of USD 1,153.50 million equivalent from the Islamic Development Bank toward the cost of the Climate Resilient Water Resources Development Project (Phase-1), and it intends to apply part of the proceeds to payments for goods, works, related services and consulting services to be procured under this Project. The Project will include the following components:Construction and reconstruction of water reservoirs and flood control hydraulic structuresto be procured through ICB following pre-qualification method;Reconstruction of irrigation canals and canal automationto be procured through ICB (without pre-qualification) and NCB methods;Construction supervision consultancy service (reservoirs)to be selected through the Quality and Cost-Based Selection (QCBS) method among the IsDB member countries short-listed consultancy firms;Construction supervision consultancy service (irrigation network)to be selected through the Quality and Cost-Based Selection (QCBS) method among the local short-listed consultancy firms;Development of Feasibility Studies & Detailed Designs for Phase-2to be selected through the Quality and Cost-Based Selection (QCBS) method among the local short-listed consultancy firms;Construction of Center for Automation of Water Resourcesto be procured through NCB;Supply of IT, laboratory equipment, furniture, research & tools, as well as office equipment and vehicles for the Kazakhstan Scientific Research Institute on Water Economy, the Information Analytical Center for Water Resources, the Kazakhstan Hydro-Geology Services and the Project Implementation Agency/PMUto be procured through NCB and Shopping;Capacity development and institutional support in water resources sector, and supervision of automation of irrigation canalto be selected throughthe Single Source Selection (SSS);Development and integration of automated system for water resources managementto be selected throughthe Single Source Selection (SSS);Delivery of the cooling system technologies to be procured through the Direct Contracting (DC);Dam Safety Panel Support (individual experts)to be selected throughthe Single Source Selection (SSS);Procurement Support (individual experts) to be selected through the Selection of Individual Consultants;Project Financial Auditwill be selected through the Least-Cost Selection (LCS) method among the local short-listed consultancy firms;Technical Auditwill be selected through the Consultant Qualification-based Selection (CQS).Procurement of contracts financed by the Islamic Development Bank will be conducted through the procedures as specified in theGuidelines for the Procurement of Goods, Works and Related Services under Islamic Development Bank Project Financing(April 2019 edition, revised as of February 2023), and is open to all eligible bidders as defined in the guidelines. Consulting services will be selected in accordance with theGuidelines for the Procurement of Consultancy Services under Islamic Development Bank Project Financing(April 2019 edition, revised as of February 2023).Specific Procurement Noticesfor contracts to be tendered under the Islamic Development Bank’s International Competitive Bidding (ICB), International Competitive Bidding for Member Countries (ICB/MC), National Competitive Bidding (NCB), Quality and Cost-Based Selection (QCBS), Least Cost Selection (LCS), Consultant Qualification-based Selection (CQS) and shopping procedures for works, goods, and consultancy services will be published as they become available on theIsDB, DgMarket, UNDB OnlineandRSEKazvodhozwebsites.Prequalification of suppliers and contractors will be required for the following ICB-procured contracts:Construction/Reconstruction of reservoirs in Zhambyl (Kalgulty and Karakonyz) – 2 lotsConstruction/Reconstruction of reservoirs in Zhambyl (Akmola and Ters-Ashibulak) – 2 lotsConstruction/Reconstruction of reservoirs in Kyzylorda and West Kazakhstan (Karauzyak and Bolshoy Uzen) – 2 lotsInterested eligible firms and individuals who wish to be considered for the provision of goods, works, and consulting services for the above-mentioned project, or those seeking additional information, should contact the Beneficiary at the address below:Republican State Enterprise KazvodhozB. Kemelbekov, Director GeneralMangilik el ave.8, 010000 Astana city, Kazakhstan+7 (7172) 72-52-71, Kazakhstan, 010000pmu_field@qazsu.kz",GPN-KAZ1030-Final.docx (https://www.isdb.org/project-procurement/sites/pproc/files/2024-10/GPN-KAZ1030-Final.docx),pmu_field@qazsu.kz,,,
"Recrutement d’un cabinet d’ingénieur conseil pour études, conception et supervision de l'aménagement hydroagricole de 800ha y compris toutes infrastructures économiques et sociales du PDRI-MÔ2",Fermé,Expression of Interest,Togo,16 October 2025,https://www.isdb.org/project-procurement/fr/appels-doffres/2025/eoi/recrutement-dun-cabinet-dingenieur-conseil-pour-etudes-conception-et,3373,IsDB,,31 August 2025,,"Projet de développement rural intégré de la plaine de Mô, Phase 2 (PDRI-MÔ II)",prmpmaep@yahoo.fr,"Avis à manifestation d’intérêt international pour le recrutement d’un cabinet d’ingénieur conseil pour études, conception et supervision de l'aménagement hydroagricole de 800ha y compris toutes infrastructures économiques et sociales du PDRI-MÔ2PAYS:TogoNOM DU PROJET:Projet de développement rural intégré de la plaine de Mô, Phase 2 (PDRI-MÔ II),SECTEUR:AgricultureSERVICES DE CONSULTANTS:Recrutement d’un cabinet d’ingénieur conseil pour études, conception et supervision de l'aménagement hydroagricole de 800ha y compris toutes infrastructures économiques et sociales du PDRI-MÔ2MODE DE FINANCEMENT:PrêtN° DE FINANCEMENT:XXXXLe Gouvernement de laRépublique Togolaise a fait une demande de financement dela Banque Islamique de Développement afin de couvrir le coûtdu Projet de développement rural intégré de la plaine de Mô, phase2(PDRI-MÔ II), et a l’intention d’utiliser une partie des sommes à accorder pour financer des services de consultant.Les services comprennent:des études préliminaires, des études techniques d’avant-projets sommaires (APS), des études d’avant-projets détaillés (APD), l’élaboration des dossiers d’appels d’offres (DAO), la Surveillance et le contrôle de l’exécution des travauxplanifiés sur le PDRI-MÔ II. Ces services qui démarreront courant 2026 s’étaleront sur une période de quarante-huit (48) mois.Les Termes de Référence (TdR) détaillés de la mission sont disponibles à l’adresse ci-après :Secrétariat de la Personne Responsable des Marchés Publics du Ministère de l’agriculture, de l’hydraulique villageoise et du développement rural (MAHVDR), Porte n° 30 ;À l’attention de : Monsieur SOULOU Lalawele, Personne Responsable des Marchés Publics du MAHVDR ;Route de la nouvelle présidence de la République à GTA, derrière l’immeuble YAS TOGO, au nouveau centre des services administratifs de Lomé ; BP : 385 Lomé-Togo, Téléphone : (+228) 90 34 46 42 / 92 87 20 44.Le Ministère de l’agriculture, de l’hydraulique villageoise et du développement rural (MAHVDR)invite les bureaux de Consultants (« Consultants ») des pays membres de la BID à manifester leur intérêt en vue de fournir les services ci-dessus.Les Consultants intéressés doivent fournir des renseignements spécifiques démontrant qu’ils sont pleinement qualifiés pour réaliser lesdites prestations (documentation, référence de prestations similaires, expérience dans des conditions comparables, disponibilité de compétences adéquates parmi leur personnel, etc.).Les critères d’établissement de la liste restreinte sont :CRITERESExpériences générales en études, conception et contrôle de réalisation des infrastructures rurales (aménagements hydro agricoles, pistes rurales, Digues, barrages etc.) au cours des dix dernières (10) années1. Le candidat devra avoir réalisé avec succès au cours des dix (10) dernières années (2016-2026), au moins cinq (05) missions d’études de quelque nature que ce soit dans le cadre de la mise en œuvre de projets de développement financés par les partenaires techniques et financiers (BID, Banque mondiale, BAD, etc...)2. Le candidat devra avoir exécuté avec succès au cours des dix (10) dernières années (2016-2026), au moins cinq (05) missions de surveillance et contrôle de réalisation d’infrastructures de quelque nature que ce soit dans le cadre de la mise en œuvre de projets de développement financés par les partenaires techniques et financiers (BID, Banque mondiale, BAD, etc...)Expériences spécifiques en études, conception et contrôle de réalisation des infrastructures rurales au cours des dix (10) dernières années3. Le candidat devra avoir réalisé avec succès au cours des dix (10) dernières années (2016 à 2026), au moins :-   une (01) étude technique (APS et APD) et une (01) mission de surveillance et contrôle des travaux d’aménagement hydroagricole (barrages/retenues d’eau et périmètre aval) d’au moins 300 hectares avec maitrise d’eau totale ;-    une (01) étude technique d’implantation et une (01) mission de surveillance et contrôle des travaux de foration, d’essai de pompage de longue durée, d’installation d’une centrale solaire et d’une pompe électrique pour au moins vingt (20) forages ;-   une (01) étude technique (APS et APD) et une (01) mission de surveillance et contrôle des travaux de construction ou de réhabilitation de 80 km au moins de route en terre/pistes rurales ;-   une (01) étude technique (APS et APD) et une (01) mission de surveillance et contrôle des travaux de construction de bâtiments administratifs R+1 et plus ;-   une (01) étude technique (APS et APD) et une (01) mission de surveillance et contrôle de construction et équipement d’un centre de mécanisation agricole.NB:Il est recommandé de joindre pour chaque expériences les attestations de bonne fin d’exécution, les pages de garde et de signature des marchés y relatifs.Les missions non prouvées ne seront pas comptabilisées.Le Personnel-clé ne fera pas l’objet d’évaluation au stade de l’établissement de la liste retreinte.LesConsultantsintéressés sont invités à prendre connaissance des Clauses 1.23 et 1.24 des Directives sur l’acquisition des Services de Consultants dans le cadre des Projets financés par la Banque Islamique de Développement (les « Directives ») définissant les règles de la BIsD concernant les conflits d’intérêt.Les Consultants peuvent s’associer avec d’autres firmes afin de renforcer leur qualification en indiquant clairement le type d’association, c’est-à-dire un groupement de consultants, ou une intention de sous-traitance.  Dans le cas de groupement, tous les partenaires du groupement seront conjointement et solidairement responsables pour la totalité du contrat, en cas d’attribution. La liste restreinte à constituer dans le cadre de la présente manifestation d’intérêt devra refléter une répartition géographique raisonnable, avec un maximum de deux cabinets par pays membre.La sélection se fera en conformité avec la méthode de la Sélection Basée sur la Qualité et le Cout (SBQC) stipulée dans lesDirectivespour l’Acquisition de Services de Consultant dans le cadre du Financement de projets par la Banque Islamique de Développement, Edition d’Avril 2019, révisée en février 2023.Les Consultantsdoivent s'assurer qu’ils ne sont pas en conflit avec leurs obligations antérieures ou actuelles envers le bénéficiaire ou d'autres clients.Les consultants intéressés peuvent obtenir des informations additionnelles à l'adresse mentionnée ci-dessous aux heures d’ouverture de bureaux indiquées : de lundi à vendredi de 08 heure 00 à 17 heure 00, heure GMT.Les manifestations d'intérêt sous forme écrite en langue française, doivent être déposées en physique à l'adresse mentionnée ci-dessous au plus tardle 16 octobre 2025.Secrétariat de la Personne Responsable des Marchés Publics du Ministère de l’agriculture, de l’hydraulique villageoise et du développement rural (MAHVDR), Porte n° 30 ;À l’attention de : Monsieur SOULOU Lalawele, Personne Responsable des Marchés Publics du MAHVDR ;Route de la nouvelle présidence de la République à GTA, derrière l’immeuble YAS TOGO, au nouveau centre des services administratifs de Lomé ; BP : 385 Lomé-Togo, Téléphone : (+228) 90 34 46 42 / 92 87 20 44,Courriel:prmpmaep@yahoo.fr.",AMI_IC version finale.docx (https://www.isdb.org/project-procurement/sites/pproc/files/2025-08/AMI_IC%20version%20finale.docx),prmpmaep@yahoo.fr,,,
Construction et équipement d'un laboratoire de simulation d’exploitation du réseau pour le Centre de Formation de la SONABEL à Ouagadougou,Fermé,Specific Procurement Notice,Burkina Faso,22 October 2025,https://www.isdb.org/project-procurement/fr/appels-doffres/2025/spn/construction-et-equipement-dun-laboratoire-de-simulation-dexploitation-du,3369,IsDB,Enchères Concurrentielles Internationales,21 August 2025,BFA-1043,Projet d’Electrification et de Développement des Connexions à l’Electricité (PEDECEL),jbedel.gouba@sonabel.bf,"AVIS SPECIFIQUE DE PASSATION DE MARCHEPays :Burkina FasoNom du Projet :Projet d’Electrification et de Développement des Connexions à l’Electricité (PEDECEL)Secteur :Energie / ElectricitéAcquisition de Biens / Travaux  :Construction et équipement d'un laboratoire de simulation d’exploitation du réseau pour le Centre de Formation de la SONABEL à Ouagadougou.Mode de financement :Prêt - Banque Islamique de Développement (BID)N° de financement :BFA-1043 du 10 mai 2023AOI/PM :N° 01-2025/SONABEL/PEDECELLe Gouvernement du Burkina Faso a reçu un financement de la Banque Islamique de Développement (BID) afin de couvrir les coûts partiels du Projet d’électrification et de développement des connexions à l’électricité (PEDECEL), et a l’intention d’utiliser une partie des sommes accordées pour financer les travaux de construction et équipement d'un laboratoire de simulation d’exploitation du réseau pour le Centre de Formation de la SONABEL à Ouagadougou.LeSociété Nationale d’Electricité du Burkina (SONABEL)sollicite des offres sous pli scellé de la part de soumissionnaires éligibles et répondant aux qualifications requises pour réaliser la construction et équipement d'un laboratoire de simulation d’exploitation du réseau pour le Centre de Formation de la SONABEL à Ouagadougou en lot unique.Le délai d’exécution de la prestation est de cinq cent dix jours (510) jours calendaires, soit 17 mois.La procédure d’appel d’offres sera l’Appel d’Offres International réservé aux Pays Membres de la BID (AOI/PM) tel que défini dans les Directives pour l’acquisition de Biens, Travaux et Services connexes dans le cadre de Projets financés par la BID, Avril 2019 révisées en Février 2023, (les « Directives »), et ouverte à tous les soumissionnaires de pays éligibles tels que définis dans les Directives. Les candidats éventuels sont également invités à prendre connaissance des Clauses 1.18 à 1.21 de ces Directives (version anglaise) concernant les règles de la BID portant sur les conflits d’intérêt.Les Soumissionnaires intéressés et éligibles peuvent obtenir des informations auprès de la SONABEL à l’adresse suivante : Coordonnateur du PEDECEL,jbedel.gouba@sonabel.bfavec copieàsecretariat.dg@sonabel.bfet prendre connaissance des documents d’appel d’offres à l’adresse mentionnée ci-dessous durant les heures de travail de 10 heures à 12 heures GMT et de 14 heures à 15 heures GMT :aux secrétariats des Départements des Marchés sis au 2ème étage, de l’immeuble COMPAORE, côté Ouest du Monument des Héros Nationaux à Ouaga 2000, Ouagadougou.Le Dossier d’Appel d’offres en français peut être acheté par tout Soumissionnaire intéressé en formulant une demande écrite à l’adresse ci-dessous contre un paiement non remboursable de cent cinquante mille (150 000) F CFA ou son équivalent dans une monnaie librement convertible, à la caisse située à l’immeuble COMPAORE, Sis côté ouest du Monument des Héros Nationaux à Ouaga 2000. La méthode de paiement sera en espèces ou par virement bancaire au compten° BF42 BF02 3010 5300 1000 1001 8050 ouvert à VISTA BANK.Le dossier d’appel d’offres sera retiré au secrétariat de la Direction des Marchés sur présentation de la preuve du paiement du Dossier (quittance de paiement ou ordre de virement).Pour les entreprises étrangères, le dossier d’appel d’offres pourra à leurs demande et frais, leur être acheminé par « transport express », sur présentation de la preuve du paiement du dossier. Le dossier d’appel d’offres pourra être également remis aux Soumissionnaires intéressés par voie électronique sur présentation de la preuve du paiement requis.Les offres devront être remisesà l'adresse ci-dessous au plus tardle mercredi 22 Octobre 2025à 9 h00 (heure locale). La soumission des offres par voie électronique ne sera pas autorisée. Toute offre arrivée après la date et l’heure limites de remise des offres sera écartée. Les offres seront ouvertes en présence des représentants des soumissionnaires et des personnes présentes, à l’adresse : Immeuble COMPAORE, sis côté Ouest du Monument des Héros Nationaux à Ouaga 2000, Direction des Marchés, sis au rez-de-chaussée, salle de réunion, Ouagadougou, mentionnée ci-dessous,le mercredi 22 Octobre 2025à 09h 15.Les offresdoivent être accompagnées d’une garantie de soumission, d’un montant de 29 000 000 F CFA.Ou le montant équivalent dans une monnaie librement convertible.Les adresses auxquelles il est fait référence ci-dessus sont :Consultation des offresSociété Nationale d’Electricité du Burkina (SONABEL)Souleymane OUEDRAOGO / Directeur GénéralImmeuble COMPAORE, sis côté ouest du Monument des Héros Nationaux à Ouaga2000,2ème Etage,Secrétariat des Départements des Marchés01 BP 54 Ouagadougou 01 – Burkina FasoTel :+226 25 30 61 00jbedel.gouba@sonabel.bf;Copiesecretariat.dg@sonabel.bfDépôt des offresSociété Nationale d’Electricité du Burkina (SONABEL)Souleymane OUEDRAOGO / Directeur GénéralImmeuble COMPAORE, sis côté ouest du Monument des Héros Nationaux à Ouaga 2000,2ème Etage,Secrétariat des Départements des Marchés01 BP 54 Ouagadougou 01 – Burkina FasoTel :+226 25 30 61 00jbedel.gouba@sonabel.bf;Copiesecretariat.dg@sonabel.bfOuvertures des offresSociété Nationale d’Electricité du Burkina (SONABEL)Ville : Ouagadougou,Pays : Burkina Faso,Immeuble COMPAORE, sis côté ouest du Monument des Héros Nationaux à Ouaga 2000,Au rez-de chaussée/Salle de réunion ,01 BP 54 Ouagadougou 01 – Burkina Faso,Tel : +226 25 30 61 00,jbedel.gouba@sonabel.bf;Copiesecretariat.dg@sonabel.bf",ASPM 01-2025 LABORATOIRE DE SIMULATION.doc (https://www.isdb.org/project-procurement/sites/pproc/files/2025-08/ASPM%2001-2025%20LABORATOIRE%20DE%20SIMULATION.doc),"jbedel.gouba@sonabel.bf, secretariat.dg@sonabel.bf",,,
Travaux de construction / rehabilitation des routes en terres dans certains arrondissements du departement du Logone et chari - Lot 1 - AVIS D'AITRIBUTION,Fermé,Contract Award,Cameroon,23 October 2025,https://www.isdb.org/project-procurement/fr/appels-doffres/2024/contract-award/travaux-de-construction-rehabilitation-des-routes-en-terres-dans,2955,IsDB,,23 October 2024,,,PPFM@isdb.org,Le contrat d'attribution est disponible dans les deux langues : anglais et français.,AVIS D'ATTR N°015 AHMAT TOM LOT 1.pdf (https://www.isdb.org/project-procurement/sites/pproc/files/2024-10/AVIS%20D%27ATTR%20N%C2%B0015%20AHMAT%20TOM%20LOT%201.pdf) | AWORD NOTICE N°015 AHMAT TOM LOT 1.pdf (https://www.isdb.org/project-procurement/sites/pproc/files/2024-10/AWORD%20NOTICE%20N%C2%B0015%20AHMAT%20TOM%20LOT%201.pdf),PPFM@isdb.org,Ets AHMAT TOM,Cameroon,"BP : 274 Kousscri, Tel. +237 670 46 22 39"
Travaux de construction / rehabilitation des routes en terres dans certains arrondissements du departement du Logone et chari - Lot 2 -  AVIS D' ATTRIBUTION,Fermé,Contract Award,Cameroon,23 October 2025,https://www.isdb.org/project-procurement/fr/appels-doffres/2024/contract-award/travaux-de-construction-rehabilitation-des-routes-en-terres-0,2956,IsDB,,23 October 2024,,,PPFM@isdb.org,Le contrat d'attribution est disponible dans les deux langues : anglais et français.,AVIS D'ATTR N016 AHMAT TOM LOT 2.pdf (https://www.isdb.org/project-procurement/sites/pproc/files/2024-10/AVIS%20D%27ATTR%20N016%20AHMAT%20TOM%20LOT%202.pdf) | AWORD NOTICE N° 016 AHAMAT TOM LOT 2.pdf (https://www.isdb.org/project-procurement/sites/pproc/files/2024-10/AWORD%20NOTICE%20N%C2%B0%20016%20AHAMAT%20TOM%20LOT%202.pdf),PPFM@isdb.org,Ets AHMAT TOM,Cameroon,"BP: 274 Kousseri, Tel. +237 670 46 22 39"
Travaux de construction / rehabilitation des routes en terres dans certains arrondissements du departement du Logone et chari - Lot 3 - A VIS D' ATTRIBUTION,Fermé,Contract Award,Cameroon,23 October 2025,https://www.isdb.org/project-procurement/fr/appels-doffres/2024/contract-award/travaux-de-construction-rehabilitation-des-routes-en-terres-1,2957,IsDB,,23 October 2024,,,PPFM@isdb.org,Le contrat d'attribution est disponible dans les deux langues : anglais et français.,AVIS D'ATTR N°017 DARDAR LOT 3 .pdf (https://www.isdb.org/project-procurement/sites/pproc/files/2024-10/AVIS%20D%27ATTR%20N%C2%B0017%20DARDAR%20LOT%203%20.pdf) | AWORD NOTICE N°017 DARDAR LOT 3.pdf (https://www.isdb.org/project-procurement/sites/pproc/files/2024-10/AWORD%20NOTICE%20N%C2%B0017%20DARDAR%20LOT%203.pdf),PPFM@isdb.org,DAR DAR BUSINESS SARL,Chad,"N'DJAMENA QUARTIER KLEMAT, Tel. +235 66 33 74 94 / 66 23 93 11"
The Establishment of an Enabling Environment for Introduction of Sukuk in Azerbaijan - REOI,Closed,Expression of Interest,Azerbaijan,26 October 2025,https://www.isdb.org/project-procurement/tenders/2025/eoi/establishment-enabling-environment-introduction-sukuk-azerbaijan-reoi,3390,IsDB,,16 September 2025,AZE1025,the Regulatory Framework for Capital Market Development In Azerbaijan,cp.isdbi@isdb.org,"The Submission deadline has been extended till 26 of October 2025. Please also see the attached updated EoIREQUEST FOR EXPRESSIONS OF INTEREST(CONSULTANT SERVICES – SELECTION OF FIRMS)Country:AZERBAIJANProject Name:THE REGULATORY FRAMEWORK FOR CAPITAL MARKET DEVELOPMENT IN AZERBAIJANSector:ISLAMIC CAPITAL MARKETSMode of Financing:ISLAMIC FINANCE GRANTFinancingNo:AZE1025The Central Bank of Azerbaijanhas requested the Islamic Development Bank Institute (hereinafter the IsDBI) to provide technical assistance (TA) toward the cost of the “Islamic Finance Grant to Develop Regulatory Framework for Capital Market Development in Azerbaijan.” It intends to assist Azerbaijan in the establishment of an enabling environment for introduction of Sukuk in Azerbaijan. The project is expected to pave the way for:A robust legal and regulatory framework for issuing sukuk and other Islamic finance products.Enhanced capacity of Azerbaijani institutions to manage risk associated with Islamic finance transactions.Establishment of a monitoring and evaluation framework to track the development of Islamic finance in Azerbaijan.Successful issuance of Azerbaijan's first sukuk, paving the way for a more diversified financial sectorThe project's primary goal is to develop a modern, sustainable Sukuk sector to significantly bolster government initiatives. By mobilizing resources, fostering financial inclusion, and creating jobs, this effort will drive overall socioeconomic development. Sukuk offers an investment avenue that complies with Islamic principles, attracting a wider base of investors, enhancing capital flow, and funding critical infrastructure. This will ultimately create a more inclusive and robust economy. To realize this vision, it is crucial to first establish a solid foundation. This requires a robust legal, regulatory, and supervisory environment that enables the efficient and effective issuance, regulation, supervision, and management of Sukuk. Without this enabling framework, the full potential of this sector cannot be unlocked.The draft TOR for the assignment is attached in Annex-1.IsDBI now invites eligible consulting firms (“Consultants”) to indicate their interest in providing the listed services in the draft ToR. Interested Consultants must provide specific information that demonstrates that they are fully qualified to perform the services (availability of appropriate experience and skilful staff confirmed by brochures, description of similar assignments in analogous conditions, etc.) including expertise in developing similar studies.The shortlisting criteria / sub-criteria are:Technical Expertise and Relevant Experience:Consultants should have a proven track record in Islamic capital markets and Sukuk, including experience in developing regulatory frameworks and a strong understanding of Shariah principles. They must also be experts in drafting legal and regulatory documents and have experience with capacity building—designing and delivering training on Islamic finance topics to a variety of audiences, including regulators and legal professionals. In addition, knowledge and/or experience in civil law will be considered an asset.Project Management and Team Composition:The proposed team must include specialists in capital markets with an orientation of sukuk structuring/issuance, product developments, finance, and Islamic law (Shariah), led by a project manager with at least 10 years of experience. The consultant must also present a clear and logical methodology for the project and possess a relevant network with regulatory bodies in key benchmark countries like, for example Malaysia, Indonesia, Pakistan, UAE, Bahrain, Türkiye, Kazakhstan and/or Saudi Arabia, which can be crucial for the planned study visit.Institutional Capabilities and Past Performance:The firm should have a strong track record of delivering large-scale financial reform projects and provide at least three positive references from the last five years. They must also demonstrate financial stability to handle a project of this size. A local presence in Azerbaijan or a clear understanding of the local context is considered a significant advantage.The attention of interested Consultants is drawn to Paragraphs, 1.23, and 1.24 of The Guidelines for the procurement of Consultancy Services under lsDB project financing (April 20.19, revised in February 2023) (the “Procurement Guidelines”), setting forth IsDB’s policy on conflict of interest:Guidelines for the Procurement of Consultancy Services under IsDB Project Financing_1.pdfConsultants may associate with other firms to enhance their qualifications but should indicate clearly whether the association is in the form of a joint venture and/or a sub-consultancy. In the case of a joint venture, all the partners in the joint venture shall be jointly and severally liable for the entire contract, if selected.A consultant will be selected in accordance with the Consultant Qualifications Selection/International Shortlist (CQS) method as set out in the Procurement Guidelines.Interested consultants may obtain further information at the address below during office hours; 8:30 to 16:30 hours Jeddah Local Time.Expressions of interest must be delivered in a digital form to the email address below by e-mail by the date of 26 October 2025.THE ISLAMIC DEVELOPMENT BANK INSTITUTEAddress:8111 King Khalid Street, Al Nuzlah Al Yamania District, Unit no. 1 Jeddah 22332-2444, Kingdom of Saudi ArabiaEmail:cp.isdbi@isdb.org",REOI-AZE1025 - Updated.docx (https://www.isdb.org/project-procurement/sites/pproc/files/2025-10/REOI-AZE1025%20-%20Updated.docx) | TOR-AZE1025.docx (https://www.isdb.org/project-procurement/sites/pproc/files/2025-09/TOR-AZE1025.docx) | REOI-AZE1025.docx (https://www.isdb.org/project-procurement/sites/pproc/files/2025-09/REOI-AZE1025.docx) | Guidelines for the Procurement of Consultancy Services under IsDB Project Financing_1.pdf (https://www.isdb.org/project-procurement/sites/pproc/files/media/documents/Guidelines%20for%20the%20Procurement%20of%20Consultancy%20Services%20under%20IsDB%20Project%20Financing_1.pdf),cp.isdbi@isdb.org,,,
"Recrutement d’un cabinet pour la mise en place d'un système interne de gestion, de suivi et de collecte des données pour la prévision et la traçabilité (base de données des OP",Fermé,Expression of Interest,Senegal,27 October 2025,https://www.isdb.org/project-procurement/fr/appels-doffres/2025/eoi/recrutement-dun-cabinet-pour-la-mise-en-place-dun-systeme-interne-de,3420,IsDB,,13 October 2025,SEN 1055,Projet de Zone de Transformation Agro-Industrielle du Centre,cpmagropole@gmail.com,"APPEL À MANIFESTATION D’INTÉRÊT(SERVICES DE CONSULTANTS – SELECTION DE FIRMES)Recrutement d’un cabinet pour la mise en place d'un système interne de gestion, de suivi et de collecte des données pour la prévision et la traçabilité (base de données des OP, ...)N°C25 (PPM BID)C_PNDAS/UCN_148 (PPM National)REPUBLIQUE DU SENEGALPROJET DE ZONE DE TRANSFORMATION AGRO-INDUSTRIELLE DU CENTREMINISTERE DE L’INDUSTRIE ET DU COMMERCESERVICES DE CONSULTANTSMode de financement islamique – conforme à la ChariaN° de Financement : N° SEN 1055Le Gouvernement du Sénégal a reçuun financementde la Banque Islamique de Développement afin de couvrir le coût duProjet de Zone de Transformation Agro-industrielle du Centre (PZTA ou Agropole Centre), et a l’intention d’utiliser une partie des sommes accordées pour financer des services de consultant.Le consultant (cabinet) sera chargé de concevoir et de mettre en pratique une application informatique permettant d’assurer la gestion, le suivi et la collecte des données au niveau des OP, PME/PMI de la zonecentre (Kaolack, Fatick, Kaffrine et Diourbel)y compris un système d’information géographique convivial respectant les prescriptions faites.Les Termes de Référence(TdR) détaillés de la mission sont disponibles à l’adresse ci-dessous :Cellule d’Exécution du Projet Agropole, Mermoz Extension villa n°15, ou par courrier électronique aux adresses suivantes :cpmagropole@gmail.com, cc :ibradiaw40@gmail.com, AbdoulKhadir.MBACKE@agropole.snLa Cellule d’Exécution du PZTAinvite les bureaux de Consultants (« Consultants ») éligibles à manifester leur intérêt en vue de fournir les services ci-dessus.Les Consultants intéressés doivent fournir des renseignements spécifiques démontrant qu’ils sont pleinement qualifiés pour réaliser les prestations (documentation, référence de prestations similaires, expérience dans des conditions comparables, disponibilité de compétences adéquates parmi leur personnel, etc.).Les critères d’établissement de la liste restreinte sont :La nature des activités du candidat et le nombre d’années d’expérience dans le domaine ;L’expérience du candidat dans le domaine des prestations et notamment les références concernant l’exécution de marchés similaires ;L’organisation technique et managériale du cabinet.Il est à noter que l’intérêt manifesté par une firme n’implique aucune obligation de la part du Projet de l’inclure dans la liste restreinte.Les Personnels-clés ne feront pas l’objet d’évaluation au stade de l’établissement de la liste retreinte.LesConsultantsintéressés sont invités à prendre connaissance des Clauses 1.12.1 et 1.12.2 des Directives révisés en février 2023 sur l’acquisition des Services de Consultants dans le cadre des Projets financés par la Banque Islamique de Développement (les « Directives ») définissant les règles de la BIsD concernant les conflits d’intérêt.Les Consultants peuvent s’associer avec d’autres firmes afin de renforcer leurs qualifications en indiquant clairement le type d’association, c’est-à-dire un groupement de consultants, ou une intention de sous-traitance.  Dans le cas de groupement, tous les partenaires du groupement seront conjointement et solidairement responsables pour la totalité du contrat, en cas d’attribution.La sélection se fera en conformité avec la méthode de sélection fondée sur la qualité et le coût stipulée dans lesDirectives pour l’acquisition de services de consultants dans le cadre des projets financés par la Banque Islamique de Développement (février 2023).Les consultants intéressés peuvent obtenir des informations additionnelles à l'adresse mentionnée ci-dessous aux heures d’ouverture de bureaux indiquées :Cellule d’Exécution du Projet Agropolesemail :cpmagropole@gmail.com,ibradiaw40@gmail.com,AbdoulKhadir.MBACKE@agropole.snTel : 77 756 89 22 de 9h à 17h(heure locale), du lundi au vendredi.Les manifestations d'intérêt, rédigées en langue française, sous format physique en trois (03) exemplaires dont (01) original et deux (02) copies doivent être déposées à l'adresse mentionnées ci – dessousau plus tard le 27/10/ 2025 à 16h précises TUet porter expressément la mention :Manifestation d’intérêt pour le« Recrutement d’un cabinet pour la mise en place d'un système interne de gestion, de suivi et de collecte des données pour la prévision et la traçabilité (base de données des OP, ...)»Adresse de dépôt : Cellule de Passation des Marchés Publics du PZTA Mermoz extension rue 15  cinquième (5ème) étage Dakar Sénégal, soit par courrier électronique àcpmagropole@gmail.comcc :ibradiaw40@gmail.com/AbdoulKhadir.MBACKE@agropole.sntel : 77 756 89 22",AMI système interne de gestion des OP (1) VF last version.docx (https://www.isdb.org/project-procurement/sites/pproc/files/2025-10/AMI%20syst%C3%A8me%20interne%20de%20gestion%20des%20OP%20%281%29%20VF%20last%20version.docx),"ibradiaw40@gmail.com, AbdoulKhadir.MBACKE@agropole.sn, cpmagropole@gmail.com",,,
