tender_no,title,organization,status,closing_date
,"Purchase / Repair,etc..","Pakistan Airforce,Islamabad, Pakistan",,"Jan 13, 2026"
,Hiring of Consultant,"Cantonment Board,Quetta city, Pakistan",,"Jan 13, 2026"
,"Civil Works ,etc..","Ministry of Planning, Development and Reform,Islamabad, Pakistan",,"Jan 13, 2026"
,Annual Repair & Maintenance,"Estate Office,Quetta city, Pakistan",,"Jan 13, 2026"
,"Annual Repair,etc..","Estate Office,Karachi central, Pakistan",,"Jan 13, 2026"
,"Stationery Items,etc..","HQ 1 Corps,Mangla, Pakistan",,"Jan 13, 2026"
AM-19398-IA,Procurement of API Coupling Procurement of API Coupling..,"Pakistan State Oil,Karachi central, Pakistan",,"Jan 13, 2026"
OP-19389-AA,Services Required for Testing of EH&S Parameters,"Pakistan State Oil,Karachi east, Pakistan",,"Jan 13, 2026"
,Misc Items .. Misc Items..,"HQ 1 Corps,Mangla, Pakistan",,"Jan 13, 2026"
BD/0015/MNR,Procurement of Laptops,"PSO Renewable Energy Pvt. Limited,Karachi central, Pakistan",,"Jan 13, 2026"
600-PPRA/63/E6,"Repair/ Maint/ Repl/renov,etc..","Military Engineering Services (Army),Rawalpindi, Pakistan",,"Jan 13, 2026"
12082,INVITATION OF APPLICATIONS FOR PRE-QUALIFICATION OF CONSTRUC,"Pakistan Airports Authority (PAA),Karachi south, Pakistan",,"Jan 13, 2026"
504-A/DP/09/E5,Repair / Maint/ Repl & Renov Works,"Military Engineering Services (Army),Rawalpindi, Pakistan",,"Jan 13, 2026"
8106/08/R&D,Auction,"Ordnance Unit,Multan, Pakistan",,"Jan 13, 2026"
2037,Furniture Items..,"Garrison Headquarters,Peshawar, Pakistan",,"Jan 13, 2026"
53 To 57/2025,"Misc Items,etc..","Public Sector Organization,Faisalabad, Pakistan",,"Jan 13, 2026"
Ref No.PMDC /Pro-Exc Trns Model MIne/Khewra,Trns Carriage of Rock Salt Western Hill Model Mine Khewra,"Pakistan Mineral Development Corporation(PMDC),Islamabad, Pakistan",,"Jan 13, 2026"
03- PASTIC/PQ/2025-26,"Printing Material,etc..","Pakistan Scientific and Technological Information Centre (PASTIC),Islamabad, Pakistan",,"Jan 13, 2026"
12076,INVITATION TO BID PROCUREMENT/ INSTALLATION OF SHARED SCREEN,"Pakistan Airports Authority (PAA),Karachi south, Pakistan",,"Jan 13, 2026"
53 (16) General-2025,"Special Repair ,etc...","Estate Office,Karachi central, Pakistan",,"Jan 13, 2026"
53 (16) General-2025,"Annual Repair,etc...","Military Estates Office,Karachi central, Pakistan",,"Jan 13, 2026"
12081,INVITATION TO BID PROCUREMENT OF ADVANCE LIFE SAVING AMBULAT,"Pakistan Airports Authority (PAA),Karachi south, Pakistan",,"Jan 13, 2026"
37 & 38,"Laying of LT Ground Cable,etc..","Islamabad Electric Supply Company (IESCO),Islamabad, Pakistan",,"Jan 13, 2026"
WAH/CIVIL/004/2025-26,Repair & Installation Works,"Sui Northern Gas Pipelines Limited,Wah Cantt, Pakistan",,"Jan 13, 2026"
12074,INVITATION TO BID ANNUAL RATE RUNNING CONTRACT OF SUPPLY OF,"Pakistan Airports Authority (PAA),Karachi south, Pakistan",,"Jan 13, 2026"
Auction of Spectrum for Next Generation Mobile Services (NGMS)/5G,Auction,"Pakistan Telecommunication Authority,Islamabad, Pakistan",,"Jan 13, 2026"
1800-31-Advt-GMC,Notice of Tender Hiring of Engineering Consultancy Services for Design (G+7),"Pakistan Ordnance Factories,Wah Cantt, Pakistan",,"Jan 13, 2026"
E/N-2(330)/2026,MAINTENANCE / REPLACEMENT OF DAMAGED PORTION OF QUAY WALL NO,"Karachi Port Trust,Karachi central, Pakistan",,"Jan 13, 2026"
LET/002/26,PHOTOCOPY MACHINE,"Sui Northern Gas Pipelines Limited,Lahore, Pakistan",,"Jan 13, 2026"
DNS/10902,Supply of Spares Compound Hony Wax,"Ministry of Defence Production (DGDP),London, United kingdom",,"Jan 12, 2026"
07/Legal-Advisor/JMC/2026,"PROCUREMENT OF LEGAL ADVISORY SERVICES Intends to engage a Legal Advisor (individual or firm) with proven experience in handling corporate, contractual, regulatory, and compliance matters, particularly in the context of public sector operations.","Ministry of National Health Services, Regulation & Coordination,Islamabad, Pakistan",,"Jan 12, 2026"
SWL/T.E/001/2026,SWL/T.E/001/2026 PROCUREMENT OF ELECTRICAL MATERIAL,"Sui Northern Gas Pipelines Limited,Faisalabad, Pakistan",,"Jan 12, 2026"
JPCL/2025/IA/01,Hiring of Internal Audit Firm For Conduct Internal Audit Tender Documents Attached for TOR,"Jamshoro Power Company Limited,Sehwan, Pakistan",,"Jan 12, 2026"
Tender 150/KTDMC/2025-26,Hiring of Contractor for Retrofitting Works on CNC Machine Single Stage - Single Envelop Procedure,"Karachi Tools, Dies and Moulds Centre (KTDMC),Karachi central, Pakistan",,"Jan 12, 2026"
12080,TENDER NOTICE MISCELLANEOUS ELECTRICAL WORKS IN HOUSE NO. C-,"Pakistan Airports Authority (PAA),Karachi south, Pakistan",,"Jan 12, 2026"
NADRA-HQ-RFB-3/2026,Procurement of Additional PAM Node License at DR Site,"National Database and Registration Authority NADRA,Islamabad, Pakistan",,"Jan 12, 2026"
12079,INVITATION TO BID SUPPLY OF POTABLE WATER THROUGH WATER TANK,"Pakistan Airports Authority (PAA),Karachi south, Pakistan",,"Jan 12, 2026"
12075,TENDER NOTICE (REVERSE PROCUREMENT) BUSINESS OPPORTUNITY AT,"Pakistan Airports Authority (PAA),Karachi south, Pakistan",,"Jan 12, 2026"
12073,INVITATION TO BID PROCUREMENT OF ALL IN ONE COLLABORATION &,"Pakistan Airports Authority (PAA),Karachi south, Pakistan",,"Jan 12, 2026"
CLP/IT/1091,PROCUREMENT OF MISC SPARES AND GOODS Normal Tender,"Pakistan Navy,Karachi west, Pakistan",,"Jan 12, 2026"
"0059-LP-55, 0099/0059/0012/0033/0045/0051/0052-LP-56-Fill",Supply of Misc Store Filling Factory POF Wah Cantt,"Pakistan Ordnance Factories,Wah Cantt, Pakistan",,"Jan 12, 2026"
LET/171/25,Electric Vehicle,"Sui Northern Gas Pipelines Limited,Lahore city, Pakistan",,"Jan 12, 2026"
,"Repair maintenance of AFOAS,etc....","HQ 23 Brigade,Jhelum, Pakistan",,"Jan 12, 2026"
525015/R2512/330354,Cap Peak White for CPOs/ POs,"Directorate of Procurement (Navy),Islamabad, Pakistan",,"Jan 12, 2026"
DW&CE/6000-Advt-CKL/01/E-6,Certain Facilities,"Military Engineering Services (Airforce),Rawalpindi, Pakistan",,"Jan 12, 2026"
525021/R2601/330397,T-Shirt Green Round Neck Half Sleeves,"Directorate of Procurement (Navy),Islamabad, Pakistan",,"Jan 12, 2026"
DW &CE/6000-ADVT-SMG/01/E-6,Certain Facilties..,"Military Engineering Services (Airforce),Rawalpindi, Pakistan",,"Jan 12, 2026"
ren-Anti/2025,Renewal of Endpoint Protection Antivirus Renewal of Endpoint Protection Antivir,"Ministry of Foreign Affairs,Islamabad, Pakistan",,"Jan 12, 2026"
LDC/Room/01/2026,"Civil , Construction,etc..","Sui Northern Gas Pipelines Limited,Lahore, Pakistan",,"Jan 12, 2026"
2xP3 & 1xP8&9,Avn Store &Sig Store,"Directorate General Procurement (Army),Rawalpindi, Pakistan",,"Jan 12, 2026"
,O&M and Misc Works,"Military Engineering Services (Army),Rawalpindi, Pakistan",,"Jan 12, 2026"
"INVITATION TO BID/Chief Engineer (EHV-I), NGCP","Tender No. CE-ISD-01-2026 the Purchaser”, invites sealed bids through","National Transmission and Despatch Company,Lahore, Pakistan",,"Jan 12, 2026"
INVITATION OF BIDS/,TENDER NOTICE T-2 (2026) OCUREMENT AND INSTALLATION OF 57NOs. CAMERAS,"National Transmission and Despatch Company,Lahore, Pakistan",,"Jan 12, 2026"
EQ-01-2026,Lab Equipment,"National University of Science and Technology,Islamabad, Pakistan",,"Jan 12, 2026"
IC/PD/2026/27/TD-046,Lighting System,"Islamabad Club,Islamabad, Pakistan",,"Jan 12, 2026"
LM-19141-KZR,"Supply, installation and commissioning of Pallet-racking","Pakistan State Oil,Karachi central, Pakistan",,"Jan 12, 2026"
140 (PRCL-RETRO-PNSC)/2026,"H&M, D&IV, WAR, AWAR","Pakistan Reinsurance Company Limited,Karachi central, Pakistan",,"Jan 12, 2026"
Svcs/C&M/Renovation of Scanner Lab 2025,RENOVATION OF SCANNER LAB,"National Radio Tele Communication Corporation,Haripur, Pakistan",,"Jan 12, 2026"
2020,"Furniture,etc..","Garrison Furniture Yard,Hyderabad city, Pakistan",,"Jan 12, 2026"
70,"Laptops,etc.. Laptops,etc.","Hazara Electric Supply Company HAZECO,Haripur, Pakistan",,"Jan 12, 2026"
OP-19394-MS,Supply of Tower Scaffolding,"Pakistan State Oil,Karachi central, Pakistan",,"Jan 12, 2026"
AD-19395- MS,Misc Works,"Pakistan State Oil,Karachi central, Pakistan",,"Jan 12, 2026"
08/IT-EQUIPMENT/JMC/2026,IT EQUIPMENTS,"Ministry of National Health Services, Regulation & Coordination,Islamabad, Pakistan",,"Jan 12, 2026"
07/Legal-Advisor/JMC/2026,LEGAL ADVISORY SERVICES,"National Health Services, Regulations & Coordination Division,Islamabad, Pakistan",,"Jan 12, 2026"
,"IT & Office Equipment,etc.... IT & Office Equipment,etc..","University of Turbat,Kech (turbat), Pakistan",,"Jan 12, 2026"
PRD(L)/WAPDA/183(2025-26),WAPDA TARBELA DAM PROJECT WAPDA,"Water and Power Development Authority (WAPDA),Lahore city, Pakistan",,"Jan 12, 2026"
TARBELA,WAPDA,"Water and Power Development Authority (WAPDA),Lahore city, Pakistan",,"Jan 12, 2026"
14(07-01-2026),"Procurement & Contract, CDA CAPITAL DEVELOPMENT AUTHORITY","Capital Development Authority,Islamabad, Pakistan",,"Jan 12, 2026"
3xP1 & 4xP 8&9,MT Spares & Sig Store,"Directorate General Procurement (Army),Rawalpindi, Pakistan",,"Jan 12, 2026"
2590034/R-2601/310392,PROCUREMENT & INSTALLATION OF TYPE-056 SCIB,"Directorate of Procurement (Navy),Islamabad, Pakistan",,"Jan 12, 2026"
0003/LP/Hosp/56,Supply of Medicines,"Pakistan Ordnance Factories,Wah Cantt, Pakistan",,"Jan 12, 2026"
2 5 0 1 1 5 8 9,PATS FOR MISC Vehicles,"Pakistan International Airline (PIA),Karachi central, Pakistan",,"Jan 12, 2026"
2 5 0 1 1 5 0 8,Different Parts,"Pakistan International Airline (PIA),Karachi central, Pakistan",,"Jan 12, 2026"
2 5 0 1 1 2 8 8,E.C.M 40 ESERIES ENGINE,"Pakistan International Airline (PIA),Karachi central, Pakistan",,"Jan 12, 2026"
Ref No PMDC/Proc-Camera/HO,Professional/High end Camera for PMDC Head Office Islamabad,"Pakistan Mineral Development Corporation(PMDC),Islamabad, Pakistan",,"Jan 12, 2026"
2 5 0 1 0 6 4 3,TYRE TUBE FLAP 14 PLY,"Pakistan International Airline (PIA),Karachi central, Pakistan",,"Jan 12, 2026"
2 5 0 1 0 1 2 3,TYRE TUBE FLAP 28 PLY,"Pakistan International Airline (PIA),Karachi central, Pakistan",,"Jan 12, 2026"
12072,INVITATION TO BID PROCUREMENT / REVAMPING OF CATI LAN INFRAS,"Pakistan Airports Authority (PAA),Karachi south, Pakistan",,"Jan 12, 2026"
P-32/2025,Corrigendum,"Pakistan Revenue Automation (Pvt) LTD.,Islamabad, Pakistan",,"Jan 12, 2026"
12071,INVITATION TO BID PROCUREMENT ALONG WITH INSTALLATION OF CCT,"Pakistan Airports Authority (PAA),Karachi south, Pakistan",,"Jan 12, 2026"
2590009/R2601/360407,Pickup S/Cabin (latest model) alongwith standard accessories,"Directorate of Procurement (Navy),Islamabad, Pakistan",,"Jan 12, 2026"
12068,TENDER NOTICE PROCUREMENT OF QTY-06 BATTERIES FOR H.T PANELS,"Pakistan Airports Authority (PAA),Karachi south, Pakistan",,"Jan 12, 2026"
,Re-Browning Chemical 114-88-Pub-Reb-01-EME,"HQ Frontier Corps (Balochistan),Kech (turbat), Pakistan","Mar 1, 2026","Jan 12, 2026"
TUSDEC/IDAC/CCK/025/2026,"TENDER FOR HIRING OF CONSTRUCTION CONTRACTOR - IDAC Karachi 02 KANAL LAND AT LANDHI INDUSTRIAL ESTATE, SCHEME 03, KARACH","Technology Up-Gradation and Skill Development Company (TUSDEC),Lahore, Pakistan",,"Jan 12, 2026"
,Supply of Plant & Machinery Equipmentst Supply of Plant & Machinery Equipments,"Federal Directorate of Education,Islamabad, Pakistan",,"Jan 5, 2026"
,Expendable/ Paint Items ...,"501 Central Workshop EME Chaklala,Rawalpindi, Pakistan",,"Jan 12, 2026"
AFMSL/Tender-001/2026,Lab Equipment..,"Armed Forces Medical Stores Laboratory (AFMSL),Rawalpindi, Pakistan",,"Jan 12, 2026"
,"Proc Of Equipment,etc..","Pakistan Airforce,Rawalpindi, Pakistan",,"Jan 12, 2026"
01/2026,3rd Party Annual Assessment/ Verification of FESCO’s FESCO’s Five Years Investment Plan FY 2023- 24 To FY 2027-28,"National Electric Power Regulatory Authority (NEPRA),Islamabad Capital Territory (ICT), Pakistan",,"Jan 12, 2026"
PRD(L)/WAPDA/178(2025-26),WAPDA TARBELA HPS TARBELA DAM WAPDA,"Water and Power Development Authority (WAPDA),Lahore city, Pakistan",,"Jan 12, 2026"
1477,Directorate of Procurement (Air),"Ministry of Defence Production (DP-Air),Rawalpindi, Pakistan",,"Jan 12, 2026"
PRD(L)/WAPDA/177(2025-26),WAPDA DRILLING DIVISION WAPDA TOWN LAHORE WAPDA,"Water and Power Development Authority (WAPDA),Lahore city, Pakistan",,"Jan 12, 2026"
18/2025-26,"Shifting , erection , installation of elelctric equipments..","Gujranwala Electric Power Company Limited,Gujranwala, Pakistan",,"Jan 12, 2026"
ADMN/LHR/4.16/26,Janitorial Services,"Sui Northern Gas Pipelines Limited,Lahore, Pakistan",,"Jan 12, 2026"
,"Godds/ Services Drinking Water,etc..","Regional Tax Office,Multan, Pakistan",,"Jan 12, 2026"
PRD(L)/WAPDA/176(2025-26),WAPDA TARBELA DAM WAPDA,"Water and Power Development Authority (WAPDA),Lahore city, Pakistan",,"Jan 12, 2026"
MRF/LOG/25-26/OT-07,MRF/LOG/25-26/OT-07 MIRAGE REBUILD FACTORY PAKISTAN AERONAUTICAL COMPLEX KAMRA,"Pakistan Aeronautical Complex,kamra, Pakistan",,"Jan 12, 2026"
ROW,Collection of NOC Fee NHA ROW,"National Highway Authority (NHA),Islamabad, Pakistan",,"Jan 12, 2026"
ROW,Janitorial Services Washroom,"National Highway Authority (NHA),Islamabad, Pakistan",,"Jan 12, 2026"
ROW,OM&M Rest Areas Revenue Basis,"National Highway Authority (NHA),Islamabad, Pakistan",,"Jan 12, 2026"
,Supply of Items Of Annual Training Grant.. Supply of Items Of Annual Training Grant ..,"HQ 111 Brigade,Rawalpindi, Pakistan",,"Jan 9, 2026"
2-11-(1)/2025-26,"Oilve Nursery Plants,etc..","Ministry of National Food Security and Research,Islamabad, Pakistan",,"Jan 9, 2026"
1500,Supply of Medicines..,"Ministry of Kashmir Affairs and Gilgit-Baltistan,Rawalpindi, Pakistan",,"Jan 9, 2026"
0031,Tender Notice International Islamic University Islamabad,"International Islamic University,Islamabad, Pakistan",,"Jan 11, 2026"
UCH/TE/004/2026,FIBER GLASS TRANSPARENT SHEET (CORRUGATED),"Sui Northern Gas Pipelines Limited,Bahawalnagar, Pakistan",,"Jan 10, 2026"
UCH/TE/003/2026,"G.I SHEET, 16 GAUGE, SIZE: 8’ X 4’","Sui Northern Gas Pipelines Limited,Bahawalnagar, Pakistan",,"Jan 10, 2026"
CEMB NP 07,JANUARY 2026 NP 07 EQUIPMENT AND MATERIAL,"HEC Degree Awarding Universities,Lahore, Pakistan",,"Jan 10, 2026"
.128-W/14/T.N./Pt-II/WA,BUTTER FLY SHELTER AT ISLAND PLATFORM Tender,"Pakistan Railways,Lahore city, Pakistan",,"Jan 10, 2026"
,"Procurement of Oil & Lubricant (Tallow) and Rubber Hose Pipe 0007-LP-CMC-56-PE and 0018-LP-CMC-56-PE, Dated 12-12-2025","Pakistan Ordnance Factories,Wah Cantt, Pakistan",,"Jan 10, 2026"
DSN/10901,Purchase of Spares Intergard 7600 Pure Epoxy Universal Primer Grey Aluminium,"Ministry of Defence Production (DGDP),London, United kingdom",,"Jan 9, 2026"
DSN/10900,Purchase of Spares Corrosion Preventive Compound MIL-C-81309,"Ministry of Defence Production (DGDP),London, United kingdom",,"Jan 9, 2026"
DSN/10899,Purchase of Goods Paint Heat Resisting,"Ministry of Defence Production (DGDP),London, United kingdom",,"Jan 9, 2026"
DSN/10898,Procurement of goods Intertuf 203 JVA207 Black,"Ministry of Defence Production (DGDP),London, United kingdom",,"Jan 9, 2026"
393,Construction of Multipurpose Sports Complex Faisalabad 15 days,"Pakistan Sports Board,Allama Iqbal, Pakistan",,"Jan 9, 2026"
GSD (Proc. II)/S&S-HOK/363850/2025,Security and Search Services for SBP BSC,"State Bank of Pakistan,Karachi west, Pakistan",,"Jan 9, 2026"
,IT No 36 LY-80 FY 2025-26,"303 Spares Depot EME,Lahore city, Pakistan",,"Jan 9, 2026"
,IT No 35 Misc Veh FY 2025-26,"303 Spares Depot EME,Lahore city, Pakistan",,"Jan 9, 2026"
,IT No 34 A Veh FY 2025-26,"303 Spares Depot EME,Lahore city, Pakistan",,"Jan 9, 2026"
FOR DETAILS PLEASE VISIT: https://pnsc.com.pk/tenders,PRE-QUALIFICATION OF BUNKER SUPPLIERS FOR PNSC MANAGED VESSE,"Pakistan National Shipping Corporation (PNSC),Karachi central, Pakistan",,"Jan 9, 2026"
2026-20,impact evaluation of these two (2) Projects,"Pakistan Bait-ul-Mal,Islamabad Capital Territory (ICT), Pakistan",,"Jan 9, 2026"
2026-19,OPEN AUCTION OF USED VEHICLES,"Pakistan Bait-ul-Mal,Islamabad Capital Territory (ICT), Pakistan",,"Jan 9, 2026"
Proposals No. PRIMACO (EOBI) – TA/01/2026,Procurement of Consultancy Services for Transaction Advisor,"Pakistan Real Estate Investment and Management Company (Pvt.) Ltd,Islamabad, Pakistan",,"Jan 9, 2026"
MNT/TE/003/2026,Miscellaneous Tools,"Sui Northern Gas Pipelines Limited,Multan, Pakistan",,"Jan 9, 2026"
MND/TE/002/2026,WHITE / COLOR PAPER A-4 SIZE,"Sui Northern Gas Pipelines Limited,Multan, Pakistan",,"Jan 9, 2026"
MND/TE/001/2026,TYRE WITH TUBE / TUBELESS TYRE (ASSORTED SIZES),"Sui Northern Gas Pipelines Limited,Multan, Pakistan",,"Jan 9, 2026"
2026-18,CORRIGENDUM-requires a building having all amenities,"Pakistan Bait-ul-Mal,Islamabad Capital Territory (ICT), Pakistan",,"Jan 9, 2026"
ADB-LESCO-CS-001,Hiring of Consulting Services for PDS and OHS,"Lahore Electric Supply Company (LESCO),Lahore, Pakistan",,"Jan 9, 2026"
GHPL/GEN/04/01-26,OFFICE RENOVATION & FURNISHING WORKS,"Government Holdings (Pvt) Limited,Islamabad, Pakistan",,"Jan 9, 2026"
Recycling of Mixed Damaged / Dismantled Rods,FESCO TENDER NOTICE,"Faisalabad Electric Supply Company (FESCO),Faisalabad, Pakistan",,"Jan 9, 2026"
LP/T-4013/26,"Supply, Installation & Commissioning of 10 KVA UPS","Pakistan Security Printing Corporation,Karachi central, Pakistan",,"Jan 9, 2026"
LP/T-4009/26,Hiring of Services for Annual Maintenance Contract of Addressable Fire Alarm SYSTEM,"Pakistan Security Printing Corporation,Karachi central, Pakistan",,"Jan 9, 2026"
08 to 11/RYK/2025-26 & 12/RYK/2025-26,"Erection of HT 36, 45 Feet & LT 31 Feet PC Spun Poles Erection of HT 36 Feet & LT 31 Feet PC Spun Poles","Multan Electric Power Company (MEPCO),Multan City, Pakistan",,"Jan 9, 2026"
,Transportation/Safe Handling and Erection of 31&36 Ft long SE(OP)BWN-68,"Multan Electric Power Company (MEPCO),Multan City, Pakistan",,"Jan 9, 2026"
SSC/2025/974,Alumni Home-Coming 2025 Bahria University,"Bahria University,Islamabad, Pakistan",,"Jan 9, 2026"
LP/T-2380/26,SUPPLY OF COATED PAPER REXINE ON ONE SIDE GREEN,"Pakistan Security Printing Corporation,Karachi central, Pakistan",,"Jan 9, 2026"
18 /Normal,Misc Items,"Central Ordnance Depot,Rawalpindi, Pakistan",,"Jan 9, 2026"
,Thermal Imaging ( TI) Facility Essentials,"Ministry of Defence Production,Rawalpindi, Pakistan",,"Jan 9, 2026"
,Indigenous Development..,"Ministry of Defence Production,Rawalpindi, Pakistan",,"Jan 9, 2026"
26011594210,Solarization of CB Water Works at Rawalpindi Cantt,"Cantonment Board,Rawalpindi, Pakistan",,"Jan 9, 2026"
01/2026,Golf Carts Electric,"Public Sector Organization,Islamabad, Pakistan",,"Jan 9, 2026"
13-25-26,"Water Tanks,etc..","Public Sector Organization,Dera Ghazi Khan (D.G. Khan), Pakistan",,"Jan 9, 2026"
,"Repair/ Maintenance of Water Supply Pipeline,etc..","Workers Welfare Fund,Peshawar, Pakistan",,"Jan 9, 2026"
,Supply & Installation of Signage & Graphics Works at PSO Retail Outlets (5th Round),"Pakistan State Oil,Karachi central, Pakistan",,"Jan 9, 2026"
,"Supply, Installation and Rehabilitation of Monolith Towers at PSO Retail Outlets (5th Round)","Pakistan State Oil,Karachi central, Pakistan",,"Jan 9, 2026"
OP-19366-SZ,Services for Dismantling..,"Pakistan State Oil,Karachi central, Pakistan",,"Jan 9, 2026"
RT-7005,PROCUREMENT OF BREAK BLEEDING PRESSURE MEASURING (WITH 14 X,"Heavy Industries Taxila (HIT),Taxila, Pakistan",,"Jan 9, 2026"
OP-19391- MS,Supply of Aqueous Film Forming Foam (AFFF),"Pakistan State Oil,Karachi central, Pakistan",,"Jan 9, 2026"
12078,TENDER NOTICE GOLDEN BUSINESS OPPORTUNITY TO ESTABLISH & OPE,"Pakistan Airports Authority (PAA),Karachi south, Pakistan",,"Jan 9, 2026"
AD-19393-FI,CCTV System,"Pakistan State Oil,Karachi central, Pakistan",,"Jan 9, 2026"
RT-8701,Procurement of Noise Less Compressor (Dry),"Heavy Industries Taxila (HIT),Taxila, Pakistan",,"Heavy Industries Taxila (HIT),Taxila, Pakistan"
GUJ/Te/001/2026,Split Air Conditioner,"Sui Northern Gas Pipelines Limited,Gujranwala city, Pakistan",,"Jan 9, 2026"
ADMIn:FST:11.5(001/25),Gas Turbine Meter,"Sui Northern Gas Pipelines Limited,Faisalabad, Pakistan",,"Jan 9, 2026"
EP -31To EP-35,"Safe Loading, Unloading,etc..","Lahore Electric Supply Company (LESCO),Lahore, Pakistan",,"Jan 9, 2026"
,Auction,"Election Commission of Pakistan,Karachi central, Pakistan",,"Jan 9, 2026"
,Special Contingency Items,"Pakistan Airforce,Islamabad, Pakistan",,"Jan 9, 2026"
384/13,Invitation to e-Bids,"Oil and Gas Development Company Limited,Islamabad, Pakistan",,"Jan 9, 2026"
,Uniform & Protecting Clothing,"Federal Board of Revenue (FBR),Lahore, Pakistan",,"Jan 9, 2026"
PD/O&M/PP/32540/26,"Supply of PCB,etc..","Pakistan Petroleum Limited,Karachi central, Pakistan",,"Jan 9, 2026"
,"Supply of Syringe ,etc...","Ministry of Religious Affairs & Interfaith Harmony,Islamabad, Pakistan",,"Jan 9, 2026"
(Tender) CPO/LHQ/M-3)/25-26/01,Cutting & Stitching of Uniforms,"National Highway and Motorway Police (NHMP),Sharkpur, Pakistan",,"Jan 9, 2026"
MNGR ( O&M) HVDC -02-2026,Tools & Plants..,"National Grid Company of Pakistan Limited NGC,Hyderabad, Pakistan",,"Jan 9, 2026"
MNGR ( O&M) HVDC-04-2026,Personal Protective EQuipment .. Personal Protective EQuipment,"National Grid Company of Pakistan Limited NGC,Hyderabad city, Pakistan",,"Jan 9, 2026"
MNGR( O&M)HVDC HYD-02-2025,Tools & Plants...,"National Grid Company of Pakistan Limited NGC,Hyderabad, Pakistan",,"Jan 9, 2026"
AF-M5-2024-25-02,"AF-M5-2024-25-01 , Lahore","National Highway Authority (NHA),Islamabad, Pakistan",,"Jan 9, 2026"
,Provision of Transformer...,"National Skill University,Islamabad, Pakistan",,"Jan 9, 2026"
,Wooden Student Chairs,"National Skill University,Islamabad, Pakistan",,"Jan 9, 2026"
PC/PHS/2026,Lunch Box Duplex,"Pakistan International Airline (PIA),Karachi central, Pakistan",,"Jan 9, 2026"
FSD-O/Rack/26,Oven Rack Multi-Purpose,"Pakistan International Airline (PIA),Karachi south, Pakistan",,"Jan 9, 2026"
FSD-25010124,Paper Tray Mat..,"Pakistan International Airline (PIA),Karachi central, Pakistan",,"Jan 9, 2026"
S&D/Tender /ENG STAND /26,Sae Shipment...,"Pakistan International Airline (PIA),Karachi central, Pakistan",,"Jan 9, 2026"
Svcs/C&M/Safe City Center NCI/2025,ESTABLISHMENT OF SAFE CITIES CENTER,"National Radio Tele Communication Corporation,Haripur, Pakistan",,"Jan 9, 2026"
Svcs/C&M/Renovation of Robotic Lab 2025,RENOVATION OF ROBOTIC LAB,"National Radio Tele Communication Corporation,Haripur, Pakistan",,"Jan 9, 2026"
Svcs/C&M/Renovation of EW/2025,RENOVATION OF EU LAB,"National Radio Tele Communication Corporation,Haripur, Pakistan",,"Jan 9, 2026"
IT -348,Misc Items,"Heavy Industries Taxila (HIT),Taxila, Pakistan",,"Jan 9, 2026"
81201/08/LP/EME/ASD,Expendables Items,"Aviation Spare Depot EME,Multan City, Pakistan",,"Jan 9, 2026"
IC/PD/2025/26/TD-021-RE,Civil and New Flexible Flooring System,"Islamabad Club,Islamabad, Pakistan",,"Jan 9, 2026"
IC/PD/2025/26/TD-049,HIRING OF LEGAL ADVISOR (LAW FIRM),"Islamabad Club,Islamabad, Pakistan",,"Jan 9, 2026"
IC/PD/2026/27/TD-047,Golf Course Pavers Work,"Islamabad Club,Islamabad, Pakistan",,"Jan 9, 2026"
,Stationery Items..,"HQ 4 Corps,LAHORE, Pakistan",,"Jan 9, 2026"
2003,Furniture Items,"Garrison Headquarters,Mangla, Pakistan",,"Jan 9, 2026"
12077,INVITATION TO BID PROCUREMENT OF QTY-15-ALMIRAH FOR P&D DIRE,"Pakistan Airports Authority (PAA),Karachi south, Pakistan",,"Jan 9, 2026"
,Auction,"Cantonment Board,Lahore, Pakistan",,"Jan 9, 2026"
"0101-LP-B&G-56-B,",Emery Cloth Belt..,"Pakistan Ordnance Factories,Wah Cantt, Pakistan",,"Jan 9, 2026"
Stationery/HRA&P/PSH/002/2026,Stationery Items,"State Life Insurance Corporation of Pakistan,Peshawar, Pakistan",,"Jan 9, 2026"
2025-26/03,Auction,"National Database and Registration Authority NADRA,Karachi central, Pakistan",,"Jan 9, 2026"
BE(Admn-Store)2(1)/2025-26,"Supply of Stationery, Miscellaneous & Toners","Bureau of Emigration and Overseas Employment,Islamabad, Pakistan",,"Jan 9, 2026"
FMU/IT EQUIPMENT & SERVICES/2025-26/006,Renewal of Service Level Agreement (SLA).. Renewal of Service Level Agreement (SLA),"Financial Monitoring Unit (FMU),Karachi central, Pakistan",,"Jan 9, 2026"
2320205/R-2406/310460,12 X ITEMS OF HFDF SYSTEM,"Directorate of Procurement (Navy),Islamabad, Pakistan",,"Jan 9, 2026"
CA No.01 To 05/Rehbl & Repr works/SAA & BM /Civil/2025-26.,"Rehablitation/Replacment works of CO-8,DO-1,C-19,CO-1 & CO-3","Pakistan Ordnance Factories,Wah Cantt, Pakistan",,"Jan 9, 2026"
T-SC-180,Hiring of Security Firm Hiring of Security Firm for provision of Security Personnel,"Northern Power Generation Company Limited GENCO III,Muzaffargarh, Pakistan",,"Jan 9, 2026"
DISPOSAL/CONDEMNATION OF RETRIEVED TELEPHONE/COPPER CABLES,AUCTION NOTICE,"National Telecommunication Corporation (NTC),Islamabad, Pakistan",,"Jan 9, 2026"
622-641disp,OPEN AUCTION DISPOSAL NOTICE FESCO vehicles,"Faisalabad Electric Supply Company (FESCO),Faisalabad, Pakistan",,"Jan 9, 2026"
KSEW REPAIR & MAINTENANCE WORK OSR - 10352,KSEW REPAIR & MAINTENANCE WORK OSR - 10352,"Karachi Shipyard and Engineering Works Ltd,Karachi west, Pakistan",,"Jan 9, 2026"
89,PRE-QUALIFICATION NOTICE,"Pakistan Engineering Council,Islamabad, Pakistan",,"Jan 9, 2026"
2514203/B-2512/340364,INTERTHANE 870 ARYLIC POLYURETHANE FINISH DK GREY,"Directorate of Procurement (Navy),Islamabad, Pakistan",,"Jan 9, 2026"
"KSEW LPR-4522,8443,10137,10330,10524,10733,10913","KSEW LPR-4522,8443,10137,10330,10524,10733,10913","Karachi Shipyard and Engineering Works Ltd,Karachi west, Pakistan",,"Jan 9, 2026"
GS/02/2026,PURCHASE OF CARPET,"Pakistan Institute of Development Economics (PIDE),Islamabad, Pakistan",,"Jan 9, 2026"
12070,INVITATION TO BIDS REPAIR AND MAINTENANCE OF ADMIN BLOCK AT,"Pakistan Airports Authority (PAA),Karachi south, Pakistan",,"Jan 9, 2026"
GS/03/2026,HIRING OF VEHICLES SERVICES ON RENTAL BASIS ALL PAKISTAN,"Pakistan Institute of Development Economics (PIDE),Islamabad, Pakistan",,"Jan 9, 2026"
Ref No. PMDC/Pro/Salt-Grinding plant/WH/3058,Tender Notice for Operation of China Chakki at PMDC Warcha,"Pakistan Mineral Development Corporation(PMDC),Islamabad, Pakistan",,"Jan 9, 2026"
HQ/ADV-25/2025-26,Procurement of Gigabit Passive Optical Network (GPON) Equipment for NTC on Frame Agreement DDP Site Basis,"National Telecommunication Corporation (NTC),Islamabad, Pakistan",,"Jan 9, 2026"
12069,TENDER NOTICE R/M OF HVAC WORKS SERVICES AT JIAP - KARACHI R,"Pakistan Airports Authority (PAA),Karachi south, Pakistan",,"Jan 9, 2026"
13(06-01-2026),"Nursery Division, CDA Capital Development Authority","Capital Development Authority,Islamabad, Pakistan",,"Jan 9, 2026"
ITB No. GSD (MSD)/ Pharmacy/364002/2026,In house pharmacy services for SBPBSC Invitation to Bid,"State Bank of Pakistan,Karachi west, Pakistan",,"Jan 9, 2026"
12063,INVITATION TO BIDS MAINTENANCE AND UPGRADATION OF WATER FILT,"Pakistan Airports Authority (PAA),Karachi south, Pakistan",,"Jan 9, 2026"
ATG 2025/26,Stationery & Misc Trg Items..,"Army Medical College,Rawalpindi, Pakistan",,"Jan 9, 2026"
,Auction,"Cantonment Board,Sanjwal Cantt, Pakistan",,"Jan 9, 2026"
WCB/Engr/465,Heavy Duty Winch Cleaner Machine,"Cantonment Board,Lahore, Pakistan",,"Jan 9, 2026"
Rehab/ Up- Gradation S&T main gate....,Rehab / Up- Gradation S&T main gate....,"Military Engineering Services (Airforce),kamra, Pakistan",,"Jan 9, 2026"
PRD(L)/WAPDA/174(2025-26),WAPDA RE MANGLA DAM ORGANIZATION WAPDA,"Water and Power Development Authority (WAPDA),Lahore city, Pakistan",,"Jan 9, 2026"
SCP/05/2025-26/ITD,Procurement of Audio Video Conferencing System,"Supreme Court of Pakistan,Islamabad, Pakistan",,"Jan 9, 2026"
PRD(L)/WAPDA/175(2025-26),WAPDA GHAZI BAROTHA ATTOCK WAPDA,"Water and Power Development Authority (WAPDA),Lahore city, Pakistan",,"Jan 9, 2026"
PRD(L)/WAPDA/170(2025-26),WAPDA TARBELA HYDEL POWER STATION WAPDA,"Water and Power Development Authority (WAPDA),Lahore city, Pakistan",,"Jan 9, 2026"
9-3/DD ( gen)/Admn/Nab ( K) /2025-26,GPO Building Main I.I Chundrigar Road,"National Accountability Bureau,Karachi central, Pakistan",,"Jan 9, 2026"
3-2/DD ( Gen) Admn/ Nab( K)/2025-26,Office Stationery,"National Accountability Bureau,Karachi central, Pakistan",,"Jan 9, 2026"
M-14,EM-(M-14) -2024-25-05 & 0 Emergency Maintenance Works,"National Highway Authority (NHA),Islamabad, Pakistan",,"Jan 9, 2026"
0005-LP-MGF-56 dt 07.01.2026.,Proc. of Die Cut Packing Foam for Bottom Pistol,"Pakistan Ordnance Factories,Wah Cantt, Pakistan",,"Jan 9, 2026"
0006-LP-56-MGF dt 07.01.2026,Proc. of Tech. Manual for PISTOL PK-9/POFX,"Pakistan Ordnance Factories,Wah Cantt, Pakistan",,"Jan 9, 2026"
E/CS-2(179)/2025,MAINTENANCE AND REPAIR OF KPT FLAT NO CK-05 AT KV-19 BUILDIN,"Karachi Port Trust,Karachi central, Pakistan",,"Jan 8, 2026"
E/CS-2(193)/25,REPAIR AND MAINTENANCE OF KPT FLAT NO EK-92 AT KV-14 BUILDIN,"Karachi Port Trust,Karachi central, Pakistan",,"Jan 8, 2026"
IBD/ENGG-Store/366498/25,Civil and Electrical Items,"State Bank of Pakistan,Islamabad, Pakistan",,"Jan 8, 2026"
NADRA-HQ-RFB-02/2026,Procurement of 297 x Water Dispenser 3 Taps,"National Database and Registration Authority NADRA,Islamabad, Pakistan",,"Jan 8, 2026"
CUI-LHR-TN-26-1890,"4524-Consumable items under PSF funded Project awarded to Dr. Aamir Razaq Physics Department, CUI-Lahore","COMSATS,Lahore, Pakistan",,"Jan 8, 2026"
MNT/TE/002/2026,Cotton Gloves / Cotton Rags / Klingrite Sheet etc,"Sui Northern Gas Pipelines Limited,Multan, Pakistan",,"Jan 8, 2026"
MNT/TE/001/2026,Welding Material,"Sui Northern Gas Pipelines Limited,Multan, Pakistan",,"Jan 8, 2026"
,Conservancy Grant Items,"Pakistan Airforce,Sargodha, Pakistan",,"Jan 8, 2026"
MFEC/39,Construction of Tracks at NAS Turbat,"Marines Fields Engineering Company (Pakistan Navy),Sujawal, Pakistan",,"Jan 8, 2026"
,Cleaning Services,"Embassy of Pakistan,Bishkek, Kyrgyzstan",,"Jan 8, 2026"
5081/RT-6104/Upgrd/25-26/FOR(A)/HRF(T)/SCM dated 02 January,Up-gradation of Connecting Rod Vertical Boring Single Spindl,"Heavy Industries Taxila (HIT),Taxila, Pakistan",,"Jan 8, 2026"
,,"Water and Power Development Authority (WAPDA),Lahore city, Pakistan WAPDA  GM/PD MOHMAND DAM HYDROPOWER PROJECT WAPDA  PRD(L)/WAPDA/169(2025-26)",,"Jan 9, 2026"
,,"Cantonment Board,Sanjwal Cantt, Pakistan Auction  Auction",,"Jan 9, 2026"
,,"Cantonment Board,Lahore, Pakistan Heavy Duty Winch Cleaner Machine   Heavy Duty Winch Cleaner Machine   WCB/Engr/465",,"Jan 9, 2026"
,,"Military Engineering Services (Airforce),kamra, Pakistan Rehab / Up- Gradation S&T  main gate....  Rehab/ Up- Gradation S&T  main gate....  6982/Advt/85/E6",,"Jan 9, 2026"
,,"Supreme Court of Pakistan,Islamabad, Pakistan Procurement of Audio Video Conferencing System  Procurement of Audio Video Conferencing System  SCP/05/2025-26/ITD",,"Jan 9, 2026"
,,"National Accountability Bureau,Karachi central, Pakistan GPO Building  Main I.I  Chundrigar  Road   GPO Building  Main I.I  Chundrigar  Road   9-3/DD ( gen)/Admn/Nab ( K) /2025-26",,"Jan 9, 2026"
,,"National Highway Authority (NHA),Islamabad, Pakistan EM-(M-14) -2024-25-05 & 0  Emergency Maintenance Works   M-14",,"Jan 9, 2026"
,,"Pakistan Ordnance Factories,Wah Cantt, Pakistan Proc. of Die Cut Packing Foam for Bottom Pistol   Proc. of Die Cut Packing Foam for Bottom Pistol   0005-LP-MGF-56 dt 07.01.2026.",,"Jan 9, 2026"
,,"Karachi Port Trust,Karachi central, Pakistan MAINTENANCE AND REPAIR OF KPT FLAT NO CK-05 AT KV-19 BUILDIN  MAINTENANCE AND REPAIR OF KPT FLAT NO CK-05 AT KV-19 BUILDIN  E/CS-2(179)/2025",,"Jan 8, 2026"
,,"Karachi Port Trust,Karachi central, Pakistan REPAIR AND MAINTENANCE OF KPT FLAT NO EK-92 AT KV-14 BUILDIN  REPAIR AND MAINTENANCE OF KPT FLAT NO EK-92 AT KV-14 BUILDIN   E/CS-2(193)/25",,"Jan 8, 2026"
,,"State Bank of Pakistan,Islamabad, Pakistan Civil and Electrical Items    IBD/ENGG-Store/366498/25",,"Jan 8, 2026"
,,"National Database and Registration Authority NADRA,Islamabad, Pakistan Procurement of 297 x Water Dispenser 3 Taps  Procurement of 297 x Water Dispenser 3 Taps  NADRA-HQ-RFB-02/2026",,"Jan 8, 2026"
,,"Pakistan Navy,Karachi west, Pakistan PROCUREMENT OF MISC SPARES AND GOODS  Normal Tender  CLP/IT/1089",,"Jan 8, 2026"
,,"COMSATS,Lahore, Pakistan 4524-Consumable items under PSF funded Project  awarded to Dr. Aamir Razaq Physics Department, CUI-Lahore   CUI-LHR-TN-26-1890",,"Jan 8, 2026"
,,"Sui Northern Gas Pipelines Limited,Multan, Pakistan Cotton Gloves / Cotton Rags / Klingrite Sheet etc    MNT/TE/002/2026",,"Jan 8, 2026"
,,"Pakistan Airforce,Sargodha, Pakistan Conservancy Grant Items   Conservancy Grant Items",,"Jan 8, 2026"
,,"Marines Fields Engineering Company (Pakistan Navy),Sujawal, Pakistan Construction of Tracks at NAS Turbat    MFEC/39",,"Jan 8, 2026"
,,"Embassy of Pakistan,Bishkek, Kyrgyzstan Cleaning  Services  Cleaning  Services",,"Jan 8, 2026"
,,"Heavy Industries Taxila (HIT),Taxila, Pakistan Up-gradation of Connecting Rod Vertical Boring Single Spindl  Up-gradation of Connecting Rod Vertical Boring Single Spindl  5081/RT-6104/Upgrd/25-26/FOR(A)/HRF(T)/SCM dated 02 January",,"Jan 8, 2026"
379/39,Invitation to E-Bid,"Oil and Gas Development Company Limited,Islamabad, Pakistan",,"Jan 8, 2026"
,Machinery/ Tool...,"Station Workshop EME,Rawalpindi, Pakistan",,"Jan 8, 2026"
7885/IT-8707/2025-26/GF/FOR(B)/SCM dated 07 Jan 2026,PROCUREMENT OF UNICUT NON-SOLUBLE OIL,"Heavy Industries Taxila (HIT),Taxila, Pakistan",,"Heavy Industries Taxila (HIT),Taxila, Pakistan"
,"Training Items, stationery,etc..","Basic Training Battalion,Nowshera, Pakistan",,"Jan 8, 2026"
33102/ACCTS,Stationery Items,"Basic Training Battalion,Nowshera, Pakistan",,"Jan 8, 2026"
3881/2025-26/RT-7301/FWA/ APC(F)/SCM dated 6 January 2026,Procurement of Four Post Hydraulic Lifter,"Heavy Industries Taxila (HIT),Taxila, Pakistan",,"Jan 8, 2026"
ppointment of Valuer Firm/Consultant,Appointment of Valuer Firm/Consultant,"Federal Employees Benevolent and Group Insurance Fund,Islamabad, Pakistan",,"Jan 8, 2026"
,,"National Highway and Motorway Police (NHMP),Sararogha, Pakistan Cutting & Stitching of Uniform of NHMP Officer Sector M-2(S)    TENDER  No. 01/SSP/M-2(S)/NHMP/2025-26",,"Jan 8, 2026"
,,"Pakistan Railways,Rawalpindi, Pakistan Auction   Auction",,"Jan 8, 2026"
,,"Heavy Industries Taxila (HIT),Taxila, Pakistan Proc of Mechanical Vacuum Lifter for Lifting of Metal Sheets  N/A   3881/2025-26/RT-7304/FWA/APC (F)/SCM dated 07 January 2026",,"Jan 8, 2026"
,,"Consulate General of Pakistan,New york, United states Const of booths..  Const of booths..  Com/NY/27/2025","May 22, 2026","Jan 8, 2026"
,,"National Defence University,Islamabad, Pakistan Core Firewall,etc..  Core Firewall,etc..",,"Jan 8, 2026"
,,"Pakistan Ordnance Factories,Wah Cantt, Pakistan MS SHEET 19SWG..  MS SHEET 19SWG..  0002-LP-B&G-56-B",,"Jan 8, 2026"
,,"Military Engineering Services (Army),Bannu, Pakistan TC For  External Electric Supply   TC For  External Electric Supply   6000/02/E-6",,"Jan 8, 2026"
,,"Military Engineering Services (Army),Rawalpindi, Pakistan Repair/Replacement of water supply line..  Repair/Replacement of water supply line.",,"Jan 8, 2026"
,,"Ministry of Poverty Alleviation and Social Safty,Islamabad, Pakistan Janitorial and cleaning services  Janitorial and cleaning services  7-12/2025(G)-",,"Jan 8, 2026"
,,"305 Spares Depot EME,Karachi south, Pakistan Misc Items   Misc  Items   12/305-2025-26",,"Jan 8, 2026"
,,"National Highway and Motorway Police (NHMP),Lahore, Pakistan Office Stationery (General),etc..  Office Stationery (General),etc..",,"Jan 8, 2026"
,,"State Life Insurance Corporation of Pakistan,Peshawar, Pakistan Printing Items   Printing Items   HRA &P/pSH/001/2026",,"Jan 8, 2026"
,,"HQ 31 Corps,Bahawalpur, Pakistan Stationery,etc..  Stationery,etc..",,"Jan 8, 2026"
,,"Federal Directorate of Education,Islamabad, Pakistan Establishment of Digital Studio..  Establishment of Digital Studio..  1.1/2025/Connect/ED.Tech/FDE",,"Jan 8, 2026"
,,"NUST College of Electrical and Mechanical Engineering,Rawalpindi, Pakistan Misc Items,etc..  Misc Items,etc..  02/2025-26/EME",,"Jan 8, 2026"
,,"Quetta Electric Supply Company (QESCO),Quetta city, Pakistan Mini Trucks   Mini Trucks",,"Jan 8, 2026"
,,"National Bank of Pakistan,Lahore, Pakistan Renovation & Refurbishment,etc..  Renovation & Refurbishment,etc.",,"Jan 8, 2026"
,,"Sui Northern Gas Pipelines Limited,Fateh jang, Pakistan Civil Material   Civil Material   FCS /RWT/TE/002/26",,"Jan 8, 2026"
,,"Sui Northern Gas Pipelines Limited,Lahore, Pakistan Transfer  Prover Machine   Transfer  Prover Machine   SND-2591/25",,"Jan 8, 2026"
,,"Sui Northern Gas Pipelines Limited,LAHORE, Pakistan 18 Dia...  18 Dia...  01/25-07",,"Jan 8, 2026"
2590020/R2601/360394,"Water Bowzer (10,000 Litters)","Directorate of Procurement (Navy),Islamabad, Pakistan",,"Jan 8, 2026"
Sig /Proj/LON/SDR/Tender 245,PROCUREMENT OF TOOLS AND ACCESSORIES Tender,"Pakistan Railways,Lahore city, Pakistan",,"Jan 8, 2026"
"0032/LP/CMC/56/P-A, DT: 17-12-2025",Procurement of Machine Spares (Electrical),"Pakistan Ordnance Factories,Wah Cantt, Pakistan",,"Jan 8, 2026"
CICP/H01/IND/2505093/R-2509/320043,PROCUREMENT OF STEEL CHANNEL CARBON STEEL (FINISH: BLACK),"Directorate of Procurement (Navy),Islamabad, Pakistan",,"Jan 8, 2026"
Sig/Prog/LON-SDR/246/2025,SUPPLY OF RAW MATERIAL Tender,"Pakistan Railways,Lahore city, Pakistan",,"Jan 8, 2026"
CUI-LHR-TN-26-1889,"4471-Air Conditioners, Furniture, Glass board, Notice Board and Window Blinds for IRCBM and Math-Department, CUI-Lahore","COMSATS,Lahore, Pakistan",,"Jan 8, 2026"
CICP/SMSD/AG90B/IND/2567168/R-2512/320325,PROCUREMENT OF CONICAL MOUNT MODEL T-90,"Directorate of Procurement (Navy),Islamabad, Pakistan",,"Jan 8, 2026"
2505217/R-2512/310323,"CABLE POWER ELECT ELASTOMERIC LFH, 3 CORES COND276/0.40 440V","Directorate of Procurement (Navy),Islamabad, Pakistan",,"Jan 8, 2026"
Tender Inquiry No12,Electronic Eqpt Tender Inquiry No 12,"305 Spares Depot EME,Karachi east, Pakistan",,"Jan 8, 2026"
"0006/LP/SCM/56/SAA, DT.19-12-2025",Procurement of Lead Ingots,"Pakistan Ordnance Factories,Wah Cantt, Pakistan",,"Jan 8, 2026"
33102/Accounts,Misc Items,"Junior Leaders Academy (Army),Nowshera, Pakistan",,"Jan 7, 2026"
901/17/Accts,Misc items/ Training Items..,"HQ Force Command,Gilgit, Pakistan",,"Jan 7, 2026"
Advt-01/2026,Misc Items/ Works TC B&R- I Sub Div ...,"Military Engineering Services (Army),Sargodha, Pakistan",,"Jan 7, 2026"
05/2025-26,Stationery Items,"General Headquarters (Army),Rawalpindi, Pakistan",,"Jan 7, 2026"
06/2025-26,"Air Freshner,etc..","General Headquarters (Army),Rawalpindi, Pakistan",,"Jan 7, 2026"
101/ACC- NVP95RA,Purchase of Vaccine,"Canine Company Army,Rawalpindi, Pakistan",,"Jan 7, 2026"
17,Misc Items...,"Central Ordnance Depot,Rawalpindi, Pakistan",,"Jan 7, 2026"
12067,INVITATION TO BIDS FABRICATION AND INSTALLATION OF SS LETTER,"Pakistan Airports Authority (PAA),Karachi south, Pakistan",,"Jan 8, 2026"
NCB-STG-T&P-31 to NCB-STG-T&P-33,"Various STG/T&P Equipment(s) and Test Set(s) Breathers, Temperature Gauges, Primary Injection, C&DF Set","Gujranwala Electric Power Company Limited,Gujranwala, Pakistan",,"Jan 8, 2026"
CC/TUBES/WHRB/2026,Boiler Tubes,"Sui Northern Gas Pipelines Limited,Lahore, Pakistan",,"Jan 7, 2026"
SNGPL/NP&D/HDD/TL/01/25-03,12 DIA..,"Sui Northern Gas Pipelines Limited,Lahore, Pakistan",,"Jan 7, 2026"
FCS/KPAL/TE/068/2025,Fabrication Material,"Sui Northern Gas Pipelines Limited,Dera ismail khan (d.i. khan), Pakistan",,"Jan 7, 2026"
FCS/KPAL/TE/073/2025,Lowering Material,"Sui Northern Gas Pipelines Limited,Dera ismail khan (d.i. khan), Pakistan",,"Jan 7, 2026"
FCS/KPAL/TE/072/2025,Dewatering Material,"Sui Northern Gas Pipelines Limited,Dera ismail khan (d.i. khan), Pakistan",,"Jan 7, 2026"
12059,NOTICE INVITING TENDER REPLACEMENT OF UNDERPERFORMING AC UNI,"Pakistan Airports Authority (PAA),Karachi south, Pakistan",,"Jan 8, 2026"
FCS/KPAL/TE/071/2025,Grinder Parts,"Sui Northern Gas Pipelines Limited,Dera ismail khan (d.i. khan), Pakistan",,"Jan 7, 2026"
FCS/KPAL/Te/067/2025,Electrical Material,"Sui Northern Gas Pipelines Limited,Dera ismail khan (d.i. khan), Pakistan",,"Jan 7, 2026"
FCS/KPAL/TE/069/2025,C & W Material,"Sui Northern Gas Pipelines Limited,Dera ismail khan (d.i. khan), Pakistan",,"Jan 7, 2026"
PM-19376- nZ,Loading Arms,"Pakistan State Oil,Karachi central, Pakistan",,"Jan 7, 2026"
"0050, 0059-LP-W-56",PROCUREMENT OF PLASTIC MATERIAL & FLANELETTE,"Pakistan Ordnance Factories,Wah Cantt, Pakistan",,"Jan 8, 2026"
PM-19377-NZ,Supply of Pump..,"Pakistan State Oil,Karachi central, Pakistan",,"Jan 8, 2026"
LT-A4686- SZR,Operational Handling Services,"Pakistan State Oil,Karachi central, Pakistan",,"Jan 7, 2026"
CS-19383-SZ,Services Required for PRI Installation on Disaster Recovery (DR) Site,"Pakistan State Oil,Karachi central, Pakistan",,"Jan 7, 2026"
SNT-2303/25,Digital Pressure & Temperature Calibrators,"Sui Northern Gas Pipelines Limited,Lahore, Pakistan",,"Jan 7, 2026"
PQ-A4813-SJ,Pre-qualification of SAP partners,"Pakistan State Oil,Karachi central, Pakistan",,"Jan 7, 2026"
AD-193845-SZ,Services for Study of the Complete Building,"Pakistan State Oil,Karachi central, Pakistan",,"Jan 7, 2026"
CF-19374-AS,Mechanical Works,"Pakistan State Oil,Karachi central, Pakistan",,"Jan 7, 2026"
OP-A4815- FF,Annual contract for refilling and repairing,"Pakistan State Oil,Karachi central, Pakistan",,"Jan 7, 2026"
,SLA Renewal for NMS Software,"Pakistan State Oil,Karachi central, Pakistan",,"Jan 7, 2026"
807,Procurement of Janitorial Services for SMEDA Sindh Office,"Small Medium Enterprise Development Authority (SMEDA),Lahore, Pakistan",,"Jan 7, 2026"
3032-3033MM,FESCO TENDER NOTICE Distribution Transformers,"Faisalabad Electric Supply Company (FESCO),Faisalabad, Pakistan",,"Jan 7, 2026"
SSGC/SC/PT/EPADS/14156,Telecomm System Installation of Tower at Jhampir Rs-4 Near N,"Sui Southern Gas Company Limited,Karachi central, Pakistan",,"Jan 9, 2026"
3027-3030MM,FESCO TENDER NOTICE Supply of Material,"Faisalabad Electric Supply Company (FESCO),Faisalabad, Pakistan",,"Jan 7, 2026"
359/44,Inv to E-Bid,"Oil and Gas Development Company Limited,Islamabad, Pakistan",,"Jan 7, 2026"
UCH/TE/002/2026,SPLIT TYPE AIR CONDITIONER 18000 BTU,"Sui Northern Gas Pipelines Limited,Bahawalnagar, Pakistan",,"Jan 7, 2026"
NADRA-HQ-RFB-01/2026,Civil Works for preparation of 4.5m SATCOM Antenna Base,"National Database and Registration Authority NADRA,Islamabad, Pakistan",,"Jan 7, 2026"
HMC-75/2025 & CORRIGENDUM Tender Notice No: HMC-72/2025,Procurement of Misc Items,"Heavy Mechanical Complex,Taxila, Pakistan",,"Jan 7, 2026"
No. 1106/HSF-69(iv),Purchase of Punjab Textbooks,"National Book Foundation,Islamabad, Pakistan",,"Jan 7, 2026"
E/CS-2(179)/2025,PROVISION OF DEDICATED CHANGING ROOM AND WASH ROOM FACILITY,"Karachi Port Trust,Karachi central, Pakistan",,"Jan 7, 2026"
2590017/R2512/360350,Pickup Double Cabin (4x4),"Directorate of Procurement (Navy),Islamabad, Pakistan",,"Jan 7, 2026"
,Misc Items,"National Highway and Motorway Police (NHMP),Jhelum, Pakistan",,"Jan 7, 2026"
2590030/R2601/360396,Trailer with Prime Mover (10 Tons),"Directorate of Procurement (Navy),Islamabad, Pakistan",,"Jan 12, 2026"
2590025/R2601/360393,04X Armored Personnel Carrier (APC) RHD on chassis of Toyota,"Directorate of Procurement (Navy),Islamabad, Pakistan",,"Jan 7, 2026"
CUI-Proc/(TN-715/1/2026),Supply of Furniture Items,"COMSATS University,Islamabad, Pakistan",,"Jan 7, 2026"
2583075/R-2601/380389,NIV Drugs (01 x Item),"Directorate of Procurement (Navy),Islamabad, Pakistan",,"Jan 7, 2026"
12060,INVITATION TO BIDS DEVELOPMENT OF GYMNASIUM AND SOUVENIR SHO,"Pakistan Airports Authority (PAA),Karachi south, Pakistan",,"Jan 7, 2026"
FCS/KPAL/TE/070/2025,Tie In Welding Material,"Sui Northern Gas Pipelines Limited,Dera ismail khan (d.i. khan), Pakistan",,"Jan 7, 2026"
MFEC/38,Construction of Earth Filled Track for Accessing Company HQ,"Marines Fields Engineering Company (Pakistan Navy),Sujawal, Pakistan",,"Jan 7, 2026"
FCS/NSR/TE/001/26,Tyres,"Sui Northern Gas Pipelines Limited,Charsadda, Pakistan",,"Jan 7, 2026"
FCS/KK?/TE/004/26,Testing Material,"Sui Northern Gas Pipelines Limited,Charsadda, Pakistan",,"Jan 7, 2026"
FCS/RWT/001/26,Tyres,"Sui Northern Gas Pipelines Limited,Attock, Pakistan",,"Jan 7, 2026"
Repair/ Replacement/ Maintenance of Hard Standiing .,Repair/ Replacement/ Maintenance of Hard Standiing ..,"Military Engineering Services (Navy),Kech (turbat), Pakistan",,"Jan 7, 2026"
6010-ab/824/E-6,"Const of Bdry Wall,etc..","Military Engineering Services (Army),Karachi central, Pakistan",,"Jan 7, 2026"
12066,AUCTION NOTICE OLD AND BER AUDITORIUM CHAIRS QTY 250 HELD AT,"Pakistan Airports Authority (PAA),Karachi south, Pakistan",,"Jan 7, 2026"
09/205-26,Medical & Scientific ( Consumable) ..,"Public Sector Organization,Karachi central, Pakistan",,"Jan 7, 2026"
,Different Items,"Parachute Training School (SSG),Peshawar, Pakistan",,"Jan 7, 2026"
2010,Furniture ..,"Garrison Headquarters,Gujranwala, Pakistan",,"Jan 7, 2026"
,Office Stationery,"Ministry of Energy (Power Division),Lahore, Pakistan",,"Jan 7, 2026"
NADRA/NRCs-QTA-RFP/2025/02,Engineering Consultancy Services,"National Database and Registration Authority NADRA,Quetta city, Pakistan",,"Jan 7, 2026"
PD (GSC) Qesco-10 (2025-26),Const of Tower Foundation..,"Quetta Electric Supply Company (QESCO),Quetta city, Pakistan",,"Jan 7, 2026"
01/Power Van/Outsource/2025 (DAP),ELECT/POWER VAN/OUTSOURCING/2025 Corrigendum,"Pakistan Railways,Lahore city, Pakistan",,"Jan 7, 2026"
,Appointment of Consultant ..,"State Life Insurance Corporation of Pakistan,Karachi central, Pakistan",,"Jan 7, 2026"
1/ACCTs,Agriculture Stores...,"Breeding Area,Sahiwal, Pakistan",,"Jan 7, 2026"
1304/Adver/HQFC-KP/Sigs,"Signal Equipment,misc Items,etc..","HQ Frontier Corps (KPK),Peshawar, Pakistan",,"Jan 7, 2026"
0025-LP-MAA-55-A,STEEL SQUARE BAR,"Pakistan State Oil,Wah Cantt, Pakistan",,"Jan 7, 2026"
,MBVS Devices MBVS Devices..,"Special Communications Organization,Rawalpindi, Pakistan",,"Jan 7, 2026"
NIM-TPT/IST-LV/2021,Transport Services,"National Institute of Public Administration (NIPA),Lahore, Pakistan",,"Jan 7, 2026"
,Insulated Bucket Mounted Vehiclese,"Lahore Electric Supply Company (LESCO),Pakistan v, Pakistan",,"Jan 7, 2026"
4313,HT TOU CT/PT Operated AMI Smart energy Meter,"Lahore Electric Supply Company (LESCO),Lahore, Pakistan",,"Jan 7, 2026"
,,"Pakistan Airports  Authority (PAA),Karachi south, Pakistan INVITATION TO BIDS DEVELOPMENT OF GYMNASIUM AND SOUVENIR SHO  INVITATION TO BIDS DEVELOPMENT OF GYMNASIUM AND SOUVENIR SHO  12060",,"Jan 7, 2026"
,,"Sui Northern Gas Pipelines Limited,Dera ismail khan (d.i. khan), Pakistan Tie In Welding  Material   Tie In Welding  Material   FCS/KPAL/TE/070/2025",,"Jan 7, 2026"
,,"Sui Northern Gas Pipelines Limited,Charsadda, Pakistan Tyres  Tyres  FCS/NSR/TE/001/26",,"Jan 7, 2026"
,,"Sui Northern Gas Pipelines Limited,Attock, Pakistan Tyres  Tyres  FCS/RWT/001/26",,"Jan 7, 2026"
,,"Military Engineering Services (Navy),Kech (turbat), Pakistan Repair/ Replacement/ Maintenance  of Hard Standiing  ..  Repair/ Replacement/ Maintenance  of Hard Standiing  .  6000-PPRA/13/E-6",,"Jan 7, 2026"
,,"Military Engineering Services (Army),Karachi central, Pakistan Const of Bdry Wall,etc..  Const of Bdry Wall,etc..  6010-ab/824/E-6",,"Jan 7, 2026"
,,"Public Sector Organization,Karachi central, Pakistan Medical  & Scientific  ( Consumable) ..  Medical  & Scientific  ( Consumable) ..  09/205-26",,"Jan 7, 2026"
,,"Parachute Training School (SSG),Peshawar, Pakistan Different Items   Different Items",,"Jan 7, 2026"
,,"Garrison Headquarters,Gujranwala, Pakistan Furniture ..  Furniture ..  2010",,"Jan 7, 2026"
,,"Ministry of Energy (Power Division),Lahore, Pakistan Office Stationery   Office Stationery",,"Jan 7, 2026"
,,"National Highway and Motorway Police (NHMP),Daska, Pakistan Cutting & Stitching of Uniforms  Cutting & Stitching of Uniforms  DSP/LHQ /LSM&LEBP)/25-26/01",,"Jan 7, 2026"
,,"Pakistan Railways,Lahore city, Pakistan ELECT/POWER VAN/OUTSOURCING/2025  Corrigendum  01/Power Van/Outsource/2025 (DAP)",,"Jan 7, 2026"
,,"State Life Insurance Corporation of Pakistan,Karachi central, Pakistan Appointment of Consultant ..  Appointment of Consultant ..",,"Jan 7, 2026"
,,"Breeding Area,Sahiwal, Pakistan Agriculture Stores...  Agriculture Stores...  1/ACCTs",,"Jan 7, 2026"
,,"HQ Frontier Corps (KPK),Peshawar, Pakistan Signal Equipment,misc Items,etc..  Signal Equipment,misc Items,etc..  1304/Adver/HQFC-KP/Sigs",,"Jan 7, 2026"
,,"Pakistan State Oil,Wah Cantt, Pakistan STEEL SQUARE BAR  STEEL SQUARE BAR  0025-LP-MAA-55-A",,"Jan 7, 2026"
,,"Special Communications Organization,Rawalpindi, Pakistan MBVS Devices  MBVS Devices..",,"Jan 7, 2026"
,,"National Institute of Public Administration (NIPA),Lahore, Pakistan Transport Services  Transport Services  NIM-TPT/IST-LV/2021",,"Jan 7, 2026"
,,"Lahore Electric Supply Company (LESCO),Pakistan v, Pakistan Insulated Bucket Mounted Vehiclese  Insulated Bucket Mounted Vehiclese",,"Jan 7, 2026"
,,"Lahore Electric Supply Company (LESCO),Lahore, Pakistan HT TOU CT/PT Operated  AMI  Smart energy Meter   HT TOU CT/PT Operated  AMI  Smart energy Meter  4313",,"Jan 7, 2026"
AIC/2026/01,Rental / Lease of GArden Area of Awian-e-Iqbal,"Aiwan-e-Iqbal Complex,Lahore, Pakistan",,"Jan 7, 2026"
PRD(L)/WAPDA/166(2025-26),WAPDA RE CIVIL MANGLA DAM ORGANIZATION MANGLA WAPDA,"Water and Power Development Authority (WAPDA),Lahore city, Pakistan",,"Jan 9, 2026"
"INVITATION FOR BID/ Chief Engineer (AM) North NTDC,Lhr.","Tender No :T-359-2026 Dismantling of Towers, Conductor and Hardware of 220kV TL","National Transmission and Despatch Company,Lahore, Pakistan",,"Jan 7, 2026"
08/ASF(IIAP)/2025-26/Store,Tender for Supply & Stitching of Uniform items ASF Islamabad,"Airports Security Force,Karachi central, Pakistan",,"Jan 7, 2026"
128-W/3/Diversion/Tender /WA/2025-26,SUPPLY STACKING AND LOADING INTO RAILWAY WAGONS Tender,"Pakistan Railways,Lahore city, Pakistan",,"Jan 7, 2026"
A (01)/PSEB/2026-02,Selection of Training Firms for Delivery of Accelerated Prof Request for Proposals,"Pakistan Software Export Board,Islamabad, Pakistan",,"Jan 7, 2026"
RWP/TE/001/2026,Supply of Printing Items,"Sui Northern Gas Pipelines Limited,Rawalpindi, Pakistan",,"Jan 7, 2026"
3- Med /H/Contract/ MUL/21,"Tractor Trolly ,etc..","Pakistan Railways,Multan, Pakistan",,"Jan 6, 2026"
,Misc Stationery,"Federal Govt Educational Institutions (C/G) Directorate,Rawalpindi, Pakistan",,"Jan 6, 2026"
6006-ADVT-CMES/38/E-6,Shifting and repositioning of ocean...,"Military Engineering Services (Navy),Karachi east, Pakistan",,"Jan 6, 2026"
08/2025,Proc of Equipment..,"National College of Arts,Lahore, Pakistan",,"Jan 6, 2026"
128-W/Tender Notice/PT_I/W.A,RENOVATION OF RAILWAY STATION AT RAHIM YAR KHAN Tender,"Pakistan Railways,Lahore city, Pakistan",,"Jan 7, 2026"
DIR-PSH/G-11/A/ACE-9/,Auction,"National Telecommunication Corporation (NTC),Peshawar, Pakistan",,"Jan 6, 2026"
,Renovation of Basement..,"Federal Employees Benevolent and Group Insurance Fund,Islamabad, Pakistan",,"Jan 6, 2026"
,Hiring the services of CA Firms,"Utility Stores Corporation of Pakistan,Islamabad, Pakistan",,"Jan 6, 2026"
F-26044582340,Conservancy & Janitorial Services,"Pakistan Railways,Rawalpindi, Pakistan",,"Jan 6, 2026"
398-SIG/SUP/SIG/Tender/2025-2026,SIGNALLING SYSTEM Tender,"Pakistan Railways,Lahore city, Pakistan",,"Jan 7, 2026"
,"Envoirnment Wing, CDA 07 - 02-01-2026","Capital Development Authority,Islamabad, Pakistan",,"Jan 6, 2026"
Nespak774,"CONSULTANCY SERVICES FOR DESIGNING &CONSTRUCTION SUPERVISION OF COMMUNITY CENTRE NEAR SAHIANWALA INTERCHANGE,FAISALABAD","National Engineering Services Pakistan (NESPAK),Lahore city, Pakistan",,"Jan 6, 2026"
SSGC/SC/PT/EPADS/14157,"Supply & Installation of Network Points, Cat 6 Utp Ethernet","Sui Southern Gas Company Limited,Karachi central, Pakistan",,"Jan 9, 2026"
FCS-MDK-TE-004-26,Hardware Material S/Stock,"Sui Northern Gas Pipelines Limited,Lahore, Pakistan",,"Jan 6, 2026"
FCS-MDK-TE-003-26,Misc Grocery & Stationery Material,"Sui Northern Gas Pipelines Limited,Lahore, Pakistan",,"Jan 6, 2026"
FCS-MDK-TE-002-26,Tyres,"Sui Northern Gas Pipelines Limited,Lahore, Pakistan",,"Jan 6, 2026"
FCS-MDK-TE-001-26,Civil Material,"Sui Northern Gas Pipelines Limited,Lahore, Pakistan",,"Jan 6, 2026"
SSGC/SC/PT/EPADS/14155,Engaging Training Service Provider for SSGC Executives of Mu,"Sui Southern Gas Company Limited,Karachi central, Pakistan",,"Jan 13, 2026"
FCS-TRP-TE-012-26,Paint,"Sui Northern Gas Pipelines Limited,Lahore, Pakistan",,"Jan 6, 2026"
,,"Capital Development Authority,Islamabad, Pakistan Envoirnment Wing, CDA    07 - 02-01-2026",,"Jan 6, 2026"
,,"National Engineering Services Pakistan (NESPAK),Lahore city, Pakistan CONSULTANCY SERVICES FOR DESIGNING &CONSTRUCTION SUPERVISION  OF COMMUNITY CENTRE NEAR SAHIANWALA INTERCHANGE,FAISALABAD  Nespak774",,"Jan 6, 2026"
,,"Sui Southern Gas Company Limited,Karachi central, Pakistan Supply & Installation of Network Points, Cat 6 Utp Ethernet   Supply & Installation of Network Points, Cat 6 Utp Ethernet   SSGC/SC/PT/EPADS/14157",,"Jan 9, 2026"
FCS-TRP-TE-011-26,M.S BAR,"Sui Northern Gas Pipelines Limited,Lahore, Pakistan",,"Jan 6, 2026"
SSGC/SC/PT/EPADS/14153,Ditching & Backfilling and Allied Activities/Excavation of T,"Sui Southern Gas Company Limited,Karachi central, Pakistan",,"Jan 6, 2026"
,,"Pakistan Agriculture Research Council,Islamabad, Pakistan Procurement of Research equipment and Machinery at NARC    PARC Tender No. F. 1-90/2025-26/PARC",,"Jan 6, 2026"
,,"Sui Northern Gas Pipelines Limited,Faisalabad, Pakistan Welding Material  Procurement of Welding Material  FST/TE/006/26",,"Jan 6, 2026"
,,"Oil and Gas Development Company Limited,Islamabad, Pakistan Extension in Bid - Closing & Opening Date  369/11  OGDCL-SCM-SERVICES-CB-PROD-306827793-2025",,"Jan 6, 2026"
,,"Pakistan Post Office,Multan, Pakistan Medicines...  Medicines...",,"Jan 6, 2026"
,,"Multan Electric Power Company (MEPCO),Multan City, Pakistan TRANSFORMER RECLAMATION WORKSHOP MATERIAL    195/26 to 201/26",,"Jan 6, 2026"
,,"Hazara Electric Supply Company HAZECO,Abbottabad, Pakistan H.T ( Structure) 34...  H.T ( Structure) 34...  38 To 69",,"Jan 6, 2026"
,,"COMSATS University,Islamabad, Pakistan Sale of Furniture, Electric/Office Equipment, Computer & Acc  Sale of Furniture, Electric/Office Equipment, Computer & Acc  721 AUCTION NOTICE  No. 29/22-012026",,"Jan 6, 2026"
,,"Sui Northern Gas Pipelines Limited,Rawalpindi, Pakistan Misc CCTV Cameras  Misc CCTV Cameras  RWP/T.E/013/2025",,"Jan 6, 2026"
,Repair/ Maint Works,"Military Engineering Services (Airforce),Karachi central, Pakistan",,"Jan 6, 2026"
IGNITE/Digi/2025-26/0022/Proc,Third Party Assessment of Digiskil Digiskills.pk Program REQUEST FOR PROPOSAL (RFP),"Ministry of IT and TeleCommunication,Islamabad, Pakistan",,"Jan 6, 2026"
A (01)/PSEB/2025-49 C,Selection of Training Company for Capacity Building of IT Corrigendum,"Pakistan Software Export Board,Islamabad, Pakistan",,"Jan 6, 2026"
6672,Consultancy Services for “Environmental and Social Impact As,"National Highway Authority (NHA),Islamabad, Pakistan",,"Jan 6, 2026"
,Services for Agriculture Land.. Services for Agriculture Land.,"Pakistan Airforce,Jacobabad, Pakistan",,"Jan 6, 2026"
2601-01,PRODUCTION OF DOCUMENTARY MOVIE AS PER INSTRUCTIONS,"Pakistan Navy,Karachi central, Pakistan",,"Jan 6, 2026"
Ref.No. PMDC/Pro/Rehab.Gh/Kalabagh,"Rehabilitation of PMDC Guest House, PMDC Salt Mines Kalabagh","Pakistan Mineral Development Corporation(PMDC),Islamabad, Pakistan",,"Jan 6, 2026"
PQ/IT/2025,Pre-Qualification for Procurement of IT Equipment / Services,"Pakistan Engineering Council,Islamabad, Pakistan",,"Jan 6, 2026"
6000/PPRA/13/E-6,Renovation of Swimming Pole... Renovation of Swimming Pole,"Military Engineering Services (Navy),Lahore, Pakistan",,"Jan 5, 2026"
FCS/KK/TE/002/26,Cement..,"Sui Northern Gas Pipelines Limited,Charsadda, Pakistan",,"Jan 5, 2026"
Ref.No.PMDC/Proc-Generator/Sor Range,Repair/ Maintenance 1000 kVA & 500 KVA Gen. Sor Range,"Pakistan Mineral Development Corporation(PMDC),Islamabad, Pakistan",,"Jan 6, 2026"
SNT-2293/25,Hi Flower Sampler,"Sui Northern Gas Pipelines Limited,Lahore, Pakistan",,"Jan 5, 2026"
RHO/ISB/Admn-56/2025,Procurement of Land,"National Database and Registration Authority NADRA,Islamabad, Pakistan",,"Jan 5, 2026"
,"Medicines, Lab Equipment,etc..","HQ Frontier Corps (KPK),Peshawar, Pakistan",,"Jan 5, 2026"
,Elevate of Boundary Wall..,"National Bank of Pakistan,Karachi central, Pakistan",,"Jan 5, 2026"
600_ADV/43/E6,Rehab of Drainage ..,"Military Engineering Services (Army),Taxila, Pakistan",,"Jan 5, 2026"
BN-19370- MS,Ramadan Souvenir - Dates Box,"Pakistan State Oil,Karachi east, Pakistan",,"Jan 5, 2026"
PROVIDING SER FOR DRILING OF BORE HOLE NEAR CUST REST ROOM,PROVIDING SER FOR DRILING OF BORE HOLE NEAR CUST REST ROOM,"Karachi Shipyard and Engineering Works Ltd,Karachi west, Pakistan",,"Jan 6, 2026"
,Running of Main Cafteria..,"Air University,Islamabad, Pakistan",,"Jan 6, 2026"
3005/C/LF,Utilization of Land..,"HQ Military Farm,Lahore, Pakistan",,"Jan 6, 2026"
TD -366,Upgradation of Odoo from Version 14 to 18 with Functional,"National University of Technology (NUTECH),Islamabad, Pakistan",,"Jan 6, 2026"
6016/73/E-6,Misc Repair/ Renov/ Maint..,"Military Engineering Services (Army),Rawalpindi, Pakistan",,"Jan 6, 2026"
,"Elelctro Medical Equipment,etc.. Elelctro Medical Equipment,etc.","Pakistan Coast Guards,Karachi central, Pakistan",,"Jan 6, 2026"
PRD(L)/WAPDA/167(2025-26),WAPDA RE GOLEN GOL HYDEL POWER STATION CHITRAL,"Water and Power Development Authority (WAPDA),Lahore city, Pakistan",,"Jan 6, 2026"
,Uniform & Protective Cloth,"Collectorate of Customs, Custom House,Islamabad, Pakistan",,"Jan 6, 2026"
,Uniform and Protective Cloth,"Collectorate of Customs, Custom House,Islamabad, Pakistan",,"Jan 6, 2026"
,"Envoirnment Wing, CDA 648 - 31.12.2025","Capital Development Authority,Islamabad, Pakistan",,"Jan 6, 2026"
,Misc Items Acid Bottle..,"Collectorate of Customs, Custom House,Islamabad, Pakistan",,"Jan 6, 2026"
,"Misc Items Acid Bottle , Air Freshner,etc..","Collectorate of Customs, Custom House,Islamabad, Pakistan",,"Jan 6, 2026"
,"Repair of Vehicles,etc..","Collectorate of Customs, Custom House,Islamabad, Pakistan",,"Jan 6, 2026"
SSGC/SC/NR/EPADS/14128,Construction of 1199 Complaint Center Room at RO Larkana,"Sui Southern Gas Company Limited,Karachi central, Pakistan",,"Jan 5, 2026"
TN-17(2025-26),PROCUREMENT OF WHEEL CHAIRS,"National Disaster Management Authority(NDMA),Islamabad, Pakistan",,"Jan 5, 2026"
Construction of 3x Sheds,Construction of 3x Sheds Construction of 3x Sheds for Warehouse Facilities,"National Disaster Management Authority(NDMA),Islamabad, Pakistan",,"Jan 5, 2026"
LP/T-4004/26,Supply of Digital Thermal Offset Plates,"Pakistan Security Printing Corporation,Karachi central, Pakistan",,"Jan 5, 2026"
N/A,Manufacturing of Special Tools for Engine Rebuild,"Heavy Industries Taxila (HIT),Taxila, Pakistan",,"Jan 5, 2026"
,"IT Equipmemt., etc.. IT Equipmemt., Etc..","COMSATS,Wah Cantt, Pakistan",,"Jan 5, 2026"
CUIW/PS/TENM/25-26/25,Services of Contractor..,"COMSATS,Wah Cantt, Pakistan",,"Jan 5, 2026"
,"Stationery Items, Uniform,Machinery,etc..","Federal Board of Revenue (FBR),Lahore, Pakistan",,"Jan 5, 2026"
,Hiring of Tax Consultant,"Independent System and Market Operator (ISMO),Islamabad, Pakistan",,"Jan 5, 2026"
IT-01-2614,Raw Material,"Heavy Industries Taxila (HIT),Taxila, Pakistan",,"Jan 5, 2026"
EM-NA-2024-25-N-35-31,SM-NA-2024-25-E-35-29,"National Highway Authority (NHA),Islamabad, Pakistan",,"Jan 5, 2026"
19/2025-2026,"Design Services , Overhauling of Transformers,etc..","National Institute of Health (NIH),Islamabad, Pakistan",,"Jan 5, 2026"
FCS/SOA /TE/001/26,Lowering And Sleeving Material Lowering And Sleeving Materia,"Sui Northern Gas Pipelines Limited,Rawalpindi, Pakistan",,"Jan 5, 2026"
FST/TE/004/26,Electrical Equipments Procurement of Electrical Equipments,"Sui Northern Gas Pipelines Limited,Faisalabad, Pakistan",,"Jan 5, 2026"
FST/TE/003/26,Misc. Hardware Material Procurement of Misc. Hardware Material,"Sui Northern Gas Pipelines Limited,Faisalabad, Pakistan",,"Jan 5, 2026"
FCS/KK/TE/002/26,Cement Fresh,"Sui Northern Gas Pipelines Limited,Charsadda, Pakistan",,"Jan 5, 2026"
FCS/SOA/TE/002/26,Stringing Material,"Sui Northern Gas Pipelines Limited,Rawalpindi, Pakistan",,"Jan 5, 2026"
FCS/SOA/TE/003/26,Pipe Lifting Belt,"Sui Northern Gas Pipelines Limited,Rawalpindi, Pakistan",,"Jan 5, 2026"
FCS/KK/TE/001/26,Bricks,"Sui Northern Gas Pipelines Limited,Charsadda, Pakistan",,"Jan 5, 2026"
"INVITATION FOR BIDS/ Chief Engineer (A.M) North, NGC Multan",TENDER No. CE-AM-NGC-MN-01-2025-26 Purchase of Goods for (Asset Management) North Multan,"National Transmission and Despatch Company,Lahore, Pakistan",,"Jan 5, 2026"
2012,Furniture Items,"Garrison Headquarters,Lahore, Pakistan",,"Jan 5, 2026"
GMCM/EMISSIONS/CORSIA/EU /12/2025,Hiring of Verification Body.. Hiring of Verification Body.,"Pakistan International Airline (PIA),Karachi central, Pakistan",,"Jan 5, 2026"
4309,IT Equipment Laptops..,"Lahore Electric Supply Company (LESCO),Lahor, Pakistan",,"Jan 5, 2026"
P-32/2025,Procurement of Notebooks,"Pakistan Revenue Automation (Pvt) LTD.,Islamabad, Pakistan",,"Jan 5, 2026"
Case No. 0801/01/IT Eqpt/S3H/157430 dated 05 Jan 2026,Procurement of Photocopier Machines for S3H-NUST,"NUST School of Social Sciences and Humanities (S3H),Islamabad, Pakistan",,"NUST School of Social Sciences and Humanities (S3H),Islamabad, Pakistan"
LP/T-4001/26,Hiring of Consultancy Services,"Pakistan Security Printing Corporation,Karachi central, Pakistan",,"Jan 5, 2026"
,Stationery Items,"National Highway and Motorway Police (NHMP),Jhelum, Pakistan",,"Jan 5, 2026"
(DNT/Cutting Disc/Lead ingots & Sheets/Rupture Disc),Procurement of Chemicals & Mechanical Spare/Tools,"Pakistan Ordnance Factories,Abbottabad, Pakistan",,"Jan 5, 2026"
,HIRING OF TAX CONSULTANCY SERVICES,"Pakistan Industrial Development Corporation,Karachi central, Pakistan",,"Jan 5, 2026"
,HIRING OF LAWYER SERVICES,"Pakistan Industrial Development Corporation,Karachi central, Pakistan",,"Jan 5, 2026"
,Auction,"Ordnance Unit,Gujranwala city, Pakistan",,"Jan 5, 2026"
05/26,OH Consultancy Services,"Sui Northern Gas Pipelines Limited,Lahore, Pakistan",,"Jan 5, 2026"
HR/3.1(A)/2026,Hiring of Testing Agency,"Sui Northern Gas Pipelines Limited,Lahore, Pakistan",,"Jan 5, 2026"
EP-26 To Ep-30,"Safe Loading, Unloading, Carriage Transportation..","Lahore Electric Supply Company (LESCO),Lahore, Pakistan",,"Jan 5, 2026"
,Const of Feeding Alleys..,"HQ Military Farm,Okara, Pakistan",,"Jan 5, 2026"
,Different Medicines & Medical Devices General Store & Clothing..,"Ministry of Religious Affairs & Interfaith Harmony,Islamabad, Pakistan",,"Jan 5, 2026"
0444/07/IT/LP,General Store & Clothing..,"Ordnance Depot,Quetta city, Pakistan",,"Jan 5, 2026"
P-30/2025,Procurement of Goods and Related Services,"Pakistan Revenue Automation (Pvt) LTD.,Islamabad, Pakistan",,"Jan 5, 2026"
,Notice of Tender 1800-31-Advt-GM-Civil-Wah Works,"Pakistan Ordnance Factories,Wah Cantt, Pakistan",,"Jan 5, 2026"
0027/LP/HOSP/55,HEPA Filters,"Pakistan Ordnance Factories,Wah Cantt, Pakistan",,"Jan 5, 2026"
134-138/2025,"Misc Chemicals,etc..","Public Sector Organization,Islamabad, Pakistan",,"Jan 5, 2026"
No. PMA/AO-Tender/Jan/2026/:,"Provision of Outsourcing of Services of Drivers, Cooks, Stew Outsourcing services","Pakistan Military Academy (PMA),Karachi east, Pakistan",,"Jan 5, 2026"
,ASPEN 2 T Fuel FRT..,"HQ Logistic Area,Gujranwala, Pakistan",,"Jan 5, 2026"
D-45,Ceiling & Lighting Works,"Islamabad Club,Islamabad, Pakistan",,"Jan 5, 2026"
,"MS Shelf, Pipe,etc..","National Logistics Corporation (NLC),Karimabad / Gojal, Pakistan",,"Jan 5, 2026"
25/ICT/NW/NLC/2025,ICT Networking Equipment,"National Logistics Corporation (NLC),Rawalpindi, Pakistan",,"Jan 5, 2026"
,Notice of Tender 1800-31-Advt.GMC,"Pakistan Ordnance Factories,Wah Cantt, Pakistan",,"Jan 5, 2026"
ABT/TE/001/2026,Walk Through Gate Supply Of Walk Through Gate,"Sui Northern Gas Pipelines Limited,Abbottabad, Pakistan",,"Jan 5, 2026"
507/16/PSS,Printing of Degree Folders Degree Folders for Examination Section,"Quaid-i-Azam University,Islamabad, Pakistan",,"Jan 5, 2026"
,Medical Stores..,"Pakistan Airforce,Peshawar, Pakistan",,"Jan 5, 2026"
,"Procurement of Equipment,etc..","Pakistan Airforce,Rawalpindi, Pakistan",,"Jan 5, 2026"
12057,INVITATION FOR BIDS PROCUREMENT OF PHOTOMETRIC TESTING EQUIP,"Pakistan Airports Authority (PAA),Karachi south, Pakistan",,"Jan 5, 2026"
A (01)/PSEB/2026-01,Establishment of National Co-Working Space Program (NCSP) Ce Expression of Interest,"Pakistan Software Export Board,Islamabad, Pakistan",,"Jan 5, 2026"
"0028, 0205, 0222, 0225, 0227, 0251, 0256, 0267","0028, 0205, 0222, 0225, 0227, 0251, 0256, 0267 PAKISTAN ORDINANCE FACTORY SANJWAL CANTT ATTOCK","Pakistan Ordnance Factories,Wah Cantt, Pakistan",,"Jan 5, 2026"
12056,GOLDEN OPPORTUNITY FOR OIL MARKETING COMPANIES AUCTION OF LE,"Pakistan Airports Authority (PAA),Karachi south, Pakistan",,"Jan 5, 2026"
,,"Pakistan Industrial Development Corporation,Karachi central, Pakistan HIRING OF LAWYER SERVICES  HIRING OF LAWYER SERVICES",,"Jan 5, 2026"
,,"Ordnance Unit,Gujranwala city, Pakistan Auction   Auction",,"Jan 5, 2026"
,,"HQ Military Farm,Okara, Pakistan Const of  Feeding  Alleys..  Const of  Feeding  Alleys..",,"Jan 5, 2026"
,,"Ministry of Religious Affairs & Interfaith Harmony,Islamabad, Pakistan Different Medicines & Medical Devices  General Store & Clothing..",,"Jan 5, 2026"
,,"Ordnance Depot,Quetta city, Pakistan General Store & Clothing..  General Store & Clothing..  0444/07/IT/LP",,"Jan 5, 2026"
,,"Pakistan Revenue Automation (Pvt)  LTD.,Islamabad, Pakistan  Procurement of Goods and Related Services   Procurement of Goods and Related Services   P-30/2025",,"Jan 5, 2026"
,,"Pakistan Ordnance Factories,Wah Cantt, Pakistan Notice of Tender    1800-31-Advt-GM-Civil-Wah Works",,"Jan 5, 2026"
,,"Pakistan Ordnance Factories,Wah Cantt, Pakistan HEPA  Filters  HEPA  Filters  0027/LP/HOSP/55",,"Jan 5, 2026"
,,"Public Sector Organization,Islamabad, Pakistan Misc Chemicals,etc..  Misc Chemicals,etc..  134-138/2025",,"Jan 5, 2026"
,,"Military Engineering Services (Airforce),Sargodha, Pakistan Certain Facilities   Certain Facilities   6015-ADV/27/E-6",,"Jan 5, 2026"
,,"Pakistan Military Academy (PMA),Karachi east, Pakistan Provision of Outsourcing of Services of Drivers, Cooks, Stew  Outsourcing services  No. PMA/AO-Tender/Jan/2026/:",,"Jan 5, 2026"
,,"HQ Logistic Area,Gujranwala, Pakistan ASPEN 2 T Fuel  FRT..  ASPEN 2 T Fuel  FRT..",,"Jan 5, 2026"
,,"Islamabad Club,Islamabad, Pakistan Ceiling & Lighting Works   Ceiling & Lighting Works   D-45",,"Jan 5, 2026"
,,"National Logistics Corporation (NLC),Karimabad / Gojal, Pakistan MS Shelf, Pipe,etc..  MS Shelf, Pipe,etc..",,"Jan 5, 2026"
,,"National Logistics Corporation (NLC),Rawalpindi, Pakistan ICT Networking Equipment   ICT Networking Equipment   25/ICT/NW/NLC/2025",,"Jan 5, 2026"
,,"Sui Northern Gas Pipelines Limited,Abbottabad, Pakistan Walk Through Gate  Supply Of  Walk Through Gate  ABT/TE/001/2026",,"Jan 5, 2026"
,,"Quaid-i-Azam University,Islamabad, Pakistan Printing of Degree Folders  Degree Folders for Examination Section  507/16/PSS",,"Jan 5, 2026"
,,"Pakistan Airforce,Peshawar, Pakistan Medical Stores..  Medical Stores..",,"Jan 5, 2026"
,,"Pakistan Airforce,Rawalpindi, Pakistan Procurement of Equipment,etc..  Procurement of Equipment,etc..",,"Jan 5, 2026"
,,"Pakistan Software Export Board,Islamabad, Pakistan Establishment of National Co-Working Space Program (NCSP) Ce  Expression of Interest  A (01)/PSEB/2026-01",,"Jan 5, 2026"
,,"Pakistan Ordnance Factories,Wah Cantt, Pakistan 0028, 0205, 0222, 0225, 0227, 0251, 0256, 0267  PAKISTAN ORDINANCE FACTORY SANJWAL CANTT ATTOCK  0028, 0205, 0222, 0225, 0227, 0251, 0256, 0267",,"Jan 5, 2026"
6010-Adv/10/E-6,"Military Engineer Services (Air Force), GE (Air) Lahore Military Engineer Services Notice of Tender","Military Engineering Services (Army),Lahore, Pakistan",,"Jan 2, 2026"
LED/127/25,"MANAGED SECURITY OPERATION CENTER (SOC) , Services 1 year","Sui Northern Gas Pipelines Limited,Lahore, Pakistan",,"Jan 2, 2026"
LED/126/25,Networking at Transmission Locations,"Sui Northern Gas Pipelines Limited,Lahore, Pakistan",,"Jan 2, 2026"
LED/117/25,High End Server,"Sui Northern Gas Pipelines Limited,Lahore, Pakistan",,"Jan 2, 2026"
LET/171/25,"Electric Vehicle (Sedan) , Battery Pack 66-84 KW, Milleage p","Sui Northern Gas Pipelines Limited,Lahore, Pakistan",,"Jan 2, 2026"
SSGC/LP/EPADS/NR/2117014,SSGC/LP/EPADS/NR/2117014 (Electrical Items),"Sui Southern Gas Company Limited,Karachi central, Pakistan",,"Jan 2, 2026"
SSGC/LP/EPADS/NR/2117015,SSGC/LP/EPADS/NR/2117015 (Paint & Allied Material),"Sui Southern Gas Company Limited,Karachi central, Pakistan",,"Jan 2, 2026"
F.7(124)CDNS-OPS/2025,Provisioning of Managed Services and 27/7 NOC Operations,"Central Directorate of National Savings,Islamabad Capital Territory (ICT), Pakistan",,"Jan 2, 2026"
SSGC/LP/EPADS/NR/2117018,SSGC/LP/EPADS/NR/2117018 (Spares for Air Compressor),"Sui Southern Gas Company Limited,Karachi central, Pakistan",,"Jan 2, 2026"
WAH/TE/002/2026,M.S Angle Iron Supply Of M.S Angle Iron,"Sui Northern Gas Pipelines Limited,Wah Cantt, Pakistan",,"Jan 2, 2026"
SSGC/LP/EPADS/NR/2117017,SSGC/LP/EPADS/NR/2117017 (ELECTRIC VEHICLE),"Sui Southern Gas Company Limited,Karachi central, Pakistan",,"Jan 2, 2026"
Supply Of Misc Hardware Material (Store/Stock),Misc Hardware Material (Store/Stock),"Sui Northern Gas Pipelines Limited,Wah Cantt, Pakistan",,"Jan 2, 2026"
LP/T-2379/26,SUPPLY OF WOOD FREE OFFSET PAPER 19”X21”/63 GSM,"Pakistan Security Printing Corporation,Karachi central, Pakistan",,"Jan 2, 2026"
SLL/SC/1275,Attendance & Payroll software Backup Rental,"Sui Southern Gas Company Limited,Karachi central, Pakistan",,"Jan 2, 2026"
SSGC/LP/EPADS/NR/2117016,SSGC/LP/EPADS/NR/2117016 (Spares),"Sui Southern Gas Company Limited,Karachi central, Pakistan",,"Jan 2, 2026"
LET/167/25,"SCADA ENGINEERING WORKSTATION, REMOTE & SERVER MACHINES","Sui Northern Gas Pipelines Limited,Lahore, Pakistan",,"Jan 2, 2026"
--,"Tender of Firm for Miscellaneous Items, PTV Peshawar Centre","Pakistan Television Corporation Limited,Islamabad, Pakistan",,"Jan 2, 2026"
SSGC/LP/EPADS/NR/2117019,SSGC/LP/EPADS/NR/2117019 (Domestic Appliances),"Sui Southern Gas Company Limited,Karachi central, Pakistan",,"Jan 2, 2026"
FOB/C&F & FOR (Only for Local Manufacturers SRO 827(1)/2001),Coke Breeze Backfill,"Sui Southern Gas Company Limited,Karachi central, Pakistan",,"Jan 2, 2026"
LED/001/26,ORIGINAL TONER,"Sui Northern Gas Pipelines Limited,Lahore, Pakistan",,"Jan 2, 2026"
SLL-NR-1276,Proposal for Purchase & Implementation of Recruitment Module,"Sui Southern Gas Company Limited,Karachi central, Pakistan",,"Jan 2, 2026"
CUI/Atd/Admin Printing/28 (2025-2026),"Procurement of Panaflex, Broacher etc.","COMSATS University,Abbottabad, Pakistan",,"Jan 2, 2026"
FOB/C&F/FOR Basis,Gas Engine Generator (63 KVA),"Sui Southern Gas Company Limited,Karachi central, Pakistan",,"Jan 2, 2026"
FOB/C&F/FOR Basis,Gas Engine Generator (100 KVA),"Sui Southern Gas Company Limited,Karachi central, Pakistan",,"Jan 2, 2026"
SLL-NR-1274,Supply of Batteries for Terminal Generators & Fire Pumps Supply of Batteries for Terminal Generators & Fire Pumps at,"Sui Southern Gas Company Limited,Karachi central, Pakistan",,"Jan 2, 2026"
LED/121/25,PRINTED MATERIAL,"Sui Northern Gas Pipelines Limited,Lahore, Pakistan",,"Jan 2, 2026"
LET/186/25,SURFACE PROFILE GAUGE & 05 OTHER ITEMS,"Sui Northern Gas Pipelines Limited,Lahore, Pakistan",,"Jan 2, 2026"
OPF-1372,PROCUREMENT OF WINTER UNIFORM 2025-26 FOR OPF OFFICIALS DEPUTED AT INTERNATIONAL AIRPORTS ACROSS PAKISTAN,"Overseas Pakistanis Foundation,Islamabad, Pakistan",,"Jan 2, 2026"
"Tender NO. 10, 11 & 12","Supply of Store/Hardware,Installation&Commisioning 11kVetc","Pakistan MINT,Lahore, Pakistan",,"Jan 2, 2026"
2004,Furniture Items,"Garrison Headquarters,Kharian, Pakistan",,"Jan 2, 2026"
SLL-NR-1266,Consultancy to Develop Tender Documents & Technical Specific,"Sui Southern Gas Company Limited,Karachi central, Pakistan",,"Jan 2, 2026"
SLIC CASH CARRY SERVICE/03/2025,Cash & Carry Services,"State Life Insurance Corporation of Pakistan,Behrain, Pakistan",,"Jan 2, 2026"
GMCM/Trnspt/TGS/LHE/01/25,Transport Services,"Pakistan International Airline (PIA),Karachi central, Pakistan",,"Jan 2, 2026"
NTOC,14x ETTM Toll Plazas,"National Highway Authority (NHA),Islamabad, Pakistan",,"Jan 2, 2026"
BE(IT)50(1)2018/2025-26,Renewal of 09 FortiGate Firewalls & Softwares,"Bureau of Emigration and Overseas Employment,Islamabad, Pakistan",,"Jan 2, 2026"
GF-19341-JA,LPG..,"Pakistan State Oil,Karachi east, Pakistan",,"Jan 2, 2026"
GF-19335-JA,LPG..,"Pakistan State Oil,Karachi central, Pakistan",,"Jan 2, 2026"
GF-19353-JA,LPG...,"Pakistan State Oil,Karachi east, Pakistan",,"Jan 2, 2026"
03-IRADA-/2025-26,MISCELLANEOUS AGRO CHEMICAL PESTICIDES,"Ministry of Science and Technology,Karachi central, Pakistan",,"Jan 2, 2026"
CP/03/2025-26/ITD,Fortigate-201F Unified Threat Protection (UTP,"Supreme Court of Pakistan,Islamabad, Pakistan",,"Jan 2, 2026"
EOBI/HO/ IT/ WAN/04/2025,Establishment of Managed WAN Services for EOBI,"Employees Old-Age Benefits Institution,Karachi central, Pakistan",,"Jan 2, 2026"
GSC-14/2025-26,Const of Electrical Equipment,"Hyderabad Electric Supply Company (HESCO),Hyderabad city, Pakistan",,"Jan 2, 2026"
,Solarization,"Cantonment Board,Mardan, Pakistan",,"Jan 2, 2026"
1-2025-28,"Supply of Stores, Misc Items,etc..","National Highway and Motorway Police (NHMP),Karachi central, Pakistan",,"Jan 2, 2026"
99A(A),Vehicles for Sale..,"Pakistan Steel,Karachi central, Pakistan",,"Jan 2, 2026"
,"Const of Residential Blocks,etc..","President's Secretariat (Personal),Islamabad, Pakistan",,"Jan 1, 2026"
613-621disp,FESCO OPEN AUCTION DISPOSAL NOTICE Unserviceable Material,"Faisalabad Electric Supply Company (FESCO),Faisalabad, Pakistan",,"Jan 2, 2026"
CUI-Proc/(TN-716/01/2026),Event Management for (Orientation Spring 2026 at CUI),"COMSATS University,Islamabad, Pakistan",,"Jan 2, 2026"
"08,29,03,19,52,67,07,09,54,40,44,07,18,20,21/LP/SAA&BM/56","08,29,03,19,52,67,07,09,54,40,44,07,18,20,21/LP/SAA&BM/56 PROCUREMENT OF DIFFERENT STORES","Pakistan Ordnance Factories,Wah Cantt, Pakistan",,"Jan 2, 2026"
SUPPLY OF BATTERY BANKS/RE-ROUTING OF EXISTING OFC SERVICES,INVITATION TO e-BIDS,"National Telecommunication Corporation (NTC),Islamabad, Pakistan",,"Jan 2, 2026"
"INVITATION FOR BID/Deputy Manager Civil, A.M(N) NGC,Isb.","XEN-CIVIL-NGC-ISB-02/2025-26 CONSTRUCTION OF SECURITY OFFICE, BOUNDARY WALL","National Transmission and Despatch Company,Lahore, Pakistan",,"Jan 2, 2026"
5126/IT-5701/25-26/FOB/GF/SCM,Procurement of CNC Deep Hole Boring Machine,"Heavy Industries Taxila (HIT),Taxila, Pakistan",,"Jan 2, 2026"
,Hiring of Manpower ...,"Cabinet Division,Islamabad, Pakistan",,"Jan 1, 2026"
5041/RT-6602/FOR-A/HRF (M)/SCM/25-26,Procurement of Spares for Rebuild of APC,"Heavy Industries Taxila (HIT),Taxila, Pakistan",,"Jan 2, 2026"
CC/Roof/Store/LHR/2026,Re Const of Roof..,"Sui Northern Gas Pipelines Limited,Lahore, Pakistan",,"Jan 1, 2026"
,Certain Facilities,"Military Engineering Services (Navy),Islamabad, Pakistan",,"Jan 1, 2026"
2026-17,Cochlear Implant surgeries,"Pakistan Bait-ul-Mal,Islamabad Capital Territory (ICT), Pakistan",,"Jan 2, 2026"
"6900/CC-489 to CL-320,31 & 555/352/E-6..","Fence Alongwith Road ,etc..","Military Engineering Services (Navy),Islamabad, Pakistan",,"Jan 2, 2026"
Const/ Proc of certain Residential / Non Residential Facilities.,Const/ Proc of certain Residential / Non Residential Facilities..,"Military Engineering Services (Army),Rawalpindi, Pakistan",,"Jan 1, 2026"
17,Tender for preparation of Customs Day Tender to be opened on 16-01-2026 published on EPADS.,"Collectorate of Customs (Enforcement), Peshawar,Peshawar, Pakistan",,"Jan 2, 2026"
702/Accts,"Gen Store items,etc..","HQ 45 Engineer Div,Rawalpindi, Pakistan",,"Jan 1, 2026"
01/2026,Auction,"Public Sector Organization,Mianwali, Pakistan",,"Jan 1, 2026"
PACB/741/53032010/0962/P-1,Procurement of Chemicals,"Pakistan Aeronautical Complex,kamra, Pakistan",,"Jan 2, 2026"
LP/T-2354/25,"Project Supply Hiring, Services for Installation, Commissioning, Test Run of Complete Effluent Treatment Plant","Pakistan Security Printing Corporation,Karachi central, Pakistan",,"Jan 2, 2026"
PRD(L)/WAPDA/160(2025-26),WAPDA CE & PD CRBC LINK CANAL PROJECT CHASHMA WAPDA,"Water and Power Development Authority (WAPDA),Lahore city, Pakistan",,"Jan 2, 2026"
"0211,0016,0021,0209,0203,0210,0335/55,0030,0241",PAKISTAN ORDINANCE FACTORY SANJWAL CANTT ATTOCK,"Pakistan Ordnance Factories,Wah Cantt, Pakistan",,"Jan 2, 2026"
PRD(L)/WAPDA/161(2025-26),WAPDA RE CHITRAL GOLEN GOL WAPDA,"Water and Power Development Authority (WAPDA),Lahore city, Pakistan",,"Jan 2, 2026"
01/2026,"Safety Helmet,etc..","Public Sector Organization,Islamabad, Pakistan",,"Jan 1, 2026"
PRD(L)/WAPDA/162(2025-26),WAPDA RE GGHPS WAPDA KOGHUZI CHITRAL KPK WAPDA,"Water and Power Development Authority (WAPDA),Lahore city, Pakistan",,"Jan 2, 2026"
CICP/E01/IND/2511120/B-2601/ 320386,"PROCUREMENT OF SPINNAKAR 470, V-02-0.75 (WHITE) SPINNAKER","Directorate of Procurement (Navy),Islamabad, Pakistan",,"Jan 2, 2026"
CICP/E01/IND/2511127/B-2601/ 320385,PROCUREMENT OF MAST LASER,"Directorate of Procurement (Navy),Islamabad, Pakistan",,"Jan 2, 2026"
2590363/B2512/360380,PROCUREMENT OF PRACTICE ROUND FOR 76mm NAVAL GUN,"Directorate of Procurement (Navy),Islamabad, Pakistan",,"Jan 2, 2026"
PRD(L)/WAPDA/159(2025-26),WAPDA RE CHICHOKI POWER STATION WAPDA,"Water and Power Development Authority (WAPDA),Lahore city, Pakistan",,"Jan 2, 2026"
2590287/R-2512/310367,INFANT WARMER,"Directorate of Procurement (Navy),Islamabad, Pakistan",,"Jan 2, 2026"
2590291/R-2512/310371,MORTUARY REFIGERATOR,"Directorate of Procurement (Navy),Islamabad, Pakistan",,"Jan 2, 2026"
Ref.No.PMDC/Pro/MIne No 29&4/WA,Tender Notice for jansukh Mine No. 29 & Kaoryan 04 Warcha,"Pakistan Mineral Development Corporation(PMDC),Islamabad, Pakistan",,"Jan 2, 2026"
2590292/R-2512/310372,FULLY AUTOMATIC CHEMISTRY ANALYZER,"Directorate of Procurement (Navy),Islamabad, Pakistan",,"Jan 2, 2026"
2590286/R-2512/310366,DIATHERMY MACHINE WITH ACCESSORIES,"Directorate of Procurement (Navy),Islamabad, Pakistan",,"Jan 2, 2026"
PSW/PROC/24-25/DMO-318,HIRING OF SERVICES FOR DATA WAREHOUSE MIGRATION,"Pakistan Single Window (PSW),Islamabad, Pakistan",,"Jan 2, 2026"
IC-19363-NZ,Supply of Gifts and Giveaways,"Pakistan State Oil,Karachi south, Pakistan",,"Jan 1, 2026"
NOR-121J-R2-2025,"Supply of 132/11.5KV, 10/13 MVA Power Transformers","National Grid Company of Pakistan Limited NGC,Lahore, Pakistan",,"Jan 1, 2026"
I&P/Revamping/Repair/Store/25-26 Pakistan,Revamping and Repair of Meteorological Store,"Pakistan Meteorological Department,Islamabad, Pakistan",,"Jan 1, 2026"
FCS/NSRTE/027/25,Hardware Material,"Sui Northern Gas Pipelines Limited,Charsadda, Pakistan",,"Jan 1, 2026"
Procurement of Air Compressor / Photocopier Machine,Air Compressor / Photocopier Machine,"Sui Northern Gas Pipelines Limited,Faisalabad, Pakistan",,"Jan 2, 2026"
,Prequalification of Hospitals,"National Fertilizer Corporation,Faisalabad, Pakistan",,"Jan 1, 2026"
FST/TE/001/26,Misc. Electrical Appliances Procurement of Misc. Electrical Appliances,"Sui Northern Gas Pipelines Limited,Faisalabad, Pakistan",,"Jan 2, 2026"
IAC/ENG/Compressor/25,IAC/ENG/Compressor/25,"Pakistan International Airline (PIA),Karachi central, Pakistan",,"Jan 1, 2026"
SN-4767/25,Screwed Fitting,"Sui Northern Gas Pipelines Limited,Lahore, Pakistan",,"Jan 1, 2026"
FSD-002-26,Juices..,"Pakistan International Airline (PIA),Karachi east, Pakistan",,"Jan 1, 2026"
Eng- North-001,Load Cells of Weighbridge ... Load Cells of Weighbridge ..,"Export Processing Zones Authority,Karachi central, Pakistan",,"Jan 1, 2026"
01012026-q1,Repair and Maintenance of House,"Capital Development Authority,Islamabad, Pakistan",,"Jan 1, 2026"
UCH/TE/001/2026,"GI M10 BOLT J-TYРЕ HООK, WITH NUT, CUP AND RUBBER WASHER","Sui Northern Gas Pipelines Limited,Bahawalnagar, Pakistan",,"Jan 1, 2026"
GSU (NNO)/ 360830 / UPS Batteries / 2025-26,Supply & Installation of Maintenance Free Dry Batteries,"State Bank of Pakistan,Karachi central, Pakistan",,"Jan 1, 2026"
PCB-COm1,Outdoor Media Agency Services,"Pakistan Cricket Board,Islamabad, Pakistan",,"Jan 1, 2026"
SSGC/LP/EPADS/PT/2116012,SSGC/LP/EPADS/PT/2116012 (POLYETHYLENE PIPE (PE-100) 125 MM),"Sui Southern Gas Company Limited,Karachi central, Pakistan",,"Jan 2, 2026"
SSGC/LP/EPADS/PT/2116009,SSGC/LP/EPADS/PT/2116009 (POLYETHYLENE PIPE (PE-100) 40 MM),"Sui Southern Gas Company Limited,Karachi central, Pakistan",,"Jan 1, 2026"
SSGC/LP/EPADS/PT/2116011,SSGC/LP/EPADS/PT/2116011 (POLYETHYLENE PIPE (PE-100) 63 MM),"Sui Southern Gas Company Limited,Karachi central, Pakistan",,"Jan 1, 2026"
SSGC/LP/EPADS/PT/2116010,SSGC/LP/EPADS/PT/2116010 (PE Pipe - 20mm),"Sui Southern Gas Company Limited,Karachi central, Pakistan",,"Jan 1, 2026"
SSGC/LP/EPADS/PT/2116016,SSGC/LP/EPADS/PT/2116016 (Tyres/Tubes/Flappers),"Sui Southern Gas Company Limited,Karachi central, Pakistan",,"Jan 1, 2026"
SSGC/LP/EPADS/PT/2116013,SSGC/LP/EPADS/PT/2116013 (Motor Vehicle),"Sui Southern Gas Company Limited,Karachi central, Pakistan",,"Jan 1, 2026"
SSGC/LP/EPADS/PT/2116015,SSGC/LP/EPADS/PT/2116015 (Cement),"Sui Southern Gas Company Limited,Karachi central, Pakistan",,"Jan 1, 2026"
SSGC/LP/EPADS/PT/2115008,SSGC/LP/EPADS/PT/2115008 (Offset Swivel),"Sui Southern Gas Company Limited,Karachi central, Pakistan",,"Jan 1, 2026"
SLL-PT-1265,Inspection of Trestle & Tank Area LPG & Firewater Piping,"Sui Southern Gas Company Limited,Karachi central, Pakistan",,"Jan 1, 2026"
ENG-187-25,Dry Cleaning ..,"Pakistan International Airline (PIA),Karachi central, Pakistan",,"Jan 1, 2026"
2(112)SS(IT)/2025,Hiring of Oracle Security Support Services,"Federal Board of Revenue (FBR),Islamabad, Pakistan",,"Jan 1, 2026"
,Hiring of Legal Advisor..,"Chief Commissioner Large Taxpayers Unit,Lahore, Pakistan",,"Jan 1, 2026"
,Offfice Space Required,"Pakistan Digital Authority (PDA),Islamabad, Pakistan",,"Jan 1, 2026"
PD/O&M/PP/32522/26,"Supply of pressure transmitter,etc..","Pakistan Petroleum Limited,Karachi central, Pakistan",,"Jan 1, 2026"
6000/ADV/217/E6,"Rehab of Bathrooms and Offices,etc..","Military Engineering Services (Army),Taxila, Pakistan",,"Jan 1, 2026"
,Purchase/Supply and Assembling of Furniture Items,"Oil and Gas Regulatory Authority (OGRA),Islamabad, Pakistan",,"Jan 1, 2026"
,"Cotton Nawar,etc..","HQ Frontier Corps (KPK),Peshawar, Pakistan",,"Jan 1, 2026"
"Printing of CUI Stationery,etc..","Printing of CUI Stationery,etc..","COMSATS,Islamabad, Pakistan",,"Jan 1, 2026"
21-B/0/PSC/2024-25,"Special Repair,etc..","Pakistan Railways,Peshawar, Pakistan",,"Jan 1, 2026"
FSD-25010123,Paper Tray Mat,"Pakistan International Airline (PIA),Karachi central, Pakistan",,"Jan 1, 2026"
FSD-25010116,Brown Paper,"Pakistan International Airline (PIA),Karachi central, Pakistan",,"Jan 1, 2026"
SSGC/LP/NT/PT/2116014,SSGC/LP/NT/PT/2116014 (SERVICE VALVES),"Sui Southern Gas Company Limited,Karachi central, Pakistan",,"Jan 1, 2026"
,,"Pakistan International Airline (PIA),Karachi central, Pakistan Dry Cleaning ..  Dry Cleaning ..  ENG-187-25",,"Jan 1, 2026"
,,"Federal Board of Revenue (FBR),Islamabad, Pakistan Hiring of Oracle Security Support Services  Hiring of Oracle Security Support Services  2(112)SS(IT)/2025",,"Jan 1, 2026"
,,"Chief Commissioner  Large Taxpayers Unit,Lahore, Pakistan Hiring of Legal Advisor..  Hiring of Legal Advisor..",,"Jan 1, 2026"
,,"Pakistan Digital Authority (PDA),Islamabad, Pakistan Offfice Space Required  Offfice Space Required",,"Jan 1, 2026"
,,"Pakistan Petroleum Limited,Karachi central, Pakistan Supply of pressure transmitter,etc..  Supply of pressure transmitter,etc..  PD/O&M/PP/32522/26",,"Jan 1, 2026"
,,"Military Engineering Services (Army),Taxila, Pakistan Rehab of Bathrooms and Offices,etc..  Rehab of Bathrooms and Offices,etc..  6000/ADV/217/E6",,"Jan 1, 2026"
,,"Oil and Gas Regulatory Authority (OGRA),Islamabad, Pakistan Purchase/Supply and Assembling of Furniture Items  Purchase/Supply and Assembling of Furniture Items",,"Jan 1, 2026"
,,"HQ Frontier Corps (KPK),Peshawar, Pakistan Cotton Nawar,etc..  Cotton Nawar,etc..",,"Jan 1, 2026"
,,"COMSATS,Islamabad, Pakistan Printing of CUI Stationery,etc..  Printing of CUI Stationery,etc..  Printing of CUI Stationery,etc..",,"Jan 1, 2026"
,,"Pakistan Railways,Peshawar, Pakistan Special Repair,etc..  Special Repair,etc..  21-B/0/PSC/2024-25",,"Jan 1, 2026"
,,"National Telecommunication Corporation (NTC),Lahore, Pakistan Auction   Auction",,"Jan 1, 2026"
12055,INVITATION FOR BIDS SUPPLY & INSTALLATION OF PASSENGER BOARD,"Pakistan Airports Authority (PAA),Karachi south, Pakistan",,"Jan 1, 2026"
2590289/R-2512/310369,SINGLE PHOTOTHERAPY UNIT,"Directorate of Procurement (Navy),Islamabad, Pakistan",,"Jan 1, 2026"
2590288/R-2512/310368,DOUBLE PHOTOTHERAPY UNIT,"Directorate of Procurement (Navy),Islamabad, Pakistan",,"Jan 1, 2026"
PCB-COM,LIVE STREAM MEDIA RIGHTS-PAKISTAN REGION,"Pakistan Cricket Board,Islamabad, Pakistan",,"Jan 1, 2026"
,,"Directorate of Procurement (Navy),Islamabad, Pakistan PROCUREMENT OF HEI ROUNDS 7 x 30mm NAVAL GUN    2590364/B-2512/360379",,"Jan 1, 2026"
,,"Cantonment Board,Mangla, Pakistan Auction   Auction",,"Jan 1, 2026"
,,"Pakistan Cotton Standards Institute,Multan City, Pakistan Supply of weedicides, fertilizers and insecticides..  Supply of weedicides, fertilizers and insecticides..  CCRI/01/2026",,"Jan 1, 2026"
,,"Pakistan Electronic Media Regulatory Authority (PEMRA),Islamabad, Pakistan Supply of IT Equipment & Licenses  Supply of IT Equipment & Licenses  IT",,"Jan 1, 2026"
,,"Pakistan Mineral Development Corporation(PMDC),Islamabad, Pakistan Procurement of ( ERP) Software Services  Procurement of ( ERP) Software Services",,"Jan 1, 2026"
,,"Printing Corporation of Pakistan (PCP),Islamabad, Pakistan SALE/DISPOSAL OF WASTE PAPER LYING AT PCP PRESS, KARACHI    Admn.28(6)/2022-PCP",,"Jan 1, 2026"
,,"Public Sector Organization,Mianwali, Pakistan Auction   Auction   11/2025",,"Dec 31, 2025"
,,"Ammunition Depot,Karachi central, Pakistan Misc Items   Paint , Telephone set,etc..",,"Jan 1, 2026"
,,"Garrison Headquarters,Karachi central, Pakistan Furniture Items   Furniture Items    2013",,"Jan 1, 2026"
,,"Garrison Furniture Yard,Lahore, Pakistan Supply of Furniture..  Supply of Furniture..  1640",,"Jan 1, 2026"
,,"Pakistan Cricket Board,Islamabad, Pakistan PROCUREMENT OF ALL TYPES OF GOODS & SERVICES  PROCUREMENT OF ALL TYPES OF GOODS & SERVICES  PCB-16-2025",,"Jan 1, 2026"
,,"Archaeological Department and Museum,Karachi central, Pakistan Outsourcing of Services  Outsourcing of Services  10A/24/BUDg/2025( ACCt)",,"Dec 31, 2025"
GSD (PROC-III)/ 361498 / Chairs / 2025-26,Supply of All Kinds of Chairs for SBP,"State Bank of Pakistan,Karachi west, Pakistan",,"Dec 31, 2025"
,"Hiring of Security Services at SLBs LHR,GUJ,MTN&FSD RED-LHR-SEC-SLBs(LHR,MTN,FSD&GUJ)-15-2025","State Life Insurance Corporation of Pakistan,Lahore, Pakistan",,"Dec 31, 2025"
Sector-Il Sakrand/25-26/03,Cutting & Stiching of Uniform,"National Highway and Motorway Police (NHMP),Sakrand, Pakistan",,"Dec 31, 2025"
,"Upgradation, repair, and internal relocation","Pakistan Meteorological Department,Islamabad, Pakistan",,"Dec 31, 2025"
,Exterior Paint Services,"Pakistan Meteorological Department,Islamabad, Pakistan",,"Dec 31, 2025"
4882/IT-7064/25-26/TMF/FWA/SCM Dte,Procurement of Laser Engraving Machine Fess Facility,"Heavy Industries Taxila (HIT),Taxila, Pakistan",,"Dec 31, 2025"
,Extraction of Fire Bullet Projectile,"Pakistan Airforce,Jacobabad, Pakistan",,"Dec 31, 2025"
RED-LHR-LIFT-SLB-GUJ-14-2025,Replacement of Main Control Inverter of Lift SLB Gujranwala,"State Life Insurance Corporation of Pakistan,Lahore, Pakistan",,"Dec 31, 2025"
4882/RT-7016 (A)/TMF/FWA/25-26/SCM Dte,Procurement of Electronic Circuit Cards with 5x Items,"Heavy Industries Taxila (HIT),Taxila, Pakistan",,"Dec 31, 2025"
7885/RT-8706/FOR-B/GF/25-26/SCM Dte,Up-gradation of CNC Lathe Machine Software / Hardware,"Heavy Industries Taxila (HIT),Taxila, Pakistan",,"Dec 31, 2025"
(NICL/Procurement/2025/49),Procurement of Claim Management Software,"National Insurance Company Limited,Karachi central, Pakistan",,"Dec 31, 2025"
4882/RT-70102/25-26/FWA/TMF/SCM Dte,Procurement of Safety Shoes (DMS) with 1x Items,"Heavy Industries Taxila (HIT),Taxila, Pakistan",,"Dec 31, 2025"
11 kV Termination Kits 1000 MCM and 500 MCM (I/D & O/D),11 kV Termination Kits 1000 MCM and 500 MCM,"Gujranwala Electric Power Company Limited,Gujranwala, Pakistan",,"Dec 31, 2025"
01,Purchase,"HQ Military Farm,Okara, Pakistan",,"Dec 31, 2025"
SNGPL/NP&D/HDD/TL/01/25-4,12 DIA X 77...,"Sui Northern Gas Pipelines Limited,Lahore, Pakistan",,"Dec 31, 2025"
,"Computer Hardware, Software,etc..","Islamabad High Court,Islamabad, Pakistan",,"Dec 30, 2025"
6020-EMES/38/E6,Repair/ Maint Works..,"Military Engineering Services (Navy),Karachi east, Pakistan",,"Dec 30, 2025"
6000-PPRA/81/E-6,Repair/ Repl Sew Lines,"Military Engineering Services (Army),Karachi central, Pakistan",,"Dec 30, 2025"
QA-19351-SR,"Civil, Electrical & Lab Furniture/Fuming","Pakistan State Oil,Karachi east, Pakistan",,"Dec 30, 2025"
RED-LHR-LIFT-SLB-FSD-13-2025,MONTHLY CONTRACT OF O/M & SERVICING OF 4 LIFT SLB FAISALABAD,"State Life Insurance Corporation of Pakistan,Lahore, Pakistan",,"Dec 31, 2025"
TN-16/2025-26,Installation of Solar Power System,"National Disaster Management Authority(NDMA),Islamabad, Pakistan",,"Dec 31, 2025"
FCS/SOA/TE/027/2025,Canvas Turpal,"Sui Northern Gas Pipelines Limited,Rawalpindi, Pakistan",,"Dec 30, 2025"
SNT-2295/25,Online Gas Chromatograph,"Sui Northern Gas Pipelines Limited,Lahore, Pakistan",,"Dec 30, 2025"
SNT-2294/25,Flow Computer,"Sui Northern Gas Pipelines Limited,Lahore, Pakistan",,"Dec 30, 2025"
5992/IT-23/Indig/A-Veh/EM/ASRF,Development of 2 x Test Benches for A-Veh,"Heavy Industries Taxila (HIT),Taxila, Pakistan",,"Dec 30, 2025"
NICL/Procurement/2025/50),Pre-Qualification of Brokerage Firms (NICL/Procu./2025/50),"National Insurance Company Limited,Karachi central, Pakistan",,"Dec 31, 2025"
797- D( A) /2025-26,Telecom Services,"National Telecommunication Corporation (NTC),Karachi central, Pakistan",,"Dec 30, 2025"
,"Laptops, Computers,etc..","Oil and Gas Regulatory Authority (OGRA),Islamabad, Pakistan",,"Dec 30, 2025"
CLP/IT/1085,PROCUREMENT OF MISC SPARES AND GOODS NORMAL TENDER,"Pakistan Navy,Karachi west, Pakistan",,"Dec 31, 2025"
,"Photocopier Machine,etc..","Military College of Engineering (MCE),Nowshera, Pakistan",,"Dec 30, 2025"
"IT/08, 0,0",Hiring of Transport services and Proc of IT Equipment- NUST,"National University of Science and Technology,Islamabad, Pakistan",,"Dec 31, 2025"
21-23GSC,"INVITTION FOR BIDS (Corrigendum) Construction of Tower Foundations, Erection & Stringing","Faisalabad Electric Supply Company (FESCO),Faisalabad, Pakistan",,"Jan 12, 2026"
18-20GSC,INVITATION FOR BIDS (Corrigendum) Maintenance & Repair of Residences,"Faisalabad Electric Supply Company (FESCO),Faisalabad, Pakistan",,"Jan 12, 2026"
14/2025,H-Pylori Kits,"Pakistan Atomic Energy Commission,Faisalabad, Pakistan",,"Dec 31, 2025"
13-17GSC,"INVITATION FOR BIDS (Corrigendum) Construction of Tower Foundations, Erection & Stringing","Faisalabad Electric Supply Company (FESCO),Faisalabad, Pakistan",,"Jan 12, 2026"
525033/R2512/330357,Inner Thermal/ Warmer Trouser,"Directorate of Procurement (Navy),Islamabad, Pakistan",,"Dec 31, 2025"
6300-PPRA/297/E-6,Supply of Fresh Water..,"Military Engineering Services (Navy),Karachi central, Pakistan",,"Dec 31, 2025"
"0012, 0016 & 0013/LP/GDL/54",Procurement of MISCELLANEOUS (03 x ITEMS),"Pakistan Ordnance Factories,Wah Cantt, Pakistan",,"Dec 31, 2025"
2590308/R-2512/310361,UNIVERSAL DEVICE PROGRAMMER ALONGWITH ACCESSORIES,"Directorate of Procurement (Navy),Islamabad, Pakistan",,"Dec 31, 2025"
2590294/R-2512/310360,MECHANICAL VENTILATOR,"Directorate of Procurement (Navy),Islamabad, Pakistan",,"Dec 31, 2025"
IPC NO: AFD-13R-2025(Lot-I & V),Procurement of Power Transformers and Pad mounted Transformers,"National Grid Company of Pakistan Limited NGC,Lahore, Pakistan",,"Dec 30, 2025"
2590283/R-2512/310362,INFUSION PUMP,"Directorate of Procurement (Navy),Islamabad, Pakistan",,"Dec 31, 2025"
AM_19354- FF,"Rehab Works,etc..","Pakistan State Oil,Karachi central, Pakistan",,"Dec 30, 2025"
CPO/LHQ/S-III/1377,Cutting & Stiching of Uniforms,"National Highway and Motorway Police (NHMP),Kotri, Pakistan",,"Dec 30, 2025"
2590290/R-2512/310370,FIVE PART FULLY AUTOMATIC HEMATOLOGY ANALYZER,"Directorate of Procurement (Navy),Islamabad, Pakistan",,"Dec 31, 2025"
0023-LP-CMC-56-P-B,Procurement of Welding Equipments and materials,"Pakistan Ordnance Factories,Wah Cantt, Pakistan",,"Dec 31, 2025"
2590293/R-2512/310363,ETT MACHINE,"Directorate of Procurement (Navy),Islamabad, Pakistan",,"Jan 7, 2026"
PD/O&M/PP/32488/25,"Supply of Misc. items (gasket, 15 January 32488/25 dryer, smoke detector etc)","Pakistan Petroleum Limited,Karachi central, Pakistan",,"Dec 30, 2025"
6002/25-26/3/Qf,Furniture Items,"Garrison Headquarters,Pano aqil, Pakistan",,"Dec 30, 2025"
"TE NO.0011, 0015, 0007 & 0008/LP/GDL/56",Procurement of MISCELLANEOUS (04 x ITEMS) SUPPLY OF MISCELLANEOUS (04 x ITEMS),"Pakistan Ordnance Factories,Wah Cantt, Pakistan",,"Dec 31, 2025"
IT-19348-FI,PROC OF (ADC) ..,"Pakistan State Oil,Karachi east, Pakistan",,"Dec 30, 2025"
Admn-2(1)/2025,"Services for Transportation of furniture, equipment etc","Embassy of Pakistan,Al jahra’, Pakistan",,"Dec 31, 2025"
RF-19355-AA,Canopy Lights,"Pakistan State Oil,Karachi central, Pakistan",,"Dec 30, 2025"
ITR/1064-2,Aluminum Platform..,"Water and Power Development Authority (WAPDA),Mangla, Pakistan",,"Dec 30, 2025"
LP/T-2377/25,"Supply of Fiber Glass Sheet (Thick. = 2 Mm, Width = 12 Ft & Associated Services.","Pakistan Security Printing Corporation,Karachi central, Pakistan",,"Dec 31, 2025"
F.No.1-6/2025-Int,Consultancy Services for TPV of the DS in KPK,"Ministry of Federal Education and Professional Training,Islamabad, Pakistan",,"Dec 31, 2025"
ITR/1075,SERGI System Spares,"Water and Power Development Authority (WAPDA),Mangla, Pakistan",,"Dec 30, 2025"
ADB-PTSP-TL-02R-2025,"Procurement of Goods,etc..","National Grid Company of Pakistan Limited NGC,Lahore, Pakistan",,"Dec 30, 2025"
LP/T-2378/25,1. Supply of Miscellaneous CCTV Items 2. Installation & Commissioning of CCTV Cameras,"Pakistan Security Printing Corporation,Karachi central, Pakistan",,"Dec 31, 2025"
PRD(L)/WAPDA/150(2025-26),WAPDA MANGLA HOSPITAL MANGLA,"Water and Power Development Authority (WAPDA),Lahore city, Pakistan",,"Dec 31, 2025"
283,Stationery Items,"Accountant General of Pakistan Revenues,Karachi central, Pakistan",,"Dec 30, 2025"
05/2025-26,Service Agreement for Waste Management,"Public Sector Organization,Lahore, Pakistan",,"Dec 30, 2025"
PRD(L)/WAPDA/148(2025-26),WAPDA TARBELA 4TH EXT. HYDEL POWER STATION WAPDA,"Water and Power Development Authority (WAPDA),Lahore city, Pakistan",,"Dec 31, 2025"
LP/T-2375/25,Supply & Installation Support of “WSRP Tanks”,"Pakistan Security Printing Corporation,Karachi central, Pakistan",,"Dec 31, 2025"
LP/T-2373/25,Supply of Uniforms,"Pakistan Security Printing Corporation,Karachi central, Pakistan",,"Dec 31, 2025"
T.E No. 0069/LP/GDL/55 Dated: 17-12-2025.,Pro of 1 x items of SPARE SEGMENTS supply of 1 x items of SPARE SEGMENTS,"Pakistan Ordnance Factories,Wah Cantt, Pakistan",,"Dec 31, 2025"
AMF/751-A/4604/618/Log,Repair of Chemical Tank of Chemical Milling Production Line on FOR Kamra basis,"Pakistan Aeronautical Complex,kamra, Pakistan",,"Dec 30, 2025"
AMF/751-A/4604/617/Log,Repair of Water Tank Of Chemical Milling Production Line on FOR Kamra basis,"Pakistan Aeronautical Complex,kamra, Pakistan",,"Dec 30, 2025"
AMF/751-A/4604/616/Log,Procurement of Filtration Pump on FOR Kamra basis,"Pakistan Aeronautical Complex,kamra, Pakistan",,"Dec 30, 2025"
AMF/751-A/4604/615/Log,Repair of Precision Electric Spark Machine On FOR Kamra basis,"Pakistan Aeronautical Complex,kamra, Pakistan",,"Dec 30, 2025"
PCB-17-2025,PRE-QUALIFICATION POWER GENERATORS ON RENTAL BASIS (POOL ENH (POOL ENHANCEMENT),"Pakistan Cricket Board,Islamabad, Pakistan",,"Dec 30, 2025"
PSW-PROC-25-26-PQ-EP&M-1,Pre-Qualification Panel of Event Planning & Mgt Vendor,"Pakistan Single Window (PSW),Islamabad, Pakistan",,"Dec 30, 2025"
Tender No. CUI/SWL/Procurement/FY 25-26/32/215,"Procurement of Filters, Leathers and other Misc. items Procurement of Filters, Leathers and other Misc.items","COMSATS University,Sahiwal, Pakistan",,"Dec 30, 2025"
,"3 D Laser Scanner,etc..","Ministry of Defence Production,Rawalpindi, Pakistan",,"Dec 30, 2025"
,Universal Thermal Imaging ( TI) Test Equipment,"Ministry of Defence Production,Rawalpindi, Pakistan",,"Dec 30, 2025"
4,Health Insurance Services 2025-26,"Federal Urdu University of Arts Science and Technology,Karachi west, Pakistan",,"Dec 30, 2025"
,Auction,"Station Supply Depot,Bahawalpur, Pakistan",,"Dec 30, 2025"
,"Procurement, handling, storage, and related operational services","Ministry of National Food Security and Research,Islamabad, Pakistan",,"Dec 30, 2025"
,Enterprise Resource Planning (ERP) Software,"Pakistan Medical and Dental Council (PMDC),Islamabad, Pakistan",,"Dec 30, 2025"
01/M.B Din 2025-26,Earthing of Transformer..,"Gujranwala Electric Power Company Limited,Gujranwala, Pakistan",,"Dec 30, 2025"
,Consultancy Services,"Ministry of Federal Education and Professional Training,Islamabad, Pakistan",,"Dec 30, 2025"
,Services for Energy Audit..,"Cantonment Board,Lahore, Pakistan",,"Dec 30, 2025"
No.F.3(1)/2025-Store (DEC-UK),Auction,"Election Commission of Pakistan,Palas, Pakistan",,"Dec 30, 2025"
,"Transparent Ballot Boxes,etc..","Election Commission of Pakistan,Lahore, Pakistan",,"Dec 30, 2025"
PQA/IR&W/SPORT COMPLEX/06/24,Establishment of Cricket Ground and Academy at PQA,"Port Qasim Authority (PQA),Karachi south, Pakistan",,"Jan 1, 2026"
F-25121551183,OUTSOURCING OF COMMON FACILITY CENTRES - CFCS Single Stage two envelope procedure,"Technology Up-Gradation and Skill Development Company (TUSDEC),Lahore, Pakistan",,"Dec 30, 2025"
"TE No.s 0026,0040,0042,0043 & 0048-LP-HVN-56,",Proc. of SS Valve/Elect-Spare/MS Plates/Bearing/Electrode,"Pakistan Ordnance Factories,Abbottabad, Pakistan",,"Dec 30, 2025"
"LPR-10510,10661,10662 & 10777","LPR-10510,10661,10662 & 10777","Karachi Shipyard and Engineering Works Ltd,Karachi west, Pakistan",,"Dec 30, 2025"
1.2/2025-26( IMCG),"Stationery,etc..","Federal Directorate of Education,Islamabad, Pakistan",,"Dec 30, 2025"
,Disposal of Assets,"Ministry of Planning, Development and Reform,Islamabad, Pakistan",,"Dec 29, 2025"
DW&CE/6000-ADVT-CKL/70/E-6,Certain Facilities..,"Military Engineering Services (Airforce),Rawalpindi, Pakistan",,"Dec 29, 2025"
PTA/Enf/Lahore/Admin/238/2025,Procurement of Furniture items for PTA Zonal Offie Lahore,"Pakistan Telecommunication Authority,Islamabad, Pakistan",,"Dec 30, 2025"
,GEN SET..,"National Bank of Pakistan,Karachi central, Pakistan",,"Dec 29, 2025"
TE 0030/FP/HVN/56,Procurement of DI-BUTYLE PHATHALATE (D.B.P) QHC 1-3-72,"Pakistan Ordnance Factories,Abbottabad, Pakistan",,"Dec 30, 2025"
NADRA-HQ-RFB-225/2025,Supply and Installation of Escalator Belts,"National Database and Registration Authority NADRA,Islamabad, Pakistan",,"Dec 30, 2025"
11.5/002,Hiring of Vehicles,"Sui Northern Gas Pipelines Limited,Gujranwala, Pakistan",,"Dec 29, 2025"
,Const of Standard Boundary Wall.. Const of Standard Boundary Wall.,"Military Engineering Services (Navy),Karachi east, Pakistan",,"Dec 29, 2025"
"LPR-10146,10548,9836,10844,10794,10660,10471,10574 & 10083","LPR-10146,10548,9836,10844,10794,10660,10471,10574 & 10083","Karachi Shipyard and Engineering Works Ltd,Karachi west, Pakistan",,"Dec 30, 2025"
LDC/G/23/TrUE/E/25-26,Fabrication and Supply of TR Unit.. Fabrication and Supply of TR Unit,"Sui Northern Gas Pipelines Limited,Lahore, Pakistan",,"Dec 29, 2025"
PD/O&M/PP/32477/25,"Supply of solenoid valve,etc..","Pakistan Petroleum Limited,Karachi east, Pakistan",,"Dec 29, 2025"
"LPR-6237,7690,8134,10262,9911 & 7873","LPR-6237,7690,8134,10262,9911 & 7873","Karachi Shipyard and Engineering Works Ltd,Karachi west, Pakistan",,"Dec 30, 2025"
RC-A4319-SR,Open Frame Work Agreement,"Pakistan State Oil,Karachi central, Pakistan",,"Dec 30, 2025"
RC-A4318-SR,Pre-Qualification for Open Framework Agreement,"Pakistan State Oil,Karachi east, Pakistan",,"Dec 29, 2025"
251215-2/P03-D,Maintenance of Radiology Equipment,"Government of Punjab,Lahore, Pakistan",,"Dec 29, 2025"
2(56)SS(IT)/2025,"Supply of SMD Digital Screen, Smart Boards, Multimedia, Audio Conferencing Solution","Federal Board of Revenue (FBR),Islamabad, Pakistan",,"Dec 29, 2025"
478/2025,Outdoor Digital Advertisement Screens,"Pakistan Industrial Technical Assistance Centre (PITAC),Lahore, Pakistan",,"Dec 29, 2025"
4308,Single Phase Static Meters,"Lahore Electric Supply Company (LESCO),Lahore, Pakistan",,"Dec 29, 2025"
Inductively Coupled Plasma Optical Emission Spectrometry / Atomic Emission Spectroscopy (ICPOES/ AES) 01 Set 2. Standby Elec,Inductively Coupled Plasma Optical Emission Spectrometry / Atomic Emission Spectroscopy (ICPOES/ AES) 01 Set 2. Standby Elec..,"Pakistan Council of Scientific and Industrial Research,Islamabad, Pakistan",,"Dec 29, 2025"
6/2025-2026,Software Licenses,"National Accountability Bureau,Islamabad, Pakistan",,"Dec 30, 2025"
,Supply of Lifts,"National Bank of Pakistan,Karachi central, Pakistan",,"Dec 29, 2025"
LC-19251-NZ,Services of Electric Instruments,"Pakistan State Oil,Karachi east, Pakistan",,"Dec 29, 2025"
12048,NOTICE FOR INVITING TENDER REPLACEMENT OF GIVEN ENDLESS CONV,"Pakistan Airports Authority (PAA),Karachi south, Pakistan",,"Dec 30, 2025"
,,"Pakistan Industrial Technical Assistance Centre (PITAC),Lahore, Pakistan Outdoor Digital Advertisement Screens  Outdoor Digital Advertisement Screens  478/2025",,"Dec 29, 2025"
,,"Pakistan Council of Scientific and Industrial Research,Islamabad, Pakistan Inductively Coupled Plasma Optical Emission Spectrometry / Atomic Emission Spectroscopy (ICPOES/ AES) 01 Set 2. Standby Elec..  Inductively Coupled Plasma Optical Emission Spectrometry / Atomic Emission Spectroscopy (ICPOES/ AES) 01 Set 2. Standby Elec  3/EDF/KLC/PCSIR/2025-26",,"Dec 29, 2025"
,,"National Accountability Bureau,Islamabad, Pakistan Software Licenses     6/2025-2026",,"Dec 30, 2025"
,,"National Bank of Pakistan,Karachi central, Pakistan Supply of Lifts  Supply of Lifts",,"Dec 29, 2025"
,,"Pakistan State Oil,Karachi east, Pakistan Services of Electric Instruments   Services of Electric Instruments   LC-19251-NZ",,"Dec 29, 2025"
ICE & CONT/L.C/IT/25-26,"Repair/ Refurbishment of Engine Block,etc..","Pakistan Navy,Karachi east, Pakistan",,"Dec 29, 2025"
630/32/CMES/14/E-6,Certain Facilities ..,"Military Engineering Services (Airforce),Rawalpindi, Pakistan",,"Dec 29, 2025"
1 x items of CLOTH / FABRIC FOR IFDS,CLOTH / FABRIC FOR IFD,"Pakistan Ordnance Factories,Wah Cantt, Pakistan",,"Dec 30, 2025"
LET/128/25,GAS GENSETS & DEISEL GENSETS,"Sui Northern Gas Pipelines Limited,Lahore, Pakistan",,"Dec 30, 2025"
SS-19349- FI,IP PTZ Camera..,"Pakistan State Oil,Karachi central, Pakistan",,"Dec 29, 2025"
OP-19362-NZ,Supply & Installation of Radiator .. Supply & Installation of Radiator,"Pakistan State Oil,Karachi central, Pakistan",,"Dec 29, 2025"
PQ-A4810- IA,Fuel Storage Tanks..,"Pakistan State Oil,Karachi central, Pakistan",,"Dec 29, 2025"
,Services Required for LPG Pilot Project Operations..,"Pakistan State Oil,Karachi central, Pakistan",,"Dec 29, 2025"
PRD(L)/WAPDA/149(2025-26),WAPDA SE (D&S) TARBELA DAM WAPDA,"Water and Power Development Authority (WAPDA),Lahore city, Pakistan",,"Dec 30, 2025"
P&D 47,Attendance Sheet Technical Bid Opening Roof Treatment work Technical Bid Opening Roof Treatment work British Council,"Balochistan University of Information Technology, Engineering and Management Sciences (Buitems),Quetta city, Pakistan",,"Dec 29, 2025"
DSN/10897,Purchase of Paint Purchase of Paint Interline 850 Gry,"Ministry of Defence Production (DGDP),London, United kingdom",,"Dec 29, 2025"
PNSC/HYDERABAD/SPARES/031/2025,INTERNATIONAL TENDER FOR PROCUREMENT OF HATCH COVER PACKING EMERGENT PROVISO 13(1),"Pakistan National Shipping Corporation (PNSC),Karachi central, Pakistan",,"Dec 29, 2025"
,Transportation / Safe Handling and Erection of 31&36 P.C Pol SE (OP) BWN-67,"Multan Electric Power Company (MEPCO),Multan City, Pakistan",,"Dec 29, 2025"
480/2025,Upgradation and Renovation..,"Pakistan Industrial Technical Assistance Centre (PITAC),Lahore, Pakistan",,"Dec 29, 2025"
2022,Supply of Furniture,"Garrison Furniture Yard,Karachi central, Pakistan",,"Dec 29, 2025"
,TC For Artificer Work,"Military Engineering Services (Army),Kohat, Pakistan",,"Dec 29, 2025"
6025-ADV/16/E-6,Repair/ Maintenance B&R..,"Military Engineering Services (Airforce),Karachi central, Pakistan",,"Dec 29, 2025"
05(2025-26),Const of Command and Control Center..,"Lahore Electric Supply Company (LESCO),Lahore city, Pakistan",,"Dec 29, 2025"
15/2025,Sale ... Sale...,"HQ Logistic Area,Rawalpindi, Pakistan",,"Dec 29, 2025"
5829,"Mineral Water,etc..","Regional Tax Office,Karachi central, Pakistan",,"Dec 29, 2025"
SAPSA2025-26 Food Show,Pakistani food Road show Organization of Pakistani Food Road Show,"High Commission of Pakistan,Dhaka, Pakistan",,"Dec 29, 2025"
01/Power Van/Outsource/2025 (DAP),Railway Power Van Corrigendum:,"Pakistan Railways,Lahore city, Pakistan",,"Dec 29, 2025"
,Outsourcing of Support Staff Services,"National School of Public Policy,Lahore city, Pakistan",,"Dec 29, 2025"
23/Used Engine Oil/2025__,Sale of Used Engine Oil,"National Logistics Corporation (NLC),Rawalpindi, Pakistan",,"Dec 29, 2025"
KPK,PM-KP-2022-23-2005,"National Highway Authority (NHA),Islamabad, Pakistan",,"Dec 29, 2025"
02,"Const of Shell Shed,etc..","Lahore Electric Supply Company (LESCO),Lahore, Pakistan",,"Dec 29, 2025"
,"Misc Items,etc..","Pakistan Airforce,Rawalpindi, Pakistan",,"Dec 29, 2025"
5/RB/RSF/LOG/NHMP/2025-26/1144,"Uniform Cloth, Lubricants,etc..","National Highway and Motorway Police (NHMP),Islamabad, Pakistan",,"Dec 29, 2025"
CUI-VHR/PUR/VEH.13/202,Supply of Tyres..,"COMSATS,Vehari, Pakistan",,"Dec 29, 2025"
CUI-VHR/PUR-Stat.24/2025,"Provision of Stationery, Printing & General Items","COMSATS,Vehari, Pakistan",,"Dec 29, 2025"
,,"Garrison Furniture Yard,Karachi central, Pakistan Supply of Furniture  Supply of Furniture  2022",,"Dec 29, 2025"
,,"Military Engineering Services (Army),Kohat, Pakistan TC For Artificer Work   TC For Artificer Work",,"Dec 29, 2025"
,,"Military Engineering Services (Airforce),Karachi central, Pakistan Repair/ Maintenance B&R..  Repair/ Maintenance B&R..  6025-ADV/16/E-6",,"Dec 29, 2025"
,,"Lahore Electric Supply Company (LESCO),Lahore city, Pakistan Const of  Command and Control Center..  Const of  Command and Control Center..  05(2025-26)",,"Dec 29, 2025"
,,"HQ Logistic Area,Rawalpindi, Pakistan Sale ...  Sale...  15/2025",,"Dec 29, 2025"
,,"Regional Tax Office,Karachi central, Pakistan Mineral Water,etc..  Mineral Water,etc..  5829",,"Dec 29, 2025"
,,"High Commission of Pakistan,Dhaka, Pakistan Pakistani food Road show   Organization of Pakistani Food Road Show  SAPSA2025-26 Food Show",,"Dec 29, 2025"
,,"Pakistan Railways,Lahore city, Pakistan Railway Power Van  Corrigendum:  01/Power Van/Outsource/2025 (DAP)",,"Dec 29, 2025"
,,"National School of Public Policy,Lahore city, Pakistan Outsourcing of  Support Staff Services  Outsourcing of  Support Staff Services",,"Dec 29, 2025"
,,"Pakistan Airforce,Rawalpindi, Pakistan Misc Items,etc..  Misc Items,etc..",,"Dec 29, 2025"
,,"National Highway and Motorway Police (NHMP),Islamabad, Pakistan Uniform Cloth, Lubricants,etc..  Uniform Cloth, Lubricants,etc..  5/RB/RSF/LOG/NHMP/2025-26/1144",,"Dec 29, 2025"
,,"COMSATS,Vehari, Pakistan Supply of Tyres..  Supply of Tyres..  CUI-VHR/PUR/VEH.13/202",,"Dec 29, 2025"
,,"COMSATS,Vehari, Pakistan Provision of Stationery, Printing & General Items  Provision of Stationery, Printing & General Items  CUI-VHR/PUR-Stat.24/2025",,"Dec 29, 2025"
20/0001/00-0/1-2025,TENDER ARE INVITED FOR MISCELLANEOUS ITEMS Corrigendum:,"Pakistan Railways,Lahore city, Pakistan",,"Dec 29, 2025"
,"Misc Items,etc..","HQ Frontier Corps (KPK),Peshawar, Pakistan",,"Dec 29, 2025"
6014/142/e-6,Misc Repair/ Renov / Distemper..,"Military Engineering Services (Army),Rawalpindi, Pakistan",,"Dec 29, 2025"
01/2026,Provision of Vehicle,"Sui Northern Gas Pipelines Limited,Sahiwal, Pakistan",,"Dec 29, 2025"
DC-2026/1,Re-Habilitation of NTC OFC network (PCBDDA) Lahore Re-Habilitation of NTC OFC network Liberty Gulburg to Kalma,"National Telecommunication Corporation (NTC),Lahore, Pakistan",,"Dec 29, 2025"
,"Services Required Transportation ,etc..","Pakistan Post Office,Rawalpindi, Pakistan",,"Dec 29, 2025"
"0010/LP/GDL/56, dated 17-DEC-2025",Pro of 1 x items of HIGH QUALITY STRUCTURAL STEEL NO.35 Supply of 1 x items of HIGH QUALITY STRUCTURAL STEEL NO.35,"Pakistan Ordnance Factories,Wah Cantt, Pakistan",,"Dec 29, 2025"
BD/0016/MN,Services required for Provident and Gratuity Funds,"PSO Renewable Energy Pvt. Limited,Karachi central, Pakistan",,"Dec 29, 2025"
04,"Construction Material,etc..","502 Central Workshop EME,Rawalpindi, Pakistan",,"Dec 29, 2025"
,"Construction Material/Services,etc..","Headquarter 11 Div,Lahore, Pakistan",,"Dec 29, 2025"
6013/e6-0rgluo,"Running Contract of Bazar Supply,etc..","Military Engineering Services (Army),Multan City, Pakistan","Apr 14, 2026","Dec 29, 2025"
DCM/25090027/R-2512/320343,INSTALLATION AND COMMISSIONING OF LUBRICITY TEST OF DIESEL,"Directorate of Procurement (Navy),Islamabad, Pakistan",,"Dec 29, 2025"
2590431/R-2511/310285,ULTRASONIC MILK ANALYZER ALONGWITH STANDARD ACCESSORIES,"Directorate of Procurement (Navy),Islamabad, Pakistan",,"Dec 29, 2025"
398 SIG/ARI/Material/ITSW/TENDER/2025-26,PROCUREMENT OF SIGNALING MATERIAL Tender,"Pakistan Railways,Lahore city, Pakistan",,"Dec 29, 2025"
CICP/B03/IND/2505237/R-2512/320373,PROCUREMENT OF PIPING COPPER RD SEAMLESS,"Directorate of Procurement (Navy),Islamabad, Pakistan",,"Dec 29, 2025"
CICP/E01/IND/2511162/R-2512/320358,PROCUREMENT OF FENDER MARINE,"Directorate of Procurement (Navy),Islamabad, Pakistan",,"Dec 29, 2025"
NADRA-HQ-RFB-224/2025,Procurement of Uniform items,"National Database and Registration Authority NADRA,Islamabad, Pakistan",,"Dec 29, 2025"
"0015, 0039, 0041 & 0044- HVN-LP-56",PROCUREMENT OF CHEMICAL/APPRATUS/VALVES/STANDARD INSTURMENT,"Pakistan Ordnance Factories,Abbottabad, Pakistan",,"Dec 29, 2025"
BRT/MKTG/MIX/13/2025-26,"Sales of 20,000 Tons Barite Ore & 5,000 Tons Barite Powder","Pakistan Petroleum Limited,Quetta city, Pakistan",,"Dec 29, 2025"
3013-3018MM,"FESCO TENDER NOTICE Live War Tester, High Voltage Detector etc","Faisalabad Electric Supply Company (FESCO),Faisalabad, Pakistan",,"Dec 31, 2025"
15/5-595/Dir/ICT/ PTA/25,Procurement of Enterprise Grade Backup & Replication Softwar,"Pakistan Telecommunication Authority,Islamabad, Pakistan",,"Dec 29, 2025"
3006-3012MM,"FESCO TENDER NOTICE Grip pulling conductor, fiber glass ladder etc","Faisalabad Electric Supply Company (FESCO),Faisalabad, Pakistan",,"Dec 30, 2025"
,,"Faisalabad Electric Supply Company (FESCO),Faisalabad, Pakistan FESCO TENDER NOTICE  Gloves, Chain Pully etc  2999-3001&3003-3005MM",,"Dec 30, 2025"
,,"Combined Military Hospital,Rawalpindi, Pakistan Cafeteria  Services,etc....  Cafeteria  Services,etc....",,"Dec 29, 2025"
,,"Combined Military Hospital,Rawalpindi, Pakistan Fumigation ,etc..  Fumigation ,etc..",,"Dec 29, 2025"
,,"State Bank of Pakistan,Rawalpindi, Pakistan Canteen Services  Canteen Services  RWP-GSU/Canteen Services/361039 /2025",,"Dec 29, 2025"
,,"Airports Security Force,Karachi central, Pakistan Tender for Services & Repair Maintenance ASF Faisalabad AP   Tender for Services & Repair Maintenance ASF Faisalabad AP   01/ASF(FSD)/2025-26/Store",,"Dec 29, 2025"
04/Store/2025-26/Qta,Tender for Supply of Furniture items ASF Quetta Airport,"Airports Security Force,Karachi central, Pakistan",,"Dec 26, 2025"
PRD(L)/WAPDA/146(2025-26),WAPDA SUPERINTENDING ENGINEER TARBELA DISTRICT DAM,"Water and Power Development Authority (WAPDA),Lahore city, Pakistan",,"Dec 30, 2025"
PCB-09-A-2025,PREQUALIFICATIONS OF INTERNATIONAL AND DOMESTIC TRAVEL MANAG,"Pakistan Cricket Board,Islamabad, Pakistan",,"Dec 26, 2025"
"APF/786-A/1921/13/LP/PC-07,08,09,10,11",procurement of spares / components,"Pakistan Aeronautical Complex,Attock, Pakistan",,"Dec 26, 2025"
0001-FP-55-Capital-Pur-MGFy dt 24.12.2025.,Procurement of CNC Surface Grindng Machine 0001-FP-55-Capital-Pur-MGFy dt 24.12.2025,"Pakistan Ordnance Factories,Wah Cantt, Pakistan",,"Dec 26, 2025"
PACB/741/50635026/0961/P-1,Procurement of Fire Tender,"Pakistan Aeronautical Complex,kamra, Pakistan",,"Jan 13, 2026"
N/A,Procurement of Access Control & Security Management System,"Heavy Industries Taxila (HIT),Taxila, Pakistan",,"Dec 26, 2025"
PRD(L)/WAPDA/139(2025-26),WAPDA RE JINNAH HYDEL POWER STATION MIANWALI,"Water and Power Development Authority (WAPDA),Lahore city, Pakistan",,"Dec 26, 2025"
PTA/ICT/589/2025,"Supply, Installation and Config of Core and Campus Switches","Pakistan Telecommunication Authority,Islamabad, Pakistan",,"Dec 25, 2025"
7,Maintenance/ Painting of 6x Guys Support Towers (SST),"Special Communications Organization,Muzaffarabad, Pakistan",,"Dec 25, 2025"
P&D 46,Establishment of Sustainable Built Environment Lab Civil works of Environmental Lab to be Executed at BUITEMS,"Balochistan University of Information Technology, Engineering and Management Sciences (Buitems),Quetta city, Pakistan",,"Dec 25, 2025"
SSGC/SC/PT/EPADS/14132,Civil Works Construction of 03 Nos. CPS Solar Room at Karach,"Sui Southern Gas Company Limited,Karachi central, Pakistan",,"Dec 25, 2025"
SSGC/SC/PT/EPADS/14120,Civil Works Construction/Installation of Deep Well Ground Be,"Sui Southern Gas Company Limited,Karachi central, Pakistan",,"Dec 25, 2025"
SSGC/SC/PT/EPADS/14131,Installation /Refurbishment of Deep Well Groundbed (06 Nos.),"Sui Southern Gas Company Limited,Karachi central, Pakistan",,"Dec 25, 2025"
SSGC/SC/PT/EPADS/14145,Hiring of Third Party Contractor for HSE & QA/QC Inspection,"Sui Southern Gas Company Limited,Karachi central, Pakistan",,"Dec 25, 2025"
"Supply of M.s Socket/ Coupling 3/4""","M.s Socket/ Coupling 3/4""","Sui Northern Gas Pipelines Limited,Lahore, Pakistan",,"Dec 24, 2025"
LE-113/25,Paint and Thinner Supply of Paint and Thinner,"Sui Northern Gas Pipelines Limited,Lahore, Pakistan",,"Jan 8, 2026"
LED/128/25,SLA FOR COUNTRY-WIDE INTERNET-CIR FOR THE PERIOD OF 2 YEARS,"Sui Northern Gas Pipelines Limited,Lahore, Pakistan",,"Dec 24, 2025"
03,Cutting & Stitching of Uniform NHMP N-5 South-I Sukkur,"National Highway and Motorway Police (NHMP),New sukkur, Pakistan",,"Dec 24, 2025"
PCB-13-2025,Prequalification of Firms for Glass Services,"Pakistan Cricket Board,Islamabad, Pakistan",,"Dec 26, 2025"
TUSDEC/TUG/NSPAIT-27,TENDER NOTICE FOR SUPPLY OF MACHINERY AND EQUIPMENT Single Stage Two Envelop,"Technology Up-Gradation and Skill Development Company (TUSDEC),Lahore, Pakistan",,"Jan 5, 2026"
EQ-12-2025-Project,Purchase of IT Equipment for Research Project uploaded EPADS,"NUST School of Electrical Engineering and Computer Sciences-SEECS,Islamabad, Pakistan",,"Dec 24, 2025"
"LPR10199,10345,10406,10415,10580SBST-6/DT1081,82,85,86,87,88","LPR10199,10345,10406,10415,10580SBST-6/DT1081,82,85,86,87,88","Karachi Shipyard and Engineering Works Ltd,Karachi west, Pakistan",,"Dec 24, 2025"
CICP/B03/IND/2505090/R-2511/ 320276,PROCUREMENT OF STEEL T-SECTION CARBON STEEL (FINISH BLACK),"Directorate of Procurement (Navy),Islamabad, Pakistan",,"Dec 24, 2025"
LET/162/25,KIOSK MACHINE,"Sui Northern Gas Pipelines Limited,Lahore, Pakistan",,"Dec 24, 2025"
6010-A/12/E-6,"Rehab of Accomodation ,etc..","Military Engineering Services (Airforce),Sargodha, Pakistan",,"Dec 24, 2025"
1(2025-26),"Office Stationery, etc..","Pakistan Meteorological Department,Karachi central, Pakistan",,"Dec 24, 2025"
,,"National Highway and Motorway Police (NHMP),New sukkur, Pakistan Cutting & Stitching of Uniform NHMP N-5 South-I Sukkur  Cutting & Stitching of Uniform NHMP N-5 South-I Sukkur  03",,"Dec 24, 2025"
,,"Pakistan Cricket Board,Islamabad, Pakistan Prequalification of Firms for Glass Services    PCB-13-2025",,"Dec 26, 2025"
,,"Technology Up-Gradation and Skill Development Company (TUSDEC),Lahore, Pakistan TENDER NOTICE FOR SUPPLY OF MACHINERY AND EQUIPMENT  Single Stage Two Envelop   TUSDEC/TUG/NSPAIT-27",,"Jan 5, 2026"
,,"NUST School of Electrical Engineering and Computer Sciences-SEECS,Islamabad, Pakistan Purchase of IT Equipment for Research Project  uploaded EPADS  EQ-12-2025-Project",,"Dec 24, 2025"
,,"Karachi Shipyard and Engineering Works Ltd,Karachi west, Pakistan LPR10199,10345,10406,10415,10580SBST-6/DT1081,82,85,86,87,88  LPR10199,10345,10406,10415,10580SBST-6/DT1081,82,85,86,87,88  LPR10199,10345,10406,10415,10580SBST-6/DT1081,82,85,86,87,88",,"Dec 24, 2025"
,,"Military Engineering Services (Airforce),Rawalpindi, Pakistan Certain Facilities..  Certain Facilities..  6000-P/17/E-6",,"Dec 24, 2025"
,,"Pakistan Meteorological Department,Karachi central, Pakistan Office Stationery, etc..  Office Stationery, etc..  1(2025-26)",,"Dec 24, 2025"
FOR DETAILS PLEASE VISIT https://pnsc.com.pk/tenders,TENDER FOR PROCUREMENT OF HYDRO BLASTER MACHINE FOR PNSC,"Pakistan National Shipping Corporation (PNSC),Karachi central, Pakistan",,"Dec 24, 2025"
,Differen Services and Repair/ Maintenance Works,"Ministry of Planning, Development and Reform,Islamabad, Pakistan",,"Dec 24, 2025"
TN Khi,Tender Notice for supply of different items,"Pakistan Electronic Media Regulatory Authority (PEMRA),Islamabad, Pakistan","Dec 1, 2026","Dec 24, 2025"
08-2025,Insecticldes and spray tools.. Insecticldes and spray tools,"Public Sector Organization,Peshawar, Pakistan",,"Dec 24, 2025"
ISL/TE/019/2025,MISC. ASSORTED SIZES OF TUBLES TYRES,"Sui Northern Gas Pipelines Limited,Islamabad, Pakistan",,"Jan 7, 2026"
186/26 to 193/26,Procurement of Distribution Material,"Multan Electric Power Company (MEPCO),Multan City, Pakistan",,"Dec 24, 2025"
,Remaining works of CETP,"Sialkot Tannery Associate (Guarantee) Limited (STAGL),Sialkot, Pakistan",,"Dec 24, 2025"
,,"Heavy Industries Taxila (HIT),Taxila, Pakistan Complete Intra Ocular Lenses (IOL) Kits (Various Size)  MS/25/Eye Dept/25-26/RT-7901 (A)/Hosp/FOR-B/SCM Dte  RT-7901 (A)",,"Dec 24, 2025"
,,"Pakistan Ordnance Factories,Wah Cantt, Pakistan PROCUREMENT OF LINOLEUM SHEET and Pipe & Pipe Fittings  T.E # 0217-LP-CMC-55-P-F AND T.E # 0051-LP-CMC-55-P-F  T.E # 0217-LP-CMC-55-P-F AND T.E # 0051-LP-CMC-55-P-F",,"Dec 24, 2025"
,,"National Vocational and Technical Training Commission (NAVTTC),Islamabad, Pakistan Provision of Vocational Skills Training Program  Provision of Vocational Skills Training Program",,"Dec 24, 2025"
,,"Embassy of Pakistan,Madrid, Spain Hiring Services of Legal Firm..  Hiring Services of Legal Firm..",,"Dec 24, 2025"
,,"Military Engineering Services (Airforce),Chakwal, Pakistan T.C  Electrification...  T.C  Elelctrification...  07/E-6",,"Dec 24, 2025"
,,"National Radio Tele Communication Corporation,Haripur, Pakistan Batteries UPS 12V-17AH Dimension  Batteries UPS 12V-17AH Dimension  TU-5008-2025",,"Dec 24, 2025"
,,"National Grid Company of Pakistan Limited NGC,Multan City, Pakistan Const of  Guard Room,etc..  Const of  Guard Room,etc..  XEN/CIVil/AMN/MUL/2025-26/01",,"Dec 24, 2025"
,,"Public Sector Organization,Islamabad, Pakistan Low Temrperature Different Scanning ...  Low Temrperature Different Scanning ...  130-133/2025",,"Dec 24, 2025"
,,"Pakistan LNG Limited,Islamabad, Pakistan Procurement of New Network Switches.  This Tender Documents  PLL/IT-NS/12/2025-01",,"Dec 24, 2025"
,,"Petroleum Oil and Lubricants Depot,Mardan, Pakistan Solarization ..  Solarization ..",,"Dec 24, 2025"
,,"Armed Forces Medical Stores Laboratory (AFMSL),Rawalpindi, Pakistan Chemicals,etc..  Chemicals,etc..",,"Dec 24, 2025"
,,"National Telecommunication Corporation (NTC),Islamabad, Pakistan Disposal/Condemnation/Auction..  Disposal/Condemnation/Auction..",,"Dec 24, 2025"
,"Stationery Items , computer Stationery..","Collectorate of Customs (Appraisement),Peshawar, Pakistan",,"Dec 24, 2025"
LE-112/25,Thyrister Rectifier Supply of Thyrister Rectifier,"Sui Northern Gas Pipelines Limited,Lahore, Pakistan",,"Jan 8, 2026"
LP/T-2376/25,Security Adhesive Tape,"Pakistan Security Printing Corporation,Karachi central, Pakistan",,"Dec 24, 2025"
525006/R2512/330353,Shoes Joggers,"Directorate of Procurement (Navy),Islamabad, Pakistan",,"Dec 24, 2025"
525014/R2512/330341,Broad Belt Jet Black,"Directorate of Procurement (Navy),Islamabad, Pakistan",,"Dec 24, 2025"
3CF/4P/Adv./0006/EPADS/EC/Isld (Press R.O we0b 2025-20,INDUSTRIAL HEAVY DUTY WORK Tender,"Pakistan Railways,Lahore city, Pakistan",,"Dec 24, 2025"
525034/R2512/330355,Jockey Cap Khaki,"Directorate of Procurement (Navy),Islamabad, Pakistan",,"Dec 24, 2025"
2514178/B-2512/340312,Interfine 878 Polysiloxane Finish,"Directorate of Procurement (Navy),Islamabad, Pakistan",,"Dec 24, 2025"
2580172/B-2512/340333,SARBE 6-406 EVO,"Directorate of Procurement (Navy),Islamabad, Pakistan",,"Dec 24, 2025"
https://e.jang.com.pk/lahore/21-12-2025/page10,Solarization of Expo Centre Lahore.,"Pakistan Expo Centres (Pvt) Limited,Lahore, Pakistan",,"Dec 24, 2025"
2514204/R-2512/340344,Paint Finishing Acid & Alkali,"Directorate of Procurement (Navy),Islamabad, Pakistan",,"Dec 24, 2025"
2513156/B-2512/340345,Rope Nylon 3-Strand Rope Nylon 3-Strand Rope Nylon 3-Strand,"Directorate of Procurement (Navy),Islamabad, Pakistan",,"Dec 24, 2025"
P-11/2025,P-11/2025,"Heavy Mechanical Complex-3,Taxila, Pakistan",,"Dec 24, 2025"
2514213/B-2512/340346,Black Paint Heat Resistant,"Directorate of Procurement (Navy),Islamabad, Pakistan",,"Dec 24, 2025"
2511173/R-2512/340347,Raychem J.S.C.R Heat Shrink Sleeve Raychem J.S.C.R Heat Shri,"Directorate of Procurement (Navy),Islamabad, Pakistan",,"Dec 24, 2025"
2511094/R-2512/340348,Pneumatic Rubber Fender,"Directorate of Procurement (Navy),Islamabad, Pakistan",,"Jan 12, 2026"
2590362/R-2512/340349,Bullet Proof Jacket Level-III,"Directorate of Procurement (Navy),Islamabad, Pakistan",,"Dec 24, 2025"
Ref.No.PMDC/pro/Jansukh Mine No.03/WA,"Jansukh Mine No. 03, at PMDC Salt Mines Warcha","Pakistan Mineral Development Corporation(PMDC),Islamabad, Pakistan",,"Dec 24, 2025"
PRD(L)/WAPDA/145(2025-26),WAPDA CRBC D.I KHAN WAPDA,"Water and Power Development Authority (WAPDA),Lahore city, Pakistan",,"Dec 24, 2025"
LP/T-2366/25,Supply of Offset ink Oil Base,"Pakistan Security Printing Corporation,Karachi central, Pakistan",,"Dec 24, 2025"
"0007,0008,0010-LP-W-56",PROCUREMENT OF TOOLINGS,"Pakistan Ordnance Factories,Wah Cantt, Pakistan",,"Dec 24, 2025"
PNSC/HYDERABAD/SPARES/028/2025,INTERNATIONAL TENDER FOR PROCUREMENT OF ANCHOR CHAIN SPARES EMERGENT TENDER PROVISO 13 (1),"Pakistan National Shipping Corporation (PNSC),Karachi central, Pakistan",,"Dec 24, 2025"
PASSCO/Procurement/RFP/02/2025,Hiring of Third Party Monitoring and Validation Firm,"Pakistan Agricultural Storage and Services Corporation (PASSCO),Lahore, Pakistan",,"Dec 24, 2025"
PCB-01-2025,MEDIA BUYING AND ADVERTISING SALES AGENCIES FOR OFFICIAL PCB,"Pakistan Cricket Board,Islamabad, Pakistan",,"Jan 6, 2026"
PTA/ICT/GIS/264/2025,Hiring of Services of Company for Web Based GIS,"Pakistan Telecommunication Authority,Islamabad, Pakistan",,"Dec 23, 2025"
F-25121519845,MAINTENANCE/ REPAIR AND RENOVATION OF KOLACHI PIER AT EAST,"Karachi Port Trust,Karachi central, Pakistan",,"Dec 23, 2025"
2(25)-DEV-MOHR,Hiring of a Consultant Firm for Obtaining ISO 9001:2015 Cert Hiring of Consultant Firm for Obtaining ISO 9001:2015 Cert..,"Ministry of Human Rights,Islamabad, Pakistan",,"Dec 23, 2025"
Supply of Flexible Cable / Cable (16MM2) Single Core,Flexible Cable / Cable (16MM2) Single Core,"Sui Northern Gas Pipelines Limited,Lahore, Pakistan",,"Dec 23, 2025"
SUPPLY OF CORRUGATED GALAVNIZED SHEET / M.S. SHEET,CORRUGATED GALAVNIZED SHEET / M.S. SHEET,"Sui Northern Gas Pipelines Limited,Lahore, Pakistan",,"Jan 7, 2026"
LE-108/25,Helium Gas Supply of Helium Gas,"Sui Northern Gas Pipelines Limited,Lahore, Pakistan",,"Jan 8, 2026"
12037,NOTICE INVITING TENDER CONSTRUCTION OF SHARED SCREENING ROOM,"Pakistan Airports Authority (PAA),Karachi south, Pakistan",,"Dec 23, 2025"
Supply of Slaked Lime / Sodium chloride (Powdered Salt),Slaked Lime / Sodium Chloride,"Sui Northern Gas Pipelines Limited,Lahore, Pakistan",,"Jan 7, 2026"
UCH/TE/010/25,COMPLETE CCTV SYSTEM WITH COMPLETE ALLIED ACCESSORIES,"Sui Northern Gas Pipelines Limited,Sadiqabad, Pakistan",,"Dec 23, 2025"
12036,NOTICE RE - INVITING TENDER CONSTRUCTION OF TOILETS AND UPLI,"Pakistan Airports Authority (PAA),Karachi south, Pakistan",,"Dec 23, 2025"
NADRA-RHO LHR-RFB/2025-26/Construction-Narowal,"CONSTRUCTION OF NADRA OFFICE, NAROWAL","National Database and Registration Authority NADRA,Lahore, Pakistan",,"Dec 23, 2025"
GSD (PROC-III)/ 358650 / Video Wall / 2025-26,Supply and Installation of Video Wall at SBP KHI,"State Bank of Pakistan,Karachi west, Pakistan",,"Dec 23, 2025"
0,Roof Treatment of Jinnah Auditorium at NUST,"Works Directorate NUST,Islamabad, Pakistan",,"Dec 23, 2025"
REPLACEMENT OF EXISTING 450MVA 500/220KV AUTO TRANSFORMER,XEN-EHV-TLCLHR-06-2025,"National Transmission and Despatch Company,Lahore, Pakistan",,"Dec 23, 2025"
Multan,EM-PS-2024-25-70-10 Multan,"National Highway Authority (NHA),Islamabad, Pakistan",,"Jan 12, 2026"
--,Tender for Broadcast Grade Equipment ( Revamping of PTVC),"Pakistan Television Corporation Limited,Islamabad, Pakistan",,"Dec 23, 2025"
23DIV/Adm/Accts/2025-26,Repair/ Maintenance/ Up- gradation..,"HQ 23 Division,Jhelum, Pakistan",,"Dec 23, 2025"
PACB/751-A/010925037/1272/P-2,CALIBRATION OF CO-ORDINATE MEASURING MACHINES,"Pakistan Aeronautical Complex,kamra, Pakistan",,"Dec 23, 2025"
,Cochlear Implant,"Pakistan Navy,Islamabad, Pakistan",,"Dec 23, 2025"
PACB/751-A/080825014/1271/P-2,PROC OF PROCESS CHEMICALS,"Pakistan Aeronautical Complex,kamra, Pakistan",,"Dec 23, 2025"
,Air Conditioners,"National Bank of Pakistan,Lahore, Pakistan",,"Dec 23, 2025"
PACB/751-A/041125042/1270/P-2,PROCUREMENT OF AERO LUBES,"Pakistan Aeronautical Complex,kamra, Pakistan",,"Dec 23, 2025"
,Repair/ Maintence Works,"Trade Development Authority of Pakistan,Karachi central, Pakistan",,"Dec 23, 2025"
PACB/751-A/160725004/1269/P-2,PROCUREMENT OF HIGH PRESSURE OIL PUMP CART (HTS),"Pakistan Aeronautical Complex,kamra, Pakistan",,"Jan 8, 2026"
GF-19335- JA,LPG...,"Pakistan State Oil,Karachi central, Pakistan",,"Dec 23, 2025"
OP-19340-AA,Providing and Installation of Glass Partition works,"Pakistan State Oil,Karachi central, Pakistan",,"Dec 23, 2025"
NASTP-GREENAI-GPSAR-UAS/04/2025,DESIGN & DEVELOPMENT OF AGRICULTURAL UNMANNED AIRCRAFT SYSTE DESIGN & DEVELOPMENT OF AGRICULTURAL UNMANNED AIRCRAFT,"National Aerospace Science and Technology Park (NASTP),Islamabad, Pakistan",,"Jan 9, 2026"
LM-19164-ASR,Finishing works of Auto care Facility,"Pakistan State Oil,Karachi central, Pakistan",,"Dec 23, 2025"
T#07 (ii)/ 25-26,Support and Subscription Renewal for Oracle ERP Products,"Securities and Exchange Commission,Islamabad, Pakistan",,"Dec 23, 2025"
AM-19339-AA,Services Required for Technical survey..,"Pakistan State Oil,Karachi central, Pakistan",,"Dec 23, 2025"
PACB/786-A/25220028/0515/P-4,PROCUREMENT OF ‘D’ LEVEL SPARES,"Pakistan Aeronautical Complex,kamra, Pakistan",,"Dec 23, 2025"
T#07 (i)/ 25-26,Veritas Net Backup Support,"Securities and Exchange Commission,Islamabad, Pakistan",,"Dec 23, 2025"
BM-19338-FI,Procurement of Bikes,"Pakistan State Oil,Karachi central, Pakistan",,"Dec 23, 2025"
PACB/786-A/25209021/0514/P-4,UP-GRADATION OF TESTER,"Pakistan Aeronautical Complex,kamra, Pakistan",,"Dec 23, 2025"
LT-19129-FIR,Procurement of Electric High-Reach Fork-lift truck,"Pakistan State Oil,Karachi central, Pakistan",,"Dec 23, 2025"
251208-/P3-I,Radiology Equipment,"Government of Punjab,Lahore, Pakistan",,"Dec 23, 2025"
PACB/786-A/25198015/0513/P-4,PROCUREMENT OF SCANCAD,"Pakistan Aeronautical Complex,kamra, Pakistan",,"Dec 23, 2025"
0446/RT-6202/25-26/FOR-A/DESCOM/SCM,Procurement of Material for Indigenous Manufacturing of Part,"Heavy Industries Taxila (HIT),Taxila, Pakistan",,"Dec 23, 2025"
PACB/786-A/25209026/0512/P-4,PROCUREMENT OF ITEMS,"Pakistan Aeronautical Complex,kamra, Pakistan",,"Dec 23, 2025"
PRD(L)/WAPDA/143(2025-26),WAPDA DIAMER BASHA DAM CHILAS WAPDA,"Water and Power Development Authority (WAPDA),Lahore city, Pakistan",,"Dec 23, 2025"
,"Construction Works,etc..","HQ Frontier Corps (KPK),Peshawar, Pakistan",,"Dec 23, 2025"
,Janitorial/Cleaning Services,"Ministry of Foreign Affairs,Islamabad, Pakistan",,"Dec 23, 2025"
4882/RT-7013/25-26/TMF/FWA/SCM,Procurement of Water Tube Insulation with 5x Items,"Heavy Industries Taxila (HIT),Taxila, Pakistan",,"Dec 23, 2025"
PACB/786-A/25220029/0511/P-4,AUTOMATIC OPTICAL INSPECTION SYSTEM,"Pakistan Aeronautical Complex,kamra, Pakistan",,"Dec 23, 2025"
PD/O&M/PP/32438/25,"Supply of 12VDC battery ,etc.. Supply of 12VDC battery ,etc","Pakistan Petroleum Limited,Karachi central, Pakistan",,"Dec 23, 2025"
2871/RT-7606/25-26/HRF(M)/FWA/SCM,Procurement of Production Material,"Heavy Industries Taxila (HIT),Taxila, Pakistan",,"Dec 30, 2025"
FSD/INTL/YYZ/17/26,IN-FLIGHT CATERING SERVICES,"Pakistan International Airline (PIA),Karachi central, Pakistan",,"Dec 23, 2025"
PSS/2025/16,purchase/supply of Tyres for Transport Unit.,"Quaid-i-Azam University,Islamabad, Pakistan",,"Dec 23, 2025"
02,Auction,"National Grid Company of Pakistan Limited NGC,Shikarpur, Pakistan",,"Dec 23, 2025"
PRD(L)/WAPDA/142(2025-26),WAPDA TARBELA 4TH EXT. HYDEL POWER STATION,"Water and Power Development Authority (WAPDA),Lahore city, Pakistan",,"Dec 23, 2025"
"4756/IT-7135,/IT-7138/HRF (T)/FWA/25-26/SCM",Procurement of Azmol Oil,"Heavy Industries Taxila (HIT),Taxila, Pakistan",,"Dec 30, 2025"
ICE & CONTL/L.C/IT/25-26/03,"Repair/ Refurbishment,etc..","Pakistan Navy,Karachi central, Pakistan",,"Dec 23, 2025"
GSD (PROC)/ 357007 / UPS Batteries / 2025-26,Maintenance Free Dry Batteries,"State Bank of Pakistan,Faisalabad, Pakistan",,"Dec 23, 2025"
,Upgradation of Internet Facility at NUST students Hostels,"Military College of Engineering (MCE),Nowshera, Pakistan",,"Dec 23, 2025"
798 - D (a) / 2025-26,Establishment of Optical Fiber cable connectivity,"National Telecommunication Corporation (NTC),Karachi central, Pakistan",,"Dec 23, 2025"
SN-4761/25,Welding Electrodes,"Sui Northern Gas Pipelines Limited,Lahore city, Pakistan",,"Dec 23, 2025"
SNT-2302/25,Natural Gas Odor Sniff Tester,"Sui Northern Gas Pipelines Limited,Lahore, Pakistan",,"Dec 23, 2025"
SN-4762/25,Welding Fittings,"Sui Northern Gas Pipelines Limited,Lahore, Pakistan",,"Dec 23, 2025"
SNT-2309/25,Mini Excavator with Wheels,"Sui Northern Gas Pipelines Limited,Lahore, Pakistan",,"Dec 23, 2025"
PACB/786-A/25205022/0510/P-4,PROCUREMENT OF RF AMPLIFIER,"Pakistan Aeronautical Complex,kamra, Pakistan",,"Dec 23, 2025"
12035,TENDER NOTICE REPAIR / MAINTENANCE WORKS OF B-08 MESS AT PAA,"Pakistan Airports Authority (PAA),Karachi south, Pakistan",,"Dec 23, 2025"
PTA/Admin/744/2025,"Procurement of 9x Photocopier Machines for PTA HQs, Isb","Pakistan Telecommunication Authority,Islamabad, Pakistan",,"Dec 23, 2025"
Procurement of Oxygen / Acetylene Gases,Oxygen / Acetylene Gases,"Sui Northern Gas Pipelines Limited,Faisalabad, Pakistan",,"Dec 23, 2025"
WAH/CIVIL/004/2025-26,Repair and installation work ..,"Sui Northern Gas Pipelines Limited,Wah Cantt, Pakistan",,"Dec 23, 2025"
,Security Services,"Estate Office,Islamabad, Pakistan",,"Dec 23, 2025"
,Indigenous Development ...,"Ministry of Defence Production,Rawalpindi, Pakistan",,"Dec 23, 2025"
6057/04/E-6,Term Contract ( B&R)..,"Military Engineering Services (Army),Sialkot, Pakistan",,"Dec 23, 2025"
6000-ppra/33/e-6,Const/Repair/ Maint..,"Military Engineering Services (Army),Rawalpindi, Pakistan",,"Dec 23, 2025"
1012-W/2/3/25,"Special Repair,etc..","Pakistan Railways,Rawalpindi, Pakistan",,"Dec 23, 2025"
PACB/1702/5/BLAS-26/MC,"STALL DESIGN, FABRICATION AND SERVICES BLAS -2026 ETHIOPIA","Pakistan Aeronautical Complex,kamra, Pakistan",,"Dec 30, 2025"
,Auction/ Disposal,"National Grid Company of Pakistan Limited NGC,Rawalpindi, Pakistan",,"Dec 23, 2025"
348/34,INVITATION TO E-BID,"Oil and Gas Development Company Limited,Islamabad, Pakistan",,"Dec 23, 2025"
,Electrical Division II 03 (23-12-2025),"Capital Development Authority,Islamabad, Pakistan",,"Dec 23, 2025"
12034,INVITATION TO BID PROCUREMENT OF OUTDOOR RATED FULL COLOUR L,"Pakistan Airports Authority (PAA),Karachi south, Pakistan",,"Dec 23, 2025"
CUI-LHR-TN-25-1887,"4510-Sports Items for Year 2025-2026, CUI-Lahore Campus","COMSATS,Lahore, Pakistan",,"Dec 23, 2025"
"0025,0036 & 0046 HVN-LP-56","Procurment of Mechanical, Electronic & PVC Items","Pakistan Ordnance Factories,Abbottabad, Pakistan",,"Dec 23, 2025"
12032,INVITATION TO BID PROCUREMENT OF OFFICE FURNITURE FOR GWADAR,"Pakistan Airports Authority (PAA),Karachi south, Pakistan",,"Dec 23, 2025"
PRD(L)/WAPDA/140(2025-26),WAPDA DIAMER BASHA DAM WAPDA LA&R DBDP CHILAS,"Water and Power Development Authority (WAPDA),Lahore city, Pakistan",,"Dec 23, 2025"
A (01)/PSEB/2025-48,Purchase of Hardware and IT Equipment for PSEB Tender Notice,"Pakistan Software Export Board,Islamabad, Pakistan",,"Dec 23, 2025"
12030,INVITATION TO BID PROCUREMENT OF IT EQUIPMENT FOR AIIAP LAHO,"Pakistan Airports Authority (PAA),Karachi south, Pakistan",,"Dec 23, 2025"
"0037,0038,0045 & 0049 HVN-LP-56","Procurment of Chemicals, Pipe and Pipe Fittings","Pakistan Ordnance Factories,Abbottabad, Pakistan",,"Dec 23, 2025"
2590306/R-2511/310230,UPGRADATION OF NOISE FIGURE ANALYZER FOR MEASURING CIRCUIT/C,"Directorate of Procurement (Navy),Islamabad, Pakistan",,"Dec 23, 2025"
2590309/R-2512/310352,SYSTEM 8 (BOARD MASTER) ALONGWITH ACCESSORIES,"Directorate of Procurement (Navy),Islamabad, Pakistan",,"Dec 23, 2025"
2590307/R-2512/310351,REVENG CABINET SYSTEM 2048 CHANNELS INCLUDING ACCESSORIES,"Directorate of Procurement (Navy),Islamabad, Pakistan",,"Dec 23, 2025"
2590360/B2512/360318,7500 x CTGS 25MM x 137 HEI-T,"Directorate of Procurement (Navy),Islamabad, Pakistan",,"Dec 23, 2025"
2590344/R2511/360268,2x Battery Operated Tractor (5- Ton),"Directorate of Procurement (Navy),Islamabad, Pakistan",,"Dec 23, 2025"
2590359/R2511/360280,Wabocord/Detonating& Safety Fuse,"Directorate of Procurement (Navy),Islamabad, Pakistan",,"Dec 23, 2025"
2590001/R2512/360334,"Procurement of Heavy Mortar 120MM complete with Tools, Acces","Directorate of Procurement (Navy),Islamabad, Pakistan",,"Dec 24, 2025"
,,"Military Engineering Services (Army),Sialkot, Pakistan Term Contract ( B&R)..  Term Contract ( B&R)..  6057/04/E-6",,"Dec 23, 2025"
,,"Pakistan Railways,Rawalpindi, Pakistan Special Repair,etc..  Special Repair,etc..  1012-W/2/3/25",,"Dec 23, 2025"
,,"Pakistan Aeronautical Complex,kamra, Pakistan STALL DESIGN, FABRICATION AND SERVICES BLAS -2026 ETHIOPIA    PACB/1702/5/BLAS-26/MC",,"Dec 30, 2025"
,,"National Grid Company of Pakistan Limited NGC,Rawalpindi, Pakistan Auction/ Disposal   Auction/ Disposal",,"Dec 23, 2025"
,,"COMSATS,Lahore, Pakistan 4510-Sports Items for Year 2025-2026, CUI-Lahore    Campus  CUI-LHR-TN-25-1887",,"Dec 23, 2025"
,,"Pakistan Ordnance Factories,Abbottabad, Pakistan Procurment of Mechanical, Electronic & PVC Items  Procurment of Mechanical, Electronic & PVC Items  0025,0036 & 0046 HVN-LP-56",,"Dec 23, 2025"
Svcs/C&M/Renovation of Radar Lab 2025,Renovation of Radar Lab..,"National Radio Tele Communication Corporation,Haripur, Pakistan",,"Dec 22, 2025"
TL/01/25-07,18 X Dia ...,"Sui Northern Gas Pipelines Limited,Lahore, Pakistan",,"Dec 22, 2025"
SSGC/LP/EPADS/NR/2114005,SSGC/LP/EPADS/NR/2114005 (SPARES),"Sui Southern Gas Company Limited,Karachi central, Pakistan",,"Dec 22, 2025"
,"Upgradation and Renovation of Labs,etc.. Upgradation and Renovation of Labs,etc.","National Institute of Health (NIH),Islamabad, Pakistan",,"Dec 22, 2025"
AD-A4796- FF,Services for fumigation..,"Pakistan State Oil,Karachi central, Pakistan",,"Dec 22, 2025"
MNTT/TE/070/2025,Beveling Machine,"Sui Northern Gas Pipelines Limited,Multan, Pakistan",,"Jan 12, 2026"
3305/A/LP/KWD-02-2025-26 (2nd Half),Misc Items,"Central Ordnance Depot,Khanewal, Pakistan",,"Dec 22, 2025"
,Procurement of Video Conferencing System,"Ministry of Federal Education and Professional Training,Islamabad, Pakistan",,"Dec 22, 2025"
SSGC/LP/EPADS/NR/2114004,SSGC/LP/EPADS/NR/2114004 (CAMERA),"Sui Southern Gas Company Limited,Karachi central, Pakistan",,"Dec 22, 2025"
IFB-AFD-13R-2025 (Lot-IV),Procurement of Testing and Maintenance Equipment,"National Grid Company of Pakistan Limited NGC,Lahore, Pakistan",,"Dec 22, 2025"
GUJ/TE/006/2025,Cutting anrl stilclring of uniforn.,"Sui Northern Gas Pipelines Limited,Gujranwala, Pakistan",,"Dec 22, 2025"
,TC E&M External Elect Supply..,"Military Engineering Services (Army),Quetta city, Pakistan",,"Dec 22, 2025"
SSGC/LP/NT/PT/2113990,SSGC/LP/NT/PT/2113990 (SERVICE VALVES),"Sui Southern Gas Company Limited,Karachi central, Pakistan",,"Dec 22, 2025"
02/N-5/C-III/2025-26,Cutting and stilching of uniform Cutting and stiiching of uniform .,"National Highway and Motorway Police (NHMP),Rahim yar khan, Pakistan",,"Dec 22, 2025"
1844-36-B-PPRA-GMC (HVN),Prequalification Notice,"Pakistan Ordnance Factories,Abbottabad, Pakistan","Oct 1, 2026","Dec 22, 2025"
06/ Fin- Con /JMC/2025,Hiring of Accounting Firm..,"Ministry of National Health Services, Regulation & Coordination,Islamabad, Pakistan",,"Dec 22, 2025"
05/TAX- CON/JMC/2025,Engagement of Tax Advisor,"Ministry of National Health Services, Regulation & Coordination,Islamabad, Pakistan",,"Dec 22, 2025"
,"Supply of Computers,etc..","Pakistan Airforce,Rawalpindi, Pakistan",,"Dec 22, 2025"
5,Preparation of 3x Earth pits for Installation Preparation of 3x Earth pits for Installation of BTS Pattika,"Special Communications Organization,Muzaffarabad, Pakistan",,"Dec 23, 2025"
,"Establishment of 8 IT Labs,etc..","National Vocational and Technical Training Commission (NAVTTC),Islamabad, Pakistan",,"Dec 22, 2025"
CUI-Proc/(TN-717/01/2026),Arrangements for Silver Jubilee Dinner at CUI,"COMSATS University,Islamabad, Pakistan",,"Dec 22, 2025"
PD ( GSC) Qesco-08(2025-26),"Cont of Boundary Wall... Const of RCC Pile foundation,etc..","Quetta Electric Supply Company (QESCO),Quetta city, Pakistan",,"Dec 22, 2025"
PD ( GSC) Qesco-05(2025-26),"Const of RCC Pile foundation,etc..","Quetta Electric Supply Company (QESCO),Quetta city, Pakistan",,"Dec 22, 2025"
0153/LP/CMC/55/P-A,Procurement of Industrial Chemical,"Pakistan Ordnance Factories,Wah Cantt, Pakistan",,"Dec 22, 2025"
BRT/MKTG/12/2025-26,"Sale of 20,000 tons 4.00 G/Cmᶟ of Barite Ore from Khuzdar","Pakistan Petroleum Limited,Quetta city, Pakistan",,"Dec 22, 2025"
1-4 (outsourcing services) / NCRC /2025,Provision of Outsourcing of Services of Naib Qasid & Sweepr,"Ministry of Human Rights,Islamabad, Pakistan",,"Dec 22, 2025"
FOR DETAILS PLEASE VISIT: https://pnsc.com.pk/tenders,INTERNATIONAL TENDER FOR PROCUREMENT OF ALUM/ZINC ANODES FOR,"Pakistan National Shipping Corporation (PNSC),Karachi central, Pakistan",,"Dec 22, 2025"
4503,"Hiring of Machinery,etc..","Cantonment Board,Karachi central, Pakistan",,"Dec 22, 2025"
6000-A/16/E6,Const of Office Cum Storage... Const of Office Cum Storage,"Military Engineering Services (Army),Taxila, Pakistan",,"Dec 22, 2025"
6001/143/E-6,Repair/ Replacement of 3 Posts..,"Military Engineering Services (Airforce),Chakwal, Pakistan",,"Dec 22, 2025"
2025-26/MIII-GRW/14,M&R OF RESIDENTIALS BUILDINGS,"Gujranwala Electric Power Company Limited,Gujranwala, Pakistan",,"Dec 22, 2025"
"Repair/ Maint of Foundation,etc.","Repair/ Maint of Foundation,etc..","Military Engineering Services (Airforce),Karachi central, Pakistan",,"Dec 22, 2025"
09/2025-26,Conductuing Third Party Review/Audit of NIE,"Ministry of Science and Technology,Islamabad, Pakistan",,"Dec 22, 2025"
10/2025-26,Conductuing Third Party Review/Audit of NIO,"Ministry of Science and Technology,Islamabad, Pakistan",,"Dec 22, 2025"
05/2025-26,Conductuing Third Party Review/Audit of NMIP,"Ministry of Science and Technology,Islamabad, Pakistan",,"Dec 22, 2025"
07/2025-26,Conductuing Third Party Review/Audit of PASTIC,"Ministry of Science and Technology,Islamabad, Pakistan",,"Dec 22, 2025"
08/2025-26,Conductuing Third Party Review/Audit of PCSIR,"Ministry of Science and Technology,Islamabad, Pakistan",,"Dec 22, 2025"
12029,INVITATION TO BID PROCUREMENT OF LED TUBE RODS 14W COOL DAY,"Pakistan Airports Authority (PAA),Karachi south, Pakistan",,"Dec 22, 2025"
11/2025-26,Conductuing Third Party Review/Audit of PHA,"Ministry of Science and Technology,Islamabad, Pakistan",,"Dec 22, 2025"
12/2025-26,Conductuing Third Party Review/Audit of PNCA,"Ministry of Science and Technology,Islamabad, Pakistan",,"Dec 22, 2025"
06/2025-26,Conductuing Third Party Review/Audit of (PSF),"Ministry of Science and Technology,Islamabad, Pakistan",,"Dec 22, 2025"
12027,TENDER NOTICE REPAIR AND MAINTENANCE OF TENSIL FABRIC SHED O,"Pakistan Airports Authority (PAA),Karachi south, Pakistan",,"Dec 22, 2025"
Conductuing Third Party Review/Audit of ( PSQCA),Services Required,"Ministry of Science and Technology,Islamabad, Pakistan",,"Dec 22, 2025"
12033,TENDER NOTICE PROCUREMENT OF TOILET FITTINGS AND MISCELLANEO,"Pakistan Airports Authority (PAA),Karachi south, Pakistan",,"Dec 22, 2025"
2993-2998MM,FESCO TENDER NOTICE Supply of MIS Material,"Faisalabad Electric Supply Company (FESCO),Faisalabad, Pakistan",,"Dec 22, 2025"
12026,"TENDER NOTICE IMPROVEMENT OF TOILETS AT SUPPLY DEPOT, JIAP,","Pakistan Airports Authority (PAA),Karachi south, Pakistan",,"Dec 22, 2025"
20/0001/00-0/1-2025,Tender are invited for miscellaneous items Corrigendum,"Pakistan Railways,Lahore city, Pakistan",,"Dec 22, 2025"
12025,TENDER NOTICE RECONSTRUCTION OF GENERATOR ROOM AND PROVISION,"Pakistan Airports Authority (PAA),Karachi south, Pakistan",,"Dec 22, 2025"
12024,TENDER NOTICE REVAMPING / REPLACEMENT OF COMPLETE ENGINE ASS,"Pakistan Airports Authority (PAA),Karachi south, Pakistan",,"Dec 22, 2025"
HEC-0330,Prequalification of Firms Wired and Wireless Services for PERN Connectivity,"Higher Education Commission,Islamabad, Pakistan",,"Dec 22, 2025"
25121499393,EQUIPMENT PURCHASE FOR PHYSICS LABORATORIES FOR SNS-NUST,"NUST School of Natural Sciences (SNS),Islamabad, Pakistan",,"Dec 21, 2025"
"GNM-112/25-26(35),GNM-113/2526(47)",SCIENTIFIC CONSUMABLE LABS AND STATIONARY/CLEANING ITEMS,"Gujranwala Institute of Nuclear Medicine and Radiotherapy,Gujranwala city, Pakistan",,"Dec 20, 2025"
"0042/LP/Fill/53,0036/0038/0049/0066/0067/0074/0069/LP/Fil/56",PROCUREMENT OF MISC ITEMS FILLING FACTORY WAH CANTT,"Pakistan Ordnance Factories,Wah Cantt, Pakistan",,"Dec 20, 2025"
SSGC/SC/PT/EPADS/14143,"Civil Works Revamping, Construction / Modification of SSGC’s","Sui Southern Gas Company Limited,Karachi central, Pakistan",,"Dec 31, 2025"
SSGC/SC/PT/EPADS/14142,Construction Activities for Rehabilitation of Natural Gas Di,"Sui Southern Gas Company Limited,Karachi central, Pakistan",,"Dec 31, 2025"
LED/113/25,Wireless access Points and Wireless LAN Controllers,"Sui Northern Gas Pipelines Limited,Lahore, Pakistan",,"Dec 19, 2025"
LP/T-2371/25,Adobe Photoshop & Illustrator Annual Subscription Renewal,"Pakistan Security Printing Corporation,Karachi central, Pakistan",,"Dec 19, 2025"
FP/T-0005 (Corrigendum),Supply of Semi conductor Chip for ID1 Card,"Pakistan Security Printing Corporation,Karachi central, Pakistan",,"Jan 7, 2026"
LET/160/25,AERIAL LIFT PLATFORM,"Sui Northern Gas Pipelines Limited,Lahore, Pakistan",,"Dec 19, 2025"
FP/T-0003,"Laser able Transparent Sheets, White Polycarbonate Sheets & Non- Laser able Transparent Sheet","Pakistan Security Printing Corporation,Karachi central, Pakistan",,"Dec 19, 2025"
LP/T-2370/25,Services for Incineration of Inks,"Pakistan Security Printing Corporation,Karachi central, Pakistan",,"Dec 19, 2025"
GSD (PROC-III)/ 357534 / Cash Handling Machines / 2025-26,Supply of Cash Handling Machines,"State Bank of Pakistan,Karachi west, Pakistan",,"Dec 19, 2025"
15/GSC (2025-26),Civil work Civil Work,"Multan Electric Power Company (MEPCO),Multan, Pakistan",,"Dec 19, 2025"
LP/T-2369/25,Supply of Doctor Blade Carbon Steel Size 28 X 0.15 MM Roll of 100 Meters,"Pakistan Security Printing Corporation,Karachi central, Pakistan",,"Dec 19, 2025"
OPF-1371,"PROCUREMENT OF 12,000 PRE-PRINTED OPF MEMBERSHIP CARDS","Overseas Pakistanis Foundation,Islamabad, Pakistan",,"Dec 19, 2025"
CUI/ATK-Comp/90/(2025-2025),Supply of Computer Systems,"COMSATS University,Attock, Pakistan",,"Dec 19, 2025"
05/2025,Purchase of Office and Classroom Equipment,"NUST College of Electrical and Mechanical Engineering,Rawalpindi, Pakistan",,"Dec 19, 2025"
FURNITURE/FIXTURES ETC.,DISPOSAL OF SCRAP ITEMS AT SBP BSC HO KCI,"State Bank of Pakistan,Karachi east, Pakistan",,"Dec 19, 2025"
ADB-LESCO-EPC-003-2025,Procurement & Installation of Aerial Bundled Conductor (ABC) Corrigendum,"Lahore Electric Supply Company (LESCO),Lahore, Pakistan",,"Dec 19, 2025"
Proc-126-R,TENDER NOTICE Purchase of Desktop Computers,"Balochistan University of Information Technology, Engineering and Management Sciences (Buitems),Quetta city, Pakistan",,"Dec 19, 2025"
01/2026/FSD,Tender for Stitching of Uniform items ASF Faisalabad Airport,"Airports Security Force,Karachi central, Pakistan","Apr 21, 2026","Dec 19, 2025"
7885/RT-7703/25-26/FWA/GF/SCM,Instl of Cutting Fluid / Coolant Sys on HDL and Universal Ma,"Heavy Industries Taxila (HIT),Taxila, Pakistan",,"Dec 19, 2025"
RE/SB/SUK/DEC/2025,Installation 02 (Two) Horizontal Sign Boards at SLB-Sukkur,"State Life Insurance Corporation of Pakistan,Sukkur city, Pakistan",,"Dec 19, 2025"
ROW,IFB for OM&M of Services Areas and Rest Areas on Advance Net Services Areas,"National Highway Authority (NHA),Islamabad, Pakistan",,"Jan 6, 2026"
5081/RT-7807/25-26/FWA/SCM,Procurement of Electric Bikes (eBikes) & Transport Loader,"Heavy Industries Taxila (HIT),Taxila, Pakistan",,"Jan 2, 2026"
Hiring of contractor /firm for provision of skilled/un skill,PESCO TENDER NOTICE,"Peshawar Electric Supply Company (PESCO),Peshawar, Pakistan",,"Dec 19, 2025"
805,Procurement of Security Services for SMEDA Quetta Procurement of Security Services for SMEDA Regional Office,"Small Medium Enterprise Development Authority (SMEDA),Lahore, Pakistan",,"Dec 19, 2025"
5081/IT-6106/Upgrd/25-26/FOR-A/HRF (T)/SCM,Up-gradation of Hydraulic CNC Double Spindle Boring System,"Heavy Industries Taxila (HIT),Taxila, Pakistan",,"Dec 19, 2025"
5126/IT-6709/GF/FOR-A/25-26/SCM,Refurbishment of Straightening Press,"Heavy Industries Taxila (HIT),Taxila, Pakistan",,"Dec 19, 2025"
dgpr no.57/25-26,PESCO TENDER NOTICE Crane mounted truck driver cum operator,"Peshawar Electric Supply Company (PESCO),Peshawar, Pakistan",,"Dec 19, 2025"
5126/IT-6708/GF/FOR-A/25-26/SCM,Procurement of Tooling,"Heavy Industries Taxila (HIT),Taxila, Pakistan",,"Dec 19, 2025"
,Color Photocopier Machines along with Complete set of Toner,"Pakistan Medical and Dental Council (PMDC),Islamabad, Pakistan",,"Dec 19, 2025"
FOR DETAILS PLEASE VISIT: https://pnsc.com.pk/tenders,TENDER FOR PROCUREMENT OF HOSE HANDLING CRANE WIRES FOR PNSC,"Pakistan National Shipping Corporation (PNSC),Karachi central, Pakistan",,"Dec 19, 2025"
5041/IT-6607/FOR-A/HRF (M)/25-26/SCM,Procurement of Expendable & Tools Items for Rebuild of APC,"Heavy Industries Taxila (HIT),Taxila, Pakistan",,"Dec 19, 2025"
5041/IT-6605/25-26/FOR-A/HRF (M)/SCM,Procurement of Spares for Rebuild of APCs,"Heavy Industries Taxila (HIT),Taxila, Pakistan",,"Dec 30, 2025"
Ref.No.PMDC/Pro/Installation of Electrical Items/Sor-Range,Installation of Different Electrical Items at Sor-Range Installation of Different Electrical Items at PMDC Sor-Range,"Pakistan Mineral Development Corporation(PMDC),Islamabad, Pakistan",,"Dec 24, 2025"
119/IT/5,Tender for Purchase of Stationery Items,"Ministry of Narcotics Control,Islamabad, Pakistan",,"Dec 19, 2025"
No.2-49/2025-2026/Log-I,"OPEN AUCTION OF UNSERVICEABLE ITEMS Open auction will be held on 7th January, 2026 at 11:00 am","Federal Public Service Commission,Islamabad, Pakistan",,"Dec 19, 2025"
6001/09/E-6,"T.C electrification,etc..","Military Engineering Services (Airforce),Chakwal, Pakistan",,"Dec 19, 2025"
,Sillage ( Maize) Harvesting..,"HQ Military Farm,Multan City, Pakistan",,"Dec 19, 2025"
19/2025,"Hiring Services of CA Firms, supply of Safety Hemets,etc..","Public Sector Organization,Islamabad, Pakistan",,"Dec 19, 2025"
119/IT/4,Tender for Photocopier Sorter Bins and Photocopier Machines,"Ministry of Narcotics Control,Islamabad, Pakistan",,"Dec 19, 2025"
119/IT/3,Tender for SMS Gateway Services during ANF Recruitment,"Ministry of Narcotics Control,Islamabad, Pakistan",,"Dec 19, 2025"
Procurement of Equipment & Consumables TD 365,Procurement of Equipment & Consumables,"National University of Technology (NUTECH),Islamabad, Pakistan",,"Dec 19, 2025"
2025-26/GRW/13/CLEANING,"Cleaning of residential colonies, offices area ETC","Gujranwala Electric Power Company Limited,Gujranwala, Pakistan",,"Dec 19, 2025"
RFP/bank cell/2023,PROVISION OF REVENUE COLLECTION SERVICES ACROSS THE COUNTRY Tender,"Pakistan Railways,Lahore city, Pakistan",,"Dec 19, 2025"
38/2025-26,Misc Items,"301 Central Base Spares Depot EME,Rawalpindi, Pakistan",,"Dec 19, 2025"
Proc-10/LF/Adv: Tender Notice/2025-26,PROCUREMENT OF HARDWARE Tender,"Pakistan Railways,Lahore city, Pakistan",,"Dec 19, 2025"
6000-PPRA/14/E-6,"Misc Repair,etc..","Military Engineering Services (Army),Rawalpindi, Pakistan",,"Dec 19, 2025"
IT/05/06/07,PROCUREMENT OF IT Equipment for NUST,"National University of Science and Technology,Islamabad, Pakistan",,"Dec 22, 2025"
DNTC/08-D(b)/2025-26/,Re-Construction of Fallen Boundary Wall at NTC M/w Stn QSP,"National Telecommunication Corporation (NTC),Lahore, Pakistan",,"Dec 19, 2025"
119/IT/2,Tender for Optical Marks Recognition Answer Sheets,"Ministry of Narcotics Control,Islamabad, Pakistan",,"Dec 19, 2025"
44/2025-26,Misc Items,"304 Spares Depot EME,Khanewal, Pakistan",,"Dec 19, 2025"
119/IT,Tender for Purchase of Technical Equipments,"Ministry of Narcotics Control,Islamabad, Pakistan",,"Dec 19, 2025"
45/2025-26,Misc items Misc Items,"304 Spares Depot EME,Khanewal, Pakistan",,"Dec 19, 2025"
DNTC/13-D(b)/2024-25/,Replacement of 05 x AC Units (02 Ton) at NTC RHQ Lahore,"National Telecommunication Corporation (NTC),Lahore, Pakistan",,"Dec 19, 2025"
4,Maintenance/ Painting of SST Towers,"Special Communications Organization,Muzaffarabad, Pakistan",,"Dec 19, 2025"
IGNITE/DPCH/2025-26/0021/PROC,DIGITAL PAKISTAN CYBERSECURITY HACKATHON 2025 REQUEST FOR PROPOSAL (RFP),"Ministry of IT and TeleCommunication,Islamabad, Pakistan",,"Dec 19, 2025"
0,Supply of Office/Lab Equipment- SCEE NUST,"National University of Science and Technology,Islamabad, Pakistan",,"Dec 19, 2025"
12028,INVITATION TO BID PROCUREMENT OF OPERATOR DISPLAY PANELS (QT,"Pakistan Airports Authority (PAA),Karachi south, Pakistan",,"Dec 19, 2025"
,Fixed ATG..,"Northern Light Infantry Regiment,Gilgit, Pakistan",,"Dec 19, 2025"
F.7(23)2025-26-Admin,SUPPLY OF STATIONERY & MISCELLANEOUS ITEMS P-II,"National Assembly Secretariat,Islamabad, Pakistan",,"Dec 19, 2025"
2590353/R2512/360316,Procurement of Sports Ammunition,"Directorate of Procurement (Navy),Islamabad, Pakistan",,"Dec 31, 2025"
PACB/741/42745010/0935/P-1,Procurement of Reverse Osmosis Plant,"Pakistan Aeronautical Complex,kamra, Pakistan",,"Dec 19, 2025"
603/267/E6,Const/Repair/Minor/Maint,"Military Engineering Services (Army),Rawalpindi, Pakistan",,"Dec 19, 2025"
19/GEN SET/ FOR/ NLC/2025,Generator Set..,"National Logistics Corporation (NLC),Rawalpindi, Pakistan",,"Dec 19, 2025"
,Subscription and Support Services ( SNS)..,"Pakistan Institute for Parliamentary Services (PIPS),Islamabad, Pakistan",,"Dec 19, 2025"
3(71)/2025-26-Admn/PIPS,"Cooling Tower FIlls Pads,etc.. ..","Pakistan Institute for Parliamentary Services (PIPS),Islamabad, Pakistan",,"Dec 19, 2025"
600-AB/NRK/122/E-6,Certain Facilties,"Military Engineering Services (Airforce),Islamabad, Pakistan",,"Dec 19, 2025"
TCP/Rice/Disposal/2025,Sale of Basmati Rice..,"Trading Corporation of Pakistan (TCP),Karachi east, Pakistan",,"Dec 19, 2025"
Ref.No. PMDC/Pro/Sohal Mine No. 2/KH,Sohal Mine No. 02 to PMDC Salt Depot Khewra,"Pakistan Mineral Development Corporation(PMDC),Islamabad, Pakistan",,"Dec 19, 2025"
RFQ-2526-00078-L,Misc Lab Equipment,"Institute of Space Technology,Islamabad, Pakistan",,"Dec 19, 2025"
PIAC/Safety Shoes/2025,Safety Shoes,"Pakistan International Airline (PIA),Karachi central, Pakistan",,"Dec 19, 2025"
PIAC/PR-25010069/25,Offset Paper White,"Pakistan International Airline (PIA),Karachi central, Pakistan",,"Dec 19, 2025"
GSD (Proc-I) / 353394 / Services / Links 2 Pkgs / 2025,Internet & Intranet Connectivity Links (2-Packages),"State Bank of Pakistan,Karachi south, Pakistan",,"Dec 19, 2025"
SCP/04/2025-26/iTD,Multi Touch Kiosk,"Supreme Court of Pakistan,Islamabad, Pakistan",,"Dec 19, 2025"
SN-4774/25,Weldneck /Blind/Anchor Flanges,"Sui Northern Gas Pipelines Limited,Lahore, Pakistan",,"Dec 19, 2025"
PRD(L)/WAPDA/137(2025-26),WAPDA DUBER KHWAR POWER STATION PATTAN WAPDA,"Water and Power Development Authority (WAPDA),Lahore city, Pakistan",,"Dec 19, 2025"
CMS/Gass Gen-2025-26,Services & Repairing ..,"Sui Northern Gas Pipelines Limited,Lahore, Pakistan",,"Dec 19, 2025"
WAH/CIVIL/004/2025-26,Repair & Installation Works ..,"Sui Northern Gas Pipelines Limited,Wah Cantt, Pakistan",,"Dec 19, 2025"
19-0225/00-0/1-2025,D.E LOCO SPARES Tender,"Pakistan Railways,Lahore city, Pakistan",,"Dec 19, 2025"
,"Stationery, Hardware, Software,etc..","Chief Commissioner Office,Islamabad, Pakistan",,"Dec 18, 2025"
835-W/23/ETSW(SSH-KDA)/2025-26,PROJECT DIRECTOR/ESSENTIAL TRACK SAFETY WORKS ON SSH-KDA SEC Tender,"Pakistan Railways,Lahore city, Pakistan",,"Dec 19, 2025"
CC/ design/5th-Floor/HO/2026,Preparation of design..,"Sui Northern Gas Pipelines Limited,Lahore, Pakistan",,"Dec 19, 2025"
CC/SHED/LPG- Cylinder,Const of LPG..,"Sui Northern Gas Pipelines Limited,Lahore, Pakistan",,"Dec 18, 2025"
NADRA-RHO LHR-RFB/2025/Auction-3,AUCTION OF BER TECHNICAL STORE ITEMS,"National Database and Registration Authority NADRA,Lahore, Pakistan",,"Dec 19, 2025"
,Preqaulification of Panel/ Workshops/Garages/ Firms,"Islamabad High Court,Islamabad, Pakistan",,"Dec 18, 2025"
36,Const of Duct Line..,"Islamabad Electric Supply Company (IESCO),Islamabad, Pakistan",,"Dec 18, 2025"
,Prequalification of Printer/ Publisher/ Firms,"Banking Mohtasib Pakistan,Karachi central, Pakistan",,"Dec 18, 2025"
LET/182/25,OFFICE FURNITURE,"Sui Northern Gas Pipelines Limited,Lahore, Pakistan",,"Jan 6, 2026"
LET/153/25,ELECTRIC VEHICLE (TWO WHEELER) E-Bike,"Sui Northern Gas Pipelines Limited,Lahore, Pakistan",,"Dec 18, 2025"
LET/152/25,TROLLEY FOR TRACTOR (14’x8’x2’),"Sui Northern Gas Pipelines Limited,Lahore, Pakistan",,"Dec 18, 2025"
PASSCO/SALE/1/2025,Prequalification of Applicants for Wheat Sale,"Pakistan Agricultural Storage and Services Corporation (PASSCO),Lahore, Pakistan",,"Dec 18, 2025"
625(17-12-2025),"DIRECTORATE OF ENVIRONMENT (EAST), CDA CAPITAL DEVELOPMENT AUTHORITY","Capital Development Authority,Islamabad, Pakistan",,"Dec 18, 2025"
,,"Islamabad High Court,Islamabad, Pakistan Preqaulification of Panel/ Workshops/Garages/ Firms  Preqaulification of Panel/ Workshops/Garages/ Firms",,"Dec 18, 2025"
,,"Islamabad Electric Supply Company (IESCO),Islamabad, Pakistan Const of Duct Line..  Const of Duct Line..  36",,"Dec 18, 2025"
,,"Banking Mohtasib Pakistan,Karachi central, Pakistan Prequalification of  Printer/ Publisher/ Firms  Prequalification of  Printer/ Publisher/ Firms",,"Dec 18, 2025"
,,"Pakistan Agricultural Storage and Services Corporation (PASSCO),Lahore, Pakistan Prequalification of Applicants for Wheat Sale  Prequalification of Applicants for Wheat Sale  PASSCO/SALE/1/2025",,"Dec 18, 2025"
T-181/26 to 184/26,Procurement of T & P Items,"Multan Electric Power Company (MEPCO),Multan City, Pakistan",,"Dec 18, 2025"
FSD/T.E/023/2025,FSD/T.E/023/2025 Procurement of tyres,"Sui Northern Gas Pipelines Limited,Faisalabad, Pakistan",,"Dec 18, 2025"
USF/TDRS/IT/DRSITE/2025-26/12,Provision of Disaster Recovery Site,"Universal Services Fund Company,Islamabad, Pakistan",,"Dec 18, 2025"
,Hospital Comforts..,"Pakistan Airforce,Quetta city, Pakistan",,"Dec 18, 2025"
,Conservancy Items,"Pakistan Airforce,Bari kot, Pakistan",,"Dec 18, 2025"
,Customisation & Implementation of ERP – Odoo Enterprise,"PIA Holding Company Limited PIAHCL,Islamabad, Pakistan",,"Dec 18, 2025"
SSGC/LP/EPADS/NR/2111994,SSGC/LP/EPADS/NR/2111994 (SPARES),"Sui Southern Gas Company Limited,Karachi central, Pakistan",,"Dec 18, 2025"
,Appointment of Legal Advisor on Retainership Basis,"PIA Holding Company Limited PIAHCL,Islamabad, Pakistan",,"Dec 18, 2025"
,Uniform & Protective Clothing,"Collectorate of Customs, Custom House,Lahore city, Pakistan",,"Dec 18, 2025"
,,"National Insurance Company Limited,Karachi central, Pakistan Procurement of Uniform, Shoes and Sweaters for Staff  .  NICL/Procurement/2025/47",,"Dec 18, 2025"
,,"Public Sector Organization,Islamabad, Pakistan Chemicals, Glasswares,etc..  Chemicals, Glasswares,etc..  C122-129/2025",,"Dec 18, 2025"
,,"Sui Northern Gas Pipelines Limited,Mardan, Pakistan Bricks ..  Bricks ..  FCS/MDR/TE/008/2025",,"Dec 18, 2025"
,,"Pakistan Security Printing Corporation,Karachi central, Pakistan Supply of Package Unit 20-TR & Hiring Services Installation   of Ducting, Commissioning and Test Run of  Package Unit  LP/T-2367/25 (corrigendum)",,"Jan 2, 2026"
,,"Sukkur Electric Power Company (SEPCO),Sukkur city, Pakistan Procurement Of Distribution Materials MM SEPCO  Sukkur Electric Power Company (SEPCO) Invites E-Bid  1351/25 To 1369/25",,"Dec 18, 2025"
SRD/2025/123 CASTING/MANUFACTURING/MACHINING,VARIOUS PARTS OF DE-FLOODING PUMP NO 1 OF DRY DOCK-II,"Karachi Shipyard and Engineering Works Ltd,Karachi west, Pakistan",,"Dec 18, 2025"
PRD(L)/WAPDA/135(2025-26),WAPDA GHAZI BAROTHA HATTIAN GHAZI BAROTHA HATTIAN,"Water and Power Development Authority (WAPDA),Lahore city, Pakistan",,"Dec 18, 2025"
WAH/TE/035/2025,Pressure Gauge Supply Of Pressure Gauge,"Sui Northern Gas Pipelines Limited,Wah Cantt, Pakistan",,"Jan 2, 2026"
LET/166/25,UPS MODULE FOR SCADA PRIMARY & SECONDARY DATA CENTERS,"Sui Northern Gas Pipelines Limited,Lahore, Pakistan",,"Dec 17, 2025"
LET/168/25,VIDEO WALL PANEL REPLACEMENT AT HO GAS CONTROL CENTER,"Sui Northern Gas Pipelines Limited,Lahore, Pakistan",,"Jan 6, 2026"
PIDCL/KPK/2024-25-R/45/01/01 to PIDCL/KPK/2024-25-R/45/10/10,"Tube well/Pavement/Drainage/Culvert/Shingle Road - D.I.Khan 10 Schemes, Estimated Cost Rs. 4,823,522 to 23,652,446","Pakistan Infrastructure Development Company Limited,Karachi east, Pakistan",,"Dec 26, 2025"
PCB-05-2025,"Provision of Installation, Delivery, Testing and Commissioni","Pakistan Cricket Board,Islamabad, Pakistan",,"Dec 17, 2025"
PIDCL/KPK/2024-25-R/15/01/11 to PIDCL/KPK/2024-25-R/15/58/68,"Black Top, Jeepable & PCC Roads/Streets & Causeway- Mansehra 58 Schemes, Estimated Cost Rs. 2,137,145 to Rs. 26,969,169","Pakistan Infrastructure Development Company Limited,Karachi east, Pakistan",,"Jan 2, 2026"
comparable characteristics/ features such as moisture,supply & installation of electrical equipment,"Islamabad Electric Supply Company (IESCO),Islamabad, Pakistan",,"Dec 17, 2025"
,Misc Items,"Ammunition Depot,Pattoki, Pakistan",,"Dec 17, 2025"
PRD(L)/WAPDA/136(2025-26),WAPDA RE CHITRAL HYDEL POWER STATION CHITRAL,"Water and Power Development Authority (WAPDA),Lahore city, Pakistan",,"Dec 17, 2025"
09/2025,"Supply, Fabrication and Installation of Durable, Weather Resistant, Outdoor, Illuminated Acrylic Logo","Oil and Gas Regulatory Authority (OGRA),Islamabad, Pakistan",,"Dec 17, 2025"
ZTBL-28-2025,"Transactions Montoring , Sanctions, PEP Scanninig Software Solution Transactions Montoring , Sanctions, PEP Scanninig Software Solution and Lists","Zarai Taraqiati Bank Ltd (ZTBL),Islamabad, Pakistan",,"Dec 17, 2025"
Proc-125-R,TENDER NOTICE Purchase of Sports Goods,"Balochistan University of Information Technology, Engineering and Management Sciences (Buitems),Quetta city, Pakistan",,"Dec 17, 2025"
IFB No. ISB/GSU / 355411 /Car Rental Services / 2025,Procurement of Car Rental Services for SBP BSC Islamabad,"State Bank of Pakistan,Islamabad, Pakistan",,"Dec 17, 2025"
6000/PPRA/41/E-6,Repair/ Repl of Ext Elect ...,"Military Engineering Services (Army),Nowshera, Pakistan",,"Dec 17, 2025"
02/25-236,Hiring of Vehicles..,"Sui Northern Gas Pipelines Limited,Wah Cantt, Pakistan",,"Dec 17, 2025"
ADMIN:ABT:11.5,Provision of Vehicles..,"Sui Northern Gas Pipelines Limited,Abbottabad, Pakistan",,"Dec 17, 2025"
PD/O&M/PP/32389/25,"Supply of spares,etc..","Pakistan Petroleum Limited,Karachi central, Pakistan",,"Dec 17, 2025"
SSGC/LP/EPADS/PT/2108972,SSGC/LP/EPADS/PT/2108972 (Batteries),"Sui Southern Gas Company Limited,Karachi central, Pakistan",,"Dec 17, 2025"
Re‐Tender 2025‐26 XEN/Civil‐31,"M&R of B‐Type Bungalow No 04, Brick Work,etc..","Hyderabad Electric Supply Company (HESCO),Hyderabad, Pakistan",,"Dec 17, 2025"
,"Media Chemicals, Regents..","University of Balochistan (UOB),Quetta city, Pakistan",,"Dec 17, 2025"
LET/175/25,AIR CONDITIONER & AC STABILIZER,"Sui Northern Gas Pipelines Limited,Lahore, Pakistan",,"Dec 17, 2025"
SSGC/LP/EPADS/PT/2110986,SSGC/LP/EPADS/PT/2110986 (Polyethylene Pipe (PE-100) 20mm),"Sui Southern Gas Company Limited,Karachi central, Pakistan",,"Dec 17, 2025"
SNGPL/NP&D/02/25,"Re- Certification of Network, Planning,etc.. Re- Certification of Network, Planning,etc.","Sui Northern Gas Pipelines Limited,Lahore, Pakistan",,"Dec 17, 2025"
SSGC/LP/EPADS/PT/2108973,SSGC/LP/EPADS/PT/2108973 (Cathodic Protection Material),"Sui Southern Gas Company Limited,Karachi central, Pakistan",,"Dec 17, 2025"
SSGC/LP/EPADS/PT/2108971,SSGC/LP/EPADS/PT/2108971 (Laptop Computer),"Sui Southern Gas Company Limited,Karachi central, Pakistan",,"Dec 17, 2025"
6000-PPRA/24A/e-6,TC B&R for Minor/ Maint/Deposit Works ..,"Military Engineering Services (Army),Quetta city, Pakistan",,"Dec 17, 2025"
SSGC/LP/EPADS/PT/2110987-2,SSGC/LP/EPADS/PT/2110987-2 (Solar Photovoltaic System),"Sui Southern Gas Company Limited,Karachi central, Pakistan",,"Jan 9, 2026"
SSGC/LP/EPADS/PT/2108976,SSGC/LP/EPADS/PT/2108976 (Polyethylene Pipe (PE-100) 63mm),"Sui Southern Gas Company Limited,Karachi central, Pakistan",,"Dec 17, 2025"
Ref No.PMDC/Pro/Trns/Makrach/Mine No.12/MK,Transportation of rock salt from Makrach Mine No.12,"Pakistan Mineral Development Corporation(PMDC),Islamabad, Pakistan",,"Dec 17, 2025"
Ref.No. PMDC/Pro/Exc&T/Jansukh Mine No.22/WA,Jansukh Mine No. 22 at PMDC Salt Mines Warcha,"Pakistan Mineral Development Corporation(PMDC),Islamabad, Pakistan",,"Dec 17, 2025"
2513160/B-2512/340320,"Rope Nylon Hawserlaid, 3- Strand, Circ: 3-1/2 Inch, Nom Dia:","Directorate of Procurement (Navy),Islamabad, Pakistan",,"Dec 17, 2025"
2514215-B-2512/340314,International GTA 713 Thinner,"Directorate of Procurement (Navy),Islamabad, Pakistan",,"Dec 17, 2025"
2514210/B-2512/340313,Interthane 870 Light Grey,"Directorate of Procurement (Navy),Islamabad, Pakistan",,"Dec 17, 2025"
2514183/B-2512/340311,Paint Intergard 400 Dark Grey,"Directorate of Procurement (Navy),Islamabad, Pakistan",,"Dec 17, 2025"
2514179/B-2512/340310,Paint Enamel Interlac 497 White,"Directorate of Procurement (Navy),Islamabad, Pakistan",,"Dec 17, 2025"
2513158/B-2512/340304,ROPE SISAL HAWSERLAID (03 x LINE ITEMS),"Directorate of Procurement (Navy),Islamabad, Pakistan",,"Dec 17, 2025"
2513161/B-2512/340303,ROPE SISAL HAWSERLAID (02 x LINE ITEMS),"Directorate of Procurement (Navy),Islamabad, Pakistan",,"Dec 17, 2025"
2514180/B-2511/340263,INTERPRIME 198 RED,"Directorate of Procurement (Navy),Islamabad, Pakistan",,"Dec 17, 2025"
2513164/B-2512/340321,ROPE NYLON HAWSERLAID (03 x LINE ITEMS),"Directorate of Procurement (Navy),Islamabad, Pakistan",,"Dec 17, 2025"
2590022/R-2512/310332,PROCUREMENT / COMMISSIONING OF CT SCAN MACHINE,"Directorate of Procurement (Navy),Islamabad, Pakistan",,"Jan 6, 2026"
,Repairing of 60 Poles..,"Special Communications Organization,Skardu, Pakistan",,"Dec 17, 2025"
,OF 45x GPON POLES IN KHAPLU EX.. OF 45x GPON POLES IN KHAPLU EX,"Special Communications Organization,Skardu, Pakistan",,"Dec 17, 2025"
,Repair / Maintenance Replacement of 6 KMS Ae OFC Machlu to Haldi EX ..,"Special Communications Organization,Skardu, Pakistan",,"Dec 17, 2025"
,Repair/ Maintenance of Vehicles ..,"National Institute of Health (NIH),Islamabad, Pakistan",,"Dec 16, 2025"
DP/CBI Spares/2025,COMPUTER BASED INTERLOCKING (CBI) SYSTEM Corrigendum,"Pakistan Railways,Lahore city, Pakistan",,"Dec 16, 2025"
SSGC/SC/NR/EPADS/14137,Construction /Installation of Deep Well Ground Bed at Distri,"Sui Southern Gas Company Limited,Karachi central, Pakistan",,"Dec 16, 2025"
SSGC/SC/PT/EPADS/14124,Civil Works Construction of 03 Nos. Cps Solar Room at Hydrab,"Sui Southern Gas Company Limited,Karachi central, Pakistan",,"Jan 5, 2026"
SSGC/LP/EPADS/PT/2108974,SSGC/LP/EPADS/PT/2108974 (DORADO 3000 V6 NAS Storage),"Sui Southern Gas Company Limited,Karachi central, Pakistan",,"Dec 16, 2025"
SSGC/LP/EPADS/PT/2108970,SSGC/LP/EPADS/PT/2108970 (Computer Server),"Sui Southern Gas Company Limited,Karachi central, Pakistan",,"Dec 17, 2025"
FP/T-0002 (Corrigendum),"Supply & Installation, Commissioning of Complete Security Paper Manufacturing Plant Machinery","Pakistan Security Printing Corporation,Karachi central, Pakistan",,"Jan 7, 2026"
SSGC/LP/NT/PQ/PT/2110981,SSGC/LP/NT/PQ/PT/2110981 (GAS REGULATOR),"Sui Southern Gas Company Limited,Karachi central, Pakistan",,"Dec 16, 2025"
NADRA-HQ-RFB-220/2025,"SUPPORT, WARRANTY AND SUBSCRIPTIONS RENEWAL FOR FORTINET WEB","National Database and Registration Authority NADRA,Islamabad, Pakistan",,"Dec 16, 2025"
FOB/C&F & FOR (Only for Local Manufacturers SRO 827(1)/2001),Assorted Valves:,"Sui Southern Gas Company Limited,Karachi central, Pakistan",,"Dec 16, 2025"
FOB/C&F & FOR (Only for Local Manufacturers SRO 827(1)/2001),Metallic Blast Cleaning Abrasives,"Sui Southern Gas Company Limited,Karachi central, Pakistan",,"Dec 16, 2025"
SSGC/LP/EPADS/PT/2108975,SSGC/LP/EPADS/PT/2108975 (POLYETHYLENE PIPE (PE-100) 180 MM),"Sui Southern Gas Company Limited,Karachi central, Pakistan",,"Dec 17, 2025"
SSGC/LP/EPADS/PT/2108978,SSGC/LP/EPADS/PT/2108978 (POLYETHYLENE PIPE (PE-100) 40 MM),"Sui Southern Gas Company Limited,Karachi central, Pakistan",,"Dec 17, 2025"
2583042/R-2511/380185,NIV Dental (48 x Items),"Directorate of Procurement (Navy),Islamabad, Pakistan",,"Dec 16, 2025"
2583041/R-2511/380184,NIV Dental (39 x Items),"Directorate of Procurement (Navy),Islamabad, Pakistan",,"Dec 16, 2025"
2583040/R-2511/380183,NIV Dental (80 x Items),"Directorate of Procurement (Navy),Islamabad, Pakistan",,"Dec 16, 2025"
2590284/R-2512/310328,PATIENT CARDIAC MONITOR,"Directorate of Procurement (Navy),Islamabad, Pakistan",,"Dec 16, 2025"
,Misc Items,"Equipment Stores Depot (ESD),Jhelum, Pakistan",,"Dec 15, 2025"
Hiring of Contractor/Firm for Provision of SemiSkilled Labor,Provision of Semi-Skilled Labour for GEPCO,"Gujranwala Electric Power Company Limited,Gujranwala, Pakistan",,"Dec 15, 2025"
LET/184/25,PHOTOCOPIER,"Sui Northern Gas Pipelines Limited,Lahore, Pakistan",,"Dec 29, 2025"
2025-26/Estate/6xNRCs,"Rental office space required for NADRA Offices, KP","National Database and Registration Authority NADRA,Peshawar, Pakistan",,"Jan 6, 2026"
LE-107/25,MIsc. Electrical Items Supply of Misc. Electrical Items,"Sui Northern Gas Pipelines Limited,Lahore, Pakistan",,"Jan 1, 2026"
LP/T-2364/25,Supply of Digital Thermal Offset Plates - Positive & supply of Kodak 182 Thermal Plate Developer (CAT 9259300) Packaging,"Pakistan Security Printing Corporation,Karachi central, Pakistan",,"Dec 15, 2025"
,Auction,"Ministry of Water Resources,Islamabad, Pakistan",,"Dec 15, 2025"
01,Pre-qualification of Firms NHMP N-5 South-I Sukkur,"National Highway and Motorway Police (NHMP),New sukkur, Pakistan",,"Dec 15, 2025"
,Hiring firm for Support on Flight Hour Basis,"Pakistan International Airline (PIA),Karachi central, Pakistan",,"Dec 15, 2025"
Procurement of Pipe/Adjustable Wrenches of Assorted Sizes et,Pipe Wrenches etc.,"Sui Northern Gas Pipelines Limited,Faisalabad, Pakistan",,"Dec 15, 2025"
01/01/Data/Center/2025/Log/PSDp,"Supply and implementation of Modern ,Resilient and Scalable data Centre..","Directorate General Immigration & Passport,Islamabad, Pakistan",,"Dec 15, 2025"
PIDCL/KPK/2025-26/P-40/01/18 - PIDCL/KPK/2025-26/P-40/ 63/80,"PCC Road, Retaining Wall, & Repair of PCC Road - Mansehra 39 Schemes, Estimated Cost Rs. 697,748 to Rs. 1,395,497","Pakistan Infrastructure Development Company Limited,Karachi east, Pakistan",,"Dec 15, 2025"
16/ LUBRICANTS /FOR/NLC/2026,LUBRICANTS,"National Logistics Corporation (NLC),Rawalpindi, Pakistan",,"Dec 15, 2025"
F-25121464125,Hiring of Two (2) Pilot Boats on Charter Basis For One (1) Y,"Karachi Port Trust,Karachi central, Pakistan",,"Dec 15, 2025"
BP-19320- FI,BRP Program Development,"Pakistan State Oil,Karachi central, Pakistan",,"Dec 15, 2025"
DCN-17(25/26)17,Purchase of Medical Equipment Invitation to Bid for the Supply of Medical Equipment,"Atomic Energy Cancer Hospital Diagnostic Centre Narowal,Narowal, Pakistan",,"Dec 15, 2025"
01/2025-26,"TC B&R ,etc..","Military Engineering Services (Army),Khanewal, Pakistan",,"Dec 15, 2025"
12019,INVITATION TO BID SERVICE LEVEL AGREEMENT (SLA) FOR PROVISIO,"Pakistan Airports Authority (PAA),Karachi south, Pakistan",,"Dec 15, 2025"
DCN-20(25/26)20,Medical Items invitation to bid for supply of medical items,"Atomic Energy Cancer Hospital Diagnostic Centre Narowal,Narowal, Pakistan",,"Dec 15, 2025"
1600-31-rb-ppra,TC For Artificer Work..,"Pakistan Ordnance Factories,Wah Cantt, Pakistan",,"Dec 15, 2025"
PRD(L)/WAPDA/108(2025-26),WAPDA TARBELA 4TH EXT. HPS,"Water and Power Development Authority (WAPDA),Lahore city, Pakistan",,"Dec 15, 2025"
12018,INVITATION TO BIDS RENOVATION OF TERMINAL BUILDING AT NAWABS,"Pakistan Airports Authority (PAA),Karachi south, Pakistan",,"Dec 15, 2025"
525011/R-2511/330210,Brush Boot Polishing,"Directorate of Procurement (Navy),Islamabad, Pakistan",,"Dec 15, 2025"
FCS/DIK/TE/063/2025,"Razor Wire,etc..","Sui Northern Gas Pipelines Limited,Dera ismail khan (d.i. khan), Pakistan",,"Dec 15, 2025"
12017,CORRIGENDUM INVITATION TO BID PROCUREMENT OF IP-EPABX FOR SI,"Pakistan Airports Authority (PAA),Karachi south, Pakistan",,"Jan 1, 2026"
FCS/MDR/Te/006/2025,Tyre Tubless..,"Sui Northern Gas Pipelines Limited,Mardan, Pakistan",,"Dec 15, 2025"
FCS/MDR/TE/005/2025,Harware Material Hardware Material,"Sui Northern Gas Pipelines Limited,Mardan, Pakistan",,"Dec 15, 2025"
FCS/MDR/ Te/007/2025,Civil Material,"Sui Northern Gas Pipelines Limited,Mardan, Pakistan",,"Dec 15, 2025"
FCS/SOA/Te/024/2025,C& W Material,"Sui Northern Gas Pipelines Limited,Rawalpindi, Pakistan",,"Dec 15, 2025"
FCS/SOA/023/2025,Grinder Parts,"Sui Northern Gas Pipelines Limited,Rawalpindi, Pakistan",,"Dec 15, 2025"
GPA/1.2MGD/Tend./2025-2026/01,PROCUREMENT OF CHEMICALS FOR 1.2 MGD ROD PLANT GPA,"Gwadar Port Authority,Gwadar, Pakistan",,"Dec 24, 2025"
138 (PRCL-RETRO-PPL- PD/BI)/2026,Property Damage & Business Interruption,"Pakistan Reinsurance Company Limited,Karachi central, Pakistan",,"Dec 15, 2025"
2590028/R-2512/310319,SEMI AUTOMATIC SERVO HYDRAULIC UNIVERSAL TESTING MACHINE ALO,"Directorate of Procurement (Navy),Islamabad, Pakistan",,"Dec 15, 2025"
2590305/R-2512/310324,TEMPERATURE CALIBRATION WITH ACCESSORIES,"Directorate of Procurement (Navy),Islamabad, Pakistan",,"Dec 15, 2025"
2590428/R-2512/310317,MICROHARDNESS TESTER ALONGWITH STANDARD ACCESSORIES AND ACCO,"Directorate of Procurement (Navy),Islamabad, Pakistan",,"Dec 15, 2025"
2583068/R-2511/380191,NIV Cardiac,"Directorate of Procurement (Navy),Islamabad, Pakistan",,"Dec 30, 2025"
2583039/R-2511/380182,NIV Dental,"Directorate of Procurement (Navy),Islamabad, Pakistan",,"Dec 15, 2025"
2583063/R-2511/380186,NIV IMPLANTS,"Directorate of Procurement (Navy),Islamabad, Pakistan",,"Dec 15, 2025"
,HR Consultancy Firm,"Ministry of National Health Services, Regulation & Coordination,Islamabad, Pakistan",,"Dec 15, 2025"
T.E No. 0003/LP/CLO/56 2. Dated: 01-12-2025.,4 x items of CLOTH / FABRIC FOR IFDS,"Pakistan Ordnance Factories,Wah Cantt, Pakistan",,"Dec 15, 2025"
HEC-0329,Invitation to Bid Resource Provisioning for HEC Technical Domains,"Higher Education Commission,Islamabad, Pakistan",,"Dec 15, 2025"
"0001, 0002 & 0065-FP-JBH-56, dated 31.7.2025",Invitation to Bid PROCUREMENT OF HORIZONTAL CENTRIFUGAL PUMP,"Pakistan Ordnance Factories,Wah Cantt, Pakistan",,"Dec 15, 2025"
T.E. NO.: 0005/LP/CMC/56/P-D,Procurement Of Charcoal (FOUNDARY MATERIAL),"Pakistan Ordnance Factories,Wah Cantt, Pakistan",,"Dec 13, 2025"
3CF/Adv/0005/EPAD/EC/Isld (Press)2025-2026,Tender are invited are for Misc items Tender,"Pakistan Railways,Lahore city, Pakistan",,"Dec 13, 2025"
NIBAFP/ENGG/346972,REPLACEMENT OF TUBESHEET AND TUBES IN HOT WATER GENERATORS F,"National Institute of Banking and Finance (NIBAF),Islamabad, Pakistan",,"Dec 12, 2025"
CC/B.W/CC-3/Gj,Reconstruction of Collapsed/ Damaged Boundary Wall,"Sui Northern Gas Pipelines Limited,Lahore, Pakistan",,"Dec 12, 2025"
FOR DETAILS PLEASE VISIT: https://pnsc.com.pk/tenders,TENDER FOR PROCUREMENT OF INTRINSICALLY SAFE MOBILE CAMERA,"Pakistan National Shipping Corporation (PNSC),Karachi central, Pakistan",,"Dec 12, 2025"
Special Repair of Bunglow C-2 at 132kv cantt G/station etc:,As mentioned against each below,"Peshawar Electric Supply Company (PESCO),Peshawar, Pakistan",,"Dec 12, 2025"
LET/174/25,TRACTOR ACCESSORIES,"Sui Northern Gas Pipelines Limited,Lahore, Pakistan",,"Dec 12, 2025"
(01)/NDMS- TSHD & Hiring of HSB/2025,"Hiring of HSB,etc..","National Logistics Corporation (NLC),Rawalpindi, Pakistan",,"Dec 12, 2025"
SNT-2306/25,Portable Moisture Analyzer,"Sui Northern Gas Pipelines Limited,Lahore, Pakistan",,"Dec 12, 2025"
SNT-2307/125,"Compact Unit,etc..","Sui Northern Gas Pipelines Limited,Lahore, Pakistan",,"Dec 12, 2025"
,HIRING OF HOTEL LAYOVER SERVICES,"Pakistan International Airline (PIA),Medina, Saudi arabia",,"Dec 12, 2025"
SNT-2313/25,Odorant Oil,"Sui Northern Gas Pipelines Limited,Lahore, Pakistan",,"Dec 12, 2025"
600-ADV/33/E6,"Certain Misc Civil Works,etc.. Certain Misc Civil Works,etc","Military Engineering Services (Army),Taxila, Pakistan",,"Dec 29, 2025"
IGNITE/Codi/2025-26/0020/Proc,CODE4AI - SOUTH REGION REQUEST FOR PROPOSALS (RFP),"Ministry of IT and TeleCommunication,Islamabad, Pakistan",,"Dec 12, 2025"
PIU/PRF/Consultancy,Loan 6056-PAK: Railway Improvement Project (RIP) Tender,"Pakistan Railways,Lahore city, Pakistan",,"Dec 12, 2025"
30-S/216/CUI/TS/PSC/2025-26,Common User Items,"Pakistan Railways,Peshawar, Pakistan",,"Dec 11, 2025"
SN-4772/25,Stud Bolts,"Sui Northern Gas Pipelines Limited,Lahore, Pakistan",,"Dec 11, 2025"
603/266/E6,Const/Repair/Minor/ Maint/ Proc,"Military Engineering Services (Army),Rawalpindi, Pakistan",,"Dec 11, 2025"
PACB/741/53032009/0959/P-1,Procurement of Stores,"Pakistan Aeronautical Complex,kamra, Pakistan",,"Dec 12, 2025"
,"Rehbilitation of JCO Qtrs,etc..","Military Engineering Services (Army),Rawalpindi, Pakistan",,"Dec 11, 2025"
Const / Repair/ Maint/ Provn/TC/ DC..,Const / Repair/ Maint/ Provn/TC/ DC...,"Military Engineering Services (Army),Rawalpindi, Pakistan",,"Dec 11, 2025"
LET/180/25,HYDRAULIC LIFT TROLLEY,"Sui Northern Gas Pipelines Limited,Lahore, Pakistan",,"Dec 31, 2025"
IGNITE/Codi/2025-26/0019/Proc,CODE4AI - CENTRAL REGION REQUEST FOR PROPOSALS (RFP),"Ministry of IT and TeleCommunication,Islamabad, Pakistan",,"Dec 11, 2025"
01/2025,Anti- Cancer and Allied /Supportive Medicines,"Public Sector Organization,Gilgit, Pakistan",,"Dec 10, 2025"
FOR DETAILS PLEASE VISIT: https://pnsc.com.pk/tenders,TENDER FOR PROCUREMENT OF ANCHOR CHAIN CABLE AND SPARES FOR,"Pakistan National Shipping Corporation (PNSC),Karachi central, Pakistan",,"Dec 11, 2025"
Admn-1/1/2025(R),Repair of Consular Section Roof,"Embassy of Pakistan,Paris, Pakistan",,"Dec 10, 2025"
HEC-0328,Tender Notice Auction of Scrap Items,"Higher Education Commission,Islamabad, Pakistan",,"Dec 10, 2025"
FA/S/3-2025,HIRING OF FIRM FOR FORENSIC AUDIT,"Sui Northern Gas Pipelines Limited,Lahore, Pakistan",,"Dec 26, 2025"
,,"Pakistan Aeronautical Complex,kamra, Pakistan Procurement of Stores    PACB/741/53032009/0959/P-1",,"Dec 12, 2025"
,,"Military Engineering Services (Airforce),Peshawar, Pakistan Certain Facilities   Certain Facilities   6000-advs bil/18/e-6",,"Dec 11, 2025"
,,"Ministry of IT and TeleCommunication,Islamabad, Pakistan CODE4AI - CENTRAL REGION    REQUEST FOR PROPOSALS (RFP)  IGNITE/Codi/2025-26/0019/Proc",,"Dec 11, 2025"
,,"Public Sector Organization,Gilgit, Pakistan Anti- Cancer  and Allied  /Supportive Medicines   Anti- Cancer  and Allied  /Supportive Medicines   01/2025",,"Dec 10, 2025"
,,"Pakistan National Shipping Corporation (PNSC),Karachi central, Pakistan TENDER FOR PROCUREMENT OF ANCHOR CHAIN CABLE AND SPARES FOR   FOR DETAILS PLEASE VISIT: https://pnsc.com.pk/tenders  PNSC/SARGODHA/SPARES/040/2025",,"Dec 11, 2025"
,,"Embassy of Pakistan,Paris, Pakistan Repair of Consular Section Roof    Admn-1/1/2025(R)",,"Dec 10, 2025"
,,"Higher Education Commission,Islamabad, Pakistan Tender Notice  Auction of Scrap Items  HEC-0328",,"Dec 10, 2025"
"0003-FP-MAA-55-A,","Steel Wire/Bar/Strip and metals non Ferrous,etc..","Pakistan Ordnance Factories,Wah Cantt, Pakistan",,"Dec 5, 2025"
,Office Furniture,"National Bank of Pakistan,Lahore, Pakistan",,"Dec 5, 2025"
,Office Furniture..,"National Bank of Pakistan,Lahore, Pakistan",,"Dec 5, 2025"
299,"Supply of Spare Parts,etc..","State Bank of Pakistan,Karachi central, Pakistan",,"Dec 5, 2025"
,Hiring of Consultancy Services..,"Quetta Electric Supply Company (QESCO),Quetta city, Pakistan",,"Dec 5, 2025"
N/A,"Design, Supply & Installation of Reconductoring with HTLS","Hyderabad Electric Supply Company (HESCO),Hyderabad, Pakistan",,"Dec 5, 2025"
FOR DETAILS PLEASE VISIT: https://pnsc.com.pk/tenders,TENDER FOR PROCUREMENT OF MOORING WIRE FOR PNSC TANKER BOLAN,"Pakistan National Shipping Corporation (PNSC),Karachi central, Pakistan",,"Dec 5, 2025"
FOR DETAILS PLEASE VISIT: https://pnsc.com.pk/tenders,TENDER FOR PROCUREMENT OF MOORING WIRES FOR PNSC TANKER KHAI,"Pakistan National Shipping Corporation (PNSC),Karachi central, Pakistan",,"Dec 5, 2025"
,Cleaning Services..,"Consulate General of Pakistan,Chengdu, China",,"Dec 4, 2025"
11997,CORRIGENDUM REQUEST FOR PROPOSALS (RFP) CONSULTANCY SERVICES,"Pakistan Airports Authority (PAA),Karachi south, Pakistan",,"Dec 22, 2025"
0026/FP/WPN/55,Raw Material,"Pakistan Ordnance Factories,Wah Cantt, Pakistan",,"Dec 4, 2025"
WAH/TE/032/2025,Misc Machinery & Capital Items Supply Of Misc Machinery & Capital Items,"Sui Northern Gas Pipelines Limited,Wah Cantt, Pakistan",,"Dec 29, 2025"
SSGC/SC/PT/EPADS/14105,Hiring of Services Horizontal Directional Drilling(HDD) of 2,"Sui Southern Gas Company Limited,Karachi central, Pakistan",,"Jan 6, 2026"
3521-2-10-55-FP-Capt- PUR-AA,Rotary Transfer Machine,"Pakistan Ordnance Factories,Wah Cantt, Pakistan",,"Dec 3, 2025"
,Supply of Equipment and consumable Items..,"HEC Degree Awarding Universities,Lahore, Pakistan",,"Dec 3, 2025"
ADMIN.MUT.11.5.008/2025,HIRING OF VEHICLE FOR SNGPL TRANSMISSION OFFICE,"Sui Northern Gas Pipelines Limited,Multan, Pakistan",,"Dec 2, 2025"
LT-19289- IA,Supply of High Density Polyethylene (HDPE) Blow Grade,"Pakistan State Oil,Karachi central, Pakistan",,"Dec 3, 2025"
SNT-2312/25,Gas Bags ..,"Sui Northern Gas Pipelines Limited,Lahore city, Pakistan",,"Dec 3, 2025"
LE-095-25,VALVE LUBRICANTS Supply off Valve Lubricants,"Sui Northern Gas Pipelines Limited,Lahore, Pakistan",,"Dec 24, 2025"
PACB/741/53215033/0957/P-1,PROCUREMENT OF ANODE AGENT (550x100X3),"Pakistan Aeronautical Complex,kamra, Pakistan",,"Dec 23, 2025"
1,INTERNATIONAL MEDIA RIGHTS,"Pakistan Cricket Board,Islamabad, Pakistan",,"Dec 29, 2025"
IGNITE/SAP/2025-26/0015/Proc,SAP SKILLS DEVELOPMENT AND EMPLOYMENT FACILITATION PROGRAM Request for Proposal,"Ministry of IT and TeleCommunication,Islamabad, Pakistan",,"Jan 1, 2026"
,Spectrum Monitoring System,"Frequency Allocation Board,Islamabad, Pakistan",,"Dec 3, 2025"
LET/172/25,LOOSE TOOLS,"Sui Northern Gas Pipelines Limited,Lahore, Pakistan",,"Jan 6, 2026"
SSGC/LP/EPADS/NR/2101860-5,SSGC/LP/EPADS/NR/2101860-5 (Domestic Appliances),"Sui Southern Gas Company Limited,Karachi central, Pakistan",,"Jan 9, 2026"
,ENGAGE PRIVATE PARTY TO DESIGN FGCC PROPERTIES,"Ministry of Commerce,Faisalabad, Pakistan",,"Dec 2, 2025"
6(670),Consultancy Services,"National Highway Authority (NHA),Islamabad, Pakistan",,"Dec 1, 2025"
IGNITE/NICQ/2025-26/0014/Proc,PROVISION OF SERVICES TO MANAGE NATIONAL INCUBATION CENTER REQUEST FOR PROPOSALS (RFP),"Ministry of IT and TeleCommunication,Islamabad, Pakistan",,"Dec 26, 2025"
,,"National Bank of Pakistan,Lahore, Pakistan Office  Furniture   Office  Furniture",,"Dec 5, 2025"
,,"State Bank of Pakistan,Karachi central, Pakistan Supply of Spare Parts,etc..  Supply of Spare Parts,etc..  299",,"Dec 5, 2025"
,,"Hyderabad Electric Supply Company (HESCO),Hyderabad, Pakistan Design, Supply & Installation of Reconductoring with HTLS   N/A  PK-HESCO-RECOND. HTLS -T/L-NCB/09",,"Dec 5, 2025"
,,"Consulate General of Pakistan,Chengdu, China Cleaning Services..  Cleaning Services..",,"Dec 4, 2025"
,,"Pakistan Ordnance Factories,Wah Cantt, Pakistan Raw Material   Raw Material   0026/FP/WPN/55",,"Dec 4, 2025"
,,"Ministry of Defence Production,Rawalpindi, Pakistan Indigenous Development..   Indigenous Development..",,"Dec 4, 2025"
,,"Sui Northern Gas Pipelines Limited,Wah Cantt, Pakistan Misc Machinery & Capital Items  Supply Of Misc Machinery & Capital Items  WAH/TE/032/2025",,"Dec 29, 2025"
,,"Pakistan Ordnance Factories,Wah Cantt, Pakistan Rotary Transfer Machine  Rotary Transfer Machine  3521-2-10-55-FP-Capt- PUR-AA",,"Dec 3, 2025"
,,"HEC Degree Awarding Universities,Lahore, Pakistan Supply of Equipment and consumable Items..   Supply of Equipment and consumable Items..",,"Dec 3, 2025"
,,"Pakistan State Oil,Karachi central, Pakistan Supply of High Density Polyethylene (HDPE) Blow Grade  Supply of High Density Polyethylene (HDPE) Blow Grade  LT-19289- IA",,"Dec 3, 2025"
,,"Sui Northern Gas Pipelines Limited,Lahore city, Pakistan Gas Bags ..  Gas Bags ..  SNT-2312/25",,"Dec 3, 2025"
,,"Pakistan Aeronautical Complex,kamra, Pakistan PROCUREMENT OF  ANODE AGENT (550x100X3)    PACB/741/53215033/0957/P-1",,"Dec 23, 2025"
,,"Pakistan Cricket Board,Islamabad, Pakistan INTERNATIONAL MEDIA RIGHTS  INTERNATIONAL MEDIA RIGHTS  1",,"Dec 29, 2025"
,,"Frequency Allocation Board,Islamabad, Pakistan  Spectrum  Monitoring System  Spectrum  Monitoring System",,"Dec 3, 2025"
,,"Ministry of Commerce,Faisalabad, Pakistan ENGAGE PRIVATE PARTY TO DESIGN  FGCC PROPERTIES",,"Dec 2, 2025"
