Title,Description,Link,PDF_Link,PDF_Title
Jobs,,https://wwf.org.pk/consultancy/,,
Consultancy Assignments,,,,
211-Financial Monitoring Expert Billion Tree Afforestation Support Project (BTASP),Send your proposals along with required documents To: fakhan@wwf.org.pk Cc: assadullah@wwf.org.pknot later than 2026-01-23,https://forms.office.com/e/sxNStCNxPM,http://wwf.org.pk/eoffice/consultancy/consultupload/653-16318-211 TOR Financial Monitoring Expert Billion Tree Afforestation (BTASP) .pdf,Terms of References
"210-Develop Training Material and Deliver Training to Wildlife Rangers from Punjab, Sindh, And Azad Jammu and Kashmir (AJ&K) Wildlife Departments On “Wildlife Crime Monitoring",Send your proposals along with required documents To: fakhan@wwf.org.pk Cc: assadullah@wwf.org.pknot later than 2026-01-20,https://forms.office.com/e/sxNStCNxPM,http://wwf.org.pk/eoffice/consultancy/consultupload/652-45402-Tors 210 Wildlfie Crime Monitoring Trainer.pdf,Terms of References
209-Support implementation of SMART in Deva Vital National Park in line with SMART Global Standards for effective wildlife crime monitoring and prevention”,Send your proposals along with required documents To: fakhan@wwf.org.pk Cc: assadullah@wwf.org.pknot later than 2026-01-20,https://forms.office.com/e/sxNStCNxPM,http://wwf.org.pk/eoffice/consultancy/consultupload/651-85977-Tors 209 Support implementation of SMART in Deva Vital National Park.pdf,Terms of References
"208-Develop Training Material and Deliver Training to Wildlife Rangers from Punjab, Sindh, And Azad Jammu and Kashmir (AJ&K) Wildlife Departments On “Ranger’s Safety and Wellbeing”",Send your proposals along with required documents To: fakhan@wwf.org.pk Cc: assadullah@wwf.org.pknot later than 2026-01-20,https://forms.office.com/e/sxNStCNxPM,http://wwf.org.pk/eoffice/consultancy/consultupload/650-78293-Tors 208 Rangers Safety and Well Being.pdf,Terms of References
"207-Enhance awareness, skills, and the ability of the judiciary to prioritize wildlife crimes and convict perpetrators of illegal wildlife poaching and trafficking",Send your proposals along with required documents To: fakhan@wwf.org.pk Cc: assadullah@wwf.org.pknot later than 2026-01-20,https://forms.office.com/e/sxNStCNxPM,http://wwf.org.pk/eoffice/consultancy/consultupload/649-59812-207 TORS Enhance awareness skills.pdf,Terms of References
204- Water Assessment & Hydrological Study for Water Stewardship Interventions – District Rahim Yar Khan,Send your proposals along with required documents To: fakhan@wwf.org.pk Cc: assadullah@wwf.org.pknot later than 2026-01-09,https://forms.office.com/e/sxNStCNxPM,http://wwf.org.pk/eoffice/consultancy/consultupload/648-30326-204 tors Hydrological Study RYK.pdf,Terms of References
203- Engaging an Audit Firm for the Financial External Audit of the WWF-Pakistan Projects,Send your proposals along with required documents To: fakhan@wwf.org.pk Cc: assadullah@wwf.org.pknot later than 2025-12-31,https://forms.office.com/e/sxNStCNxPM,http://wwf.org.pk/eoffice/consultancy/consultupload/647-48357-203 TOR External Audit.pdf,Terms of References
201-Engaging an Audit Firm for the Financial External Audit of a Project,Send your proposals along with required documents To: fakhan@wwf.org.pk Cc: assadullah@wwf.org.pknot later than 2025-12-25,https://forms.office.com/e/sxNStCNxPM,http://wwf.org.pk/eoffice/consultancy/consultupload/646-62246-201 TOR External Audit 25.pdf,Terms of References
199-Develop a gender-integrated livelihood plan focused on the marketing and sustainable harvesting of medicinal plants by women in Snow leopard landscapes.,Send your proposals along with required documents To: fakhan@wwf.org.pk Cc: assadullah@wwf.org.pknot later than 2025-12-19,https://forms.office.com/e/sxNStCNxPM,http://wwf.org.pk/eoffice/consultancy/consultupload/644-89605-199 TORs Smart project Gender.pdf,Terms of References
"198- Training of local communities on Value Chains Development for Selected NTFPs, Market Access, and Linkages",Send your proposals along with required documents To: fakhan@wwf.org.pk Cc: assadullah@wwf.org.pknot later than 2025-12-17,https://forms.office.com/e/sxNStCNxPM,http://wwf.org.pk/eoffice/consultancy/consultupload/643-61922-198 Tors NTFP training .pdf,Terms of References
196-THIRD-PARTY EVALUATION / VALIDATION OF WATER REPLENISHMENT THROUGH PROJECT INTERVENTIONS- LAHORE & MULTAN,Send your proposals along with required documents To: fakhan@wwf.org.pk Cc: assadullah@wwf.org.pknot later than 2025-12-19,https://forms.office.com/e/sxNStCNxPM,http://wwf.org.pk/eoffice/consultancy/consultupload/642-57216-196 ToRs Third party Validation.pdf,Terms of References
195-Production of 3D Animated Videos RPLC- Pakistan,Send your proposals along with required documents To: fakhan@wwf.org.pk Cc: assadullah@wwf.org.pknot later than 2025-12-11,https://forms.office.com/e/sxNStCNxPM,http://wwf.org.pk/eoffice/consultancy/consultupload/641-24574-195 Animated video RPLC.pdf,Terms of References
194-Development of individual farm maps and cluster maps (ICS) for Regenerative Agriculture for Ecosystem Stewardship and Sustainability in Cotton Landscape of Pakistan (RAISE-Pakistan) project,Send your proposals along with required documents To: fakhan@wwf.org.pk Cc: assadullah@wwf.org.pknot later than 2025-12-26,https://forms.office.com/e/sxNStCNxPM,http://wwf.org.pk/eoffice/consultancy/consultupload/640-51677-194 GIS MAPS TORs.pdf,Terms of References
"193-Consultancy for the Design, Development, of Educational Exhibits and Display Materials",Send your proposals along with required documents To: fakhan@wwf.org.pk Cc: assadullah@wwf.org.pknot later than 2025-11-26,https://forms.office.com/e/sxNStCNxPM,http://wwf.org.pk/eoffice/consultancy/consultupload/639-23964-193 TORs Develop of communication products designing .pdf,Terms of References
192-Short videos &Photography of WRAP Interventions in Gilgit-Baltistan,Send your proposals along with required documents To: fakhan@wwf.org.pk Cc: assadullah@wwf.org.pknot later than 2025-11-26,https://forms.office.com/e/sxNStCNxPM,http://wwf.org.pk/eoffice/consultancy/consultupload/638-8241-192 TORs Photograpgy of WRAP in GB.pdf,Terms of References
"191-Training Workshop on skill development (herbal soap making), digital marketing, and branding",Send your proposals along with required documents To: fakhan@wwf.org.pk Cc: assadullah@wwf.org.pknot later than 2025-11-19,https://forms.office.com/e/sxNStCNxPM,http://wwf.org.pk/eoffice/consultancy/consultupload/637-71388-191 Tors training on skill development .pdf,Terms of References
"190-Consultancy Services for the Development of Communication Material, Dissemination of Pakistan Leather Sector: Traceability, Cleaner Production, and Circularity Project.",Send your proposals along with required documents To: fakhan@wwf.org.pk Cc: assadullah@wwf.org.pknot later than 2025-11-17,https://forms.office.com/e/sxNStCNxPM,http://wwf.org.pk/eoffice/consultancy/consultupload/636-73808-190 (ToRs) Consultancy Services for the Development of Communication Mater.pdf,Terms of References
"189-MAPPING AND DATA DRIVEN WATER RESOURCE MANAGEMENT FOR IMPLEMENTING WATER STEWARDSHIP TO MITIGATE AND ADAPT TO SHARED WATER CHALLENGES IN LAHORE, GUJRANWALA AND FAISALABAD",Send your proposals along with required documents To: fakhan@wwf.org.pk Cc: assadullah@wwf.org.pknot later than 2025-11-13,https://forms.office.com/e/sxNStCNxPM,http://wwf.org.pk/eoffice/consultancy/consultupload/635.pdf,Terms of References
"188-Biodiversity Assessment and Conservation Planning of Three Ecologically Significant Wetlands; Keenjhar, Haleji, and Hadero, with Key Migratory Bird Flyways Identification, in the Context of The Freshwater Challenge (FWC)",Send your proposals along with required documents To: fakhan@wwf.org.pk Cc: assadullah@wwf.org.pknot later than 2025-11-12,https://forms.office.com/e/sxNStCNxPM,http://wwf.org.pk/eoffice/consultancy/consultupload/634-85748-188-ToRs Biodiversity Assessment GSK Final.pdf,Terms of References
187-Capacity Building Expert- Billion Tree Afforestation Support Project (BTASP),Send your proposals along with required documents To: fakhan@wwf.org.pk Cc: assadullah@wwf.org.pknot later than 2025-07-30,https://forms.office.com/e/sxNStCNxPM,http://wwf.org.pk/eoffice/consultancy/consultupload/633-4711-187-TOR-Capacity Building Expert- Billion Tree Afforestation Support Project (BTASP) (1).pdf,Terms of References
182-Photography of WRAP Interventions in Khyber Pakhtunkhwa (KP),Send your proposals along with required documents To: fakhan@wwf.org.pk Cc: assadullah@wwf.org.pknot later than 2025-10-31,https://forms.office.com/e/sxNStCNxPM,http://wwf.org.pk/eoffice/consultancy/consultupload/632-74791-182-TOR-Photgrpahy-15 OCT.pdf,Terms of References
"186-Consultancy on Training for Value Chain Development of Selected NTFPs, Market Access, and Linkages Development in Soon Valley, Khushab",Send your proposals along with required documents To: fakhan@wwf.org.pk Cc: assadullah@wwf.org.pknot later than 2025-10-31,https://forms.office.com/e/sxNStCNxPM,http://wwf.org.pk/eoffice/consultancy/consultupload/631-1819-186-TORs for Consultancy for Training on NTFP (1) (1).pdf,Terms of References
185-Development of Communication Products for the project titled DESIGN AND TESTING OF EFFECTIVE RESPONSE MECHANISMS TO REDUCE HUMAN-SNOW LEOPARD CONFLICT,Send your proposals along with required documents To: fakhan@wwf.org.pk Cc: assadullah@wwf.org.pknot later than 2025-10-31,https://forms.office.com/e/sxNStCNxPM,http://wwf.org.pk/eoffice/consultancy/consultupload/630-10963-185-TORs-Development of communication products.pdf,Terms of References
178-TERMS OF REFERENCE FOR CONSULTANCY FOR PREPRATION OF REPORTS OF PROJECT IN KALMAT KHORR,Send your proposals along with required documents To: fakhan@wwf.org.pk Cc: assadullah@wwf.org.pknot later than 2025-10-24,https://forms.office.com/e/sxNStCNxPM,http://wwf.org.pk/eoffice/consultancy/consultupload/628-65528-628-24536-178-TORs_PrepartionofReports_vF.pdf,Terms of References
"175-Training Needs Assessment and Capacity Building on Natural Resource Management (NRM) for Local Communities and Field Staff of Forest, Wildlife, and Environment Departments in District Khushab in Punjab",Send your proposals along with required documents To: fakhan@wwf.org.pk Cc: assadullah@wwf.org.pknot later than 2025-10-22,https://forms.office.com/e/sxNStCNxPM,http://wwf.org.pk/eoffice/consultancy/consultupload/627-57998-175-TORs for Consultancy for Training on NRM (1).pdf,Terms of References
173-Audit of WWF-Pakistan’s Provident Funds & Gratuity Funds,Send your proposals along with required documents To: fakhan@wwf.org.pk Cc: assadullah@wwf.org.pknot later than 2025-10-02,https://forms.office.com/e/sxNStCNxPM,http://wwf.org.pk/eoffice/consultancy/consultupload/626-97994-173-Audit Term of Reference-PF & GF-23-9-2025.pdf,Terms of References
172-TNC Report Stocktaking assessment conducted and institutional arrangements for preparation of subsequent NC described.,Send your proposals along with required documents To: fakhan@wwf.org.pk Cc: assadullah@wwf.org.pknot later than 2025-11-06,https://forms.office.com/e/sxNStCNxPM,http://wwf.org.pk/eoffice/consultancy/consultupload/625-77833-172-TORs TNC Reporting Socktaking Exercise (1) (2).pdf,Terms of References
171-Water Quality Testing of Drinking Water Systems Installed under the WRAP Project,Send your proposals along with required documents To: fakhan@wwf.org.pk Cc: assadullah@wwf.org.pknot later than 2025-10-02,https://forms.office.com/e/sxNStCNxPM,http://wwf.org.pk/eoffice/consultancy/consultupload/624-1311-171-TORs- WQT (2).pdf,Terms of References
170-Designing and Development of a Miyawaki Urban Forest and Drought Resistant Garden at a School located in Garden Area of Karachi.,Send your proposals along with required documents To: fakhan@wwf.org.pk Cc: assadullah@wwf.org.pknot later than 2025-10-03,https://forms.office.com/e/sxNStCNxPM,http://wwf.org.pk/eoffice/consultancy/consultupload/623-22998-170-TORs- Miyawaki Urban Forest at Agha Khan Foundation School (2)_compressed.pdf,Terms of References
169-Strengthen CBOs to adopt EbA and green infrastructure interventions and implement community-based natural resource management and Water User Groups (WUGs) for improved water resources management.,Send your proposals along with required documents To: fakhan@wwf.org.pk Cc: assadullah@wwf.org.pknot later than 2025-09-26,https://forms.office.com/e/sxNStCNxPM,http://wwf.org.pk/eoffice/consultancy/consultupload/622-10396-169-TORs-Strengthen CBOs  &  WUGs across Recharge Pakistan targetted sites (2)_compressed.pdf,Terms of References
168- Hiring of consultancy for conducting a Comprehensive Environmental and Economic Footprint Analysis (LCA & LCC) of 1m² of Finished Bovine Leather in Pakistan,Send your proposals along with required documents To: fakhan@wwf.org.pk Cc: assadullah@wwf.org.pknot later than 2025-10-16,https://forms.office.com/e/sxNStCNxPM,http://wwf.org.pk/eoffice/consultancy/consultupload/621-62228-168-TOR- SMEP LCA and LCC of 1m2 of finished Bovine leather of Pakistan.pdf,Terms of References
164-Prepare a short video featuring Sheroes to showcase their stories at the Bam-e-Dunya (Roof of the World Film Festival) highlighting womens stewardship in protection and monitoring efforts using SMART-Collect.,Send your proposals along with required documents To: fakhan@wwf.org.pk Cc: assadullah@wwf.org.pknot later than 2025-09-01,https://forms.office.com/e/sxNStCNxPM,http://wwf.org.pk/eoffice/consultancy/consultupload/617-90443-164-617-90727-164-TORs for SMART Project Revised.pdf,Terms of References
"163-Development of individual farm maps and cluster maps (ICS) for Organic and regenerative Cotton Projects Balochistan, Sindh and PunjabDevelopment of individual farm maps and cluster maps (ICS) for Organic and regenerative Cotton Projects Balochistan, Sindh and Punjab",Send your proposals along with required documents To: fakhan@wwf.org.pk Cc: assadullah@wwf.org.pknot later than 2025-09-04,https://forms.office.com/e/sxNStCNxPM,http://wwf.org.pk/eoffice/consultancy/consultupload/616-29410-163-616-95792-163-TORs-GIS Maps 2025 (1).pdf,Terms of References
"162-Identification, Mapping and Profiling of Potential Groundwater Recharge Zones in different areas of Karachi",Send your proposals along with required documents To: fakhan@wwf.org.pk Cc: assadullah@wwf.org.pknot later than 2025-09-02,https://forms.office.com/e/sxNStCNxPM,"http://wwf.org.pk/eoffice/consultancy/consultupload/615-25848-162-ToRs-Identification, Mapping and Profiling of Potential Groundwater Recharge Zones in Different Areas of Karachi.pdf",Terms of References
"161-RPLC Compacts’ Detailed mapping from landscape boundaries (Balochistan & Punjab) to individual farm level interventions and Soil characteristics of project areas through remote sensing, along with capacity building of stakeholders on spatial data collection",Send your proposals along with required documents To: fakhan@wwf.org.pk Cc: assadullah@wwf.org.pknot later than 2025-09-04,https://forms.office.com/e/sxNStCNxPM,http://wwf.org.pk/eoffice/consultancy/consultupload/614-4539-161-TORs-GIS Maps and Capacity Building 2025 (1).pdf,Terms of References
160-Hydrogeological Assessment of S.I.T.E Area and Korangi Industrial Area Karachi,Send your proposals along with required documents To: fakhan@wwf.org.pk Cc: assadullah@wwf.org.pknot later than 2025-08-28,https://forms.office.com/e/sxNStCNxPM,http://wwf.org.pk/eoffice/consultancy/consultupload/613-73456-160-ToRs Hydrogeological Assessment of S.I.T.E & Korangi Industrial Area Karachi.pdf,Terms of References
"159-Training for the WRAP project staff on Report writing, data management, and Knowledge mangement",Send your proposals along with required documents To: fakhan@wwf.org.pk Cc: assadullah@wwf.org.pknot later than 2025-08-28,https://forms.office.com/e/sxNStCNxPM,"http://wwf.org.pk/eoffice/consultancy/consultupload/612-24696-159-TORs- Training report writing, data mangement and KNowledge management ) (2).pdf",Terms of References
158-Provide training to the staff on planning and implementing project interventions in align with IUCN global standards for NbS,Send your proposals along with required documents To: fakhan@wwf.org.pk Cc: assadullah@wwf.org.pknot later than 2025-08-28,https://forms.office.com/e/sxNStCNxPM,http://wwf.org.pk/eoffice/consultancy/consultupload/611-25151-158-RFP for training on Nature based solutions (1).pdf,Terms of References
"157-Train local farmers on value chain development for selected commodities through skill development, market access, and linkages, and exploring financing through public-private partnerships for sustainability",Send your proposals along with required documents To: fakhan@wwf.org.pk Cc: assadullah@wwf.org.pknot later than 2025-09-04,https://forms.office.com/e/sxNStCNxPM,http://wwf.org.pk/eoffice/consultancy/consultupload/610-65729-157-TORs- for training on Value chain (4) (1).pdf,Terms of References
155-Support implementation of SMART in Deva Vital National Park in line with SMART Global Standards for effective wildlife crime monitoring and prevention”,Send your proposals along with required documents To: fakhan@wwf.org.pk Cc: assadullah@wwf.org.pknot later than 2025-08-28,https://forms.office.com/e/sxNStCNxPM,http://wwf.org.pk/eoffice/consultancy/consultupload/609-89996-155-TORs-SMARt Training and Manual-IWT-INL.pdf,Terms of References
154-“Train the Project Communities on Grafting and Supporting Grafting of Wild Olive (Olea ferruginea) and Wild Almond (Prunus eburnea) under the WRAP Project”Terms of Reference (TORs) for “Train the Project Communities on Grafting and Supporting Grafting of Wild Olive (Olea ferruginea) and Wild Almond (Prunus eburnea) under the WRAP Project”,Send your proposals along with required documents To: fakhan@wwf.org.pk Cc: assadullah@wwf.org.pknot later than 2025-08-28,https://forms.office.com/e/sxNStCNxPM,http://wwf.org.pk/eoffice/consultancy/consultupload/608-52904-154-TORs-Train project communities on grafting-WRAP.pdf,Terms of References
152-Advance Social Moblization Techniques and Writing Skills,Send your proposals along with required documents To: fakhan@wwf.org.pk Cc: assadullah@wwf.org.pknot later than 2025-08-11,https://forms.office.com/e/sxNStCNxPM,http://wwf.org.pk/eoffice/consultancy/consultupload/606-48903-152-ToRs for Social Mobilization.pdf,Terms of References
150-Engaging an Audit Firm for the Financial External Audit of the WWF-Pakistan Projects,Send your proposals along with required documents To: fakhan@wwf.org.pk Cc: assadullah@wwf.org.pknot later than 2025-08-07,https://forms.office.com/e/sxNStCNxPM,http://wwf.org.pk/eoffice/consultancy/consultupload/605-24127-150-TOR-External Audit IKEA+RPLC (2)_c.pdf,Terms of References
149- Ecological Assessment of Significant Peatlands/peatlands complex in KPK to develop Management Plan and Ramsar Information Sheet (RIS) of the selected Peatlands/peatlands complex (Hydrologist),Send your proposals along with required documents To: fakhan@wwf.org.pk Cc: assadullah@wwf.org.pknot later than 2025-08-04,https://forms.office.com/e/sxNStCNxPM,http://wwf.org.pk/eoffice/consultancy/consultupload/604-46384-149-TORs-Hydrologist-Chitral-KP-2025.pdf,Terms of References
148- Ecological Assessment of Significant Peatlands/peatlands complex in KPK to develop Management Plans and Ramsar Information Sheet (RIS) of the selected Peatlands/peatlands complex (Terrestrial Ecologist- Mammologist),Send your proposals along with required documents To: fakhan@wwf.org.pk Cc: assadullah@wwf.org.pknot later than 2025-08-04,https://forms.office.com/e/sxNStCNxPM,http://wwf.org.pk/eoffice/consultancy/consultupload/603-57324-148-TORs--Mammologist-Chitral-KP-2025.pdf,Terms of References
147- Ecological Assessment of Significant Peatlands/peatlands complex in KPK to develop Management Plan and Ramsar Information Sheet (RIS) of the selected Peatlands/peatlands complex (Herpetologist),Send your proposals along with required documents To: fakhan@wwf.org.pk Cc: assadullah@wwf.org.pknot later than 2025-08-10,https://forms.office.com/e/sxNStCNxPM,http://wwf.org.pk/eoffice/consultancy/consultupload/602-32644-147-TORs-Herpetologist-Chitral-KP-2025.pdf,Terms of References
146-Ecological Assessment of Significant Peatlands/peatlands complexes in KPK to develop Management Plan and Ramsar Information Sheet (RIS) of the selected Peatlands/peatlands complexes (Botanist),Send your proposals along with required documents To: fakhan@wwf.org.pk Cc: assadullah@wwf.org.pknot later than 2025-08-10,https://forms.office.com/e/sxNStCNxPM,http://wwf.org.pk/eoffice/consultancy/consultupload/601-69712-146-TORs--Botanist-Chitral-KP-2025.pdf,Terms of References
145- Ecological Assessment of Significant Peatlands/peatlands complexes in KPK to develop Management Plans and Ramsar Information Sheet (RIS) of the selected Peatlands/peatlands Complexes (Aquatic Ecologist),Send your proposals along with required documents To: fakhan@wwf.org.pk Cc: assadullah@wwf.org.pknot later than 2025-08-10,https://forms.office.com/e/sxNStCNxPM,http://wwf.org.pk/eoffice/consultancy/consultupload/600-23668-145-TORs--Aquatic Ecologist-Chitral-KP-2025 (1).pdf,Terms of References
"144Study on Carbon sequestration of the selective peatland sites of KP and GB (Deosai, Langar Shandor, Naltar, Broghil valley and Gobor valley)",Send your proposals along with required documents To: fakhan@wwf.org.pk Cc: assadullah@wwf.org.pknot later than 2025-08-04,https://forms.office.com/e/sxNStCNxPM,http://wwf.org.pk/eoffice/consultancy/consultupload/599-64103-144-RFP for Assessing the carbon sequestration of peatlands in the selectied sites fo GB & Chitral  (1) (1).pdf,Terms of References
142Assessment Plan/ Management Plan for Ecotourism Promotion and Awareness for Potential Sites of Soon Valley,Send your proposals along with required documents To: fakhan@wwf.org.pk Cc: assadullah@wwf.org.pknot later than 2025-08-10,https://forms.office.com/e/sxNStCNxPM,http://wwf.org.pk/eoffice/consultancy/consultupload/597-28564-142-TORs for Eco Tourism Management Plan (1).pdf,Terms of References
139 Translation of GRM IEC Material in Urdu & Sindhi Language,Send your proposals along with required documents To: fakhan@wwf.org.pk Cc: assadullah@wwf.org.pknot later than 2025-08-01,https://forms.office.com/e/sxNStCNxPM,http://wwf.org.pk/eoffice/consultancy/consultupload/596-11299-TORs-Translator (1).pdf,Terms of References
138Development of Training Module & Conduct ten NbS Capacity Building Trainings,Send your proposals along with required documents To: fakhan@wwf.org.pk Cc: assadullah@wwf.org.pknot later than 2025-08-01,https://forms.office.com/e/sxNStCNxPM,http://wwf.org.pk/eoffice/consultancy/consultupload/595-24948-TOR-Develop NbS Training Module and Conduct Trainings. (1) (1) (1).pdf,Terms of References
140Consultancy for Conversion of Gillnet Vessels to Longline Operations and Associated Capacity Building,Send your proposals along with required documents To: fakhan@wwf.org.pk Cc: assadullah@wwf.org.pknot later than 2025-08-10,https://forms.office.com/e/sxNStCNxPM,http://wwf.org.pk/eoffice/consultancy/consultupload/594-66341-ABNJ_LLG Conversion ToRs (1).pdf,Terms of References
"Development of Integrated Water Resource Management Plan, Flood/Drought Preparedness Plan and Conduct Workshops/ Trainings for Soon Valley, District Khushab in Punjab",Send your proposals along with required documents To: fakhan@wwf.org.pk Cc: assadullah@wwf.org.pknot later than 2025-08-01,https://forms.office.com/e/sxNStCNxPM,http://wwf.org.pk/eoffice/consultancy/consultupload/593-95452-TORs for Consultancy IWRM and Flood-Drought Plan of Khushab Punjab (2).pdf,Terms of References
"Aquatic Ecologist (Fish and Invertebrates) Ecological Assessment of Palas Valley, Kohistan in KP to Develop Biodiversity Profile”",Send your proposals along with required documents To: fakhan@wwf.org.pk Cc: assadullah@wwf.org.pknot later than 2025-07-22,https://forms.office.com/e/sxNStCNxPM,http://wwf.org.pk/eoffice/consultancy/consultupload/592-17688-1.RFP_TORs-Aquatic Ecologist-Palas-25.pdf,Terms of References
"(Herpetologist) Ecological Assessment of Palas Valley, Kohistan in KP to Develop Biodiversity Profile",Send your proposals along with required documents To: fakhan@wwf.org.pk Cc: assadullah@wwf.org.pknot later than 2025-07-22,https://forms.office.com/e/sxNStCNxPM,http://wwf.org.pk/eoffice/consultancy/consultupload/591-77359-2.RFP_TORs-Herpetologist-Palas-25.pdf,Terms of References
Hiring of consultancy firm for designing and development of communication and visibility materials for the Australia-Pakistan Water Security Initiative,Send your proposals along with required documents To: fakhan@wwf.org.pk Cc: assadullah@wwf.org.pknot later than 2025-07-18,https://forms.office.com/e/sxNStCNxPM,http://wwf.org.pk/eoffice/consultancy/consultupload/590-20133-TORS-APWASI.pdf,Terms of References
Consultancy for Education for Sustainable Development (ESD) Teacher Training on Water Conservation Behaviors,Send your proposals along with required documents To: fakhan@wwf.org.pk Cc: assadullah@wwf.org.pknot later than 2025-07-14,https://forms.office.com/e/sxNStCNxPM,http://wwf.org.pk/eoffice/consultancy/consultupload/589-95803-ToRs_Consultancy for Education for Sustainable Development (ESD) Teacher Training on Water Conservation Behaviors.pdf,Terms of References
"Gender-Responsive and Climate-Resilient Livelihood Training Material Development and Capacity Building on livelihood/Small Scale businesses under Recharge Pakistan in KP, Sindh, and Balochistan""",Send your proposals along with required documents To: fakhan@wwf.org.pk Cc: assadullah@wwf.org.pknot later than 2025-07-14,https://forms.office.com/e/sxNStCNxPM,http://wwf.org.pk/eoffice/consultancy/consultupload/588-67070-RFP-Consultancy for Gender- Responsive Livlihood activities (1).pdf,Terms of References
HIRING OF CHARTERED ACCOUNTANT & TAX EXPERT FOR FOLLOW-UP CASES AND HEARING AT OFFICE OF COMMISSIONER INLAND REVENUE(APPEALS).,Send your proposals along with required documents To: fakhan@wwf.org.pk Cc: assadullah@wwf.org.pknot later than 2025-03-11,https://forms.office.com/e/sxNStCNxPM,http://wwf.org.pk/eoffice/consultancy/consultupload/587-84679-TORs TY-2019 (1).pdf,Terms of References
Baselines and indicators for measuring the biophysical benefits of Ecosystem-based Adaptation (EbA) on ecosystems and their flood attenuation and water resource-related services.,Send your proposals along with required documents To: fakhan@wwf.org.pk Cc: assadullah@wwf.org.pknot later than 2025-07-18,https://forms.office.com/e/sxNStCNxPM,http://wwf.org.pk/eoffice/consultancy/consultupload/586-15942-TORs_Indicators_Baseline_300625_compressed.pdf,Terms of References
Financial Audit of WRAP Project April 2024 to March 2025,Send your proposals along with required documents To: fakhan@wwf.org.pk Cc: assadullah@wwf.org.pknot later than 2025-07-17,https://forms.office.com/e/sxNStCNxPM,http://wwf.org.pk/eoffice/consultancy/consultupload/585-34118-TORs-Audit=WRAP.pdf,Terms of References
"Development of Training Curriculum, Modules and Workplans for Farmer Field School and TOT of Extension agents (MTs) on Climate Smart Agriculture and sustainable practices in Three Provinces (Khyber Pakhtunkhwa, Sindh and Balochistan",Send your proposals along with required documents To: fakhan@wwf.org.pk Cc: assadullah@wwf.org.pknot later than 2025-07-16,https://forms.office.com/e/sxNStCNxPM,http://wwf.org.pk/eoffice/consultancy/consultupload/584-42303-RFP-584Consultancy for CSA Training.pdf,Terms of References
Consultancy for Conversion of Gillnet Vessels to Longline Operations and Associated Capacity Building,Send your proposals along with required documents To: fakhan@wwf.org.pk Cc: assadullah@wwf.org.pknot later than 2025-06-27,https://forms.office.com/e/sxNStCNxPM,http://wwf.org.pk/eoffice/consultancy/consultupload/583-66277-ABNJ_Longline_Terms_of_Reference-compressed.pdf,Terms of References
Tribal Elder Consultations and Awareness Raising Campaign,Send your proposals along with required documents To: fakhan@wwf.org.pk Cc: assadullah@wwf.org.pknot later than 2025-07-01,https://forms.office.com/e/sxNStCNxPM,http://wwf.org.pk/eoffice/consultancy/consultupload/582-72697-RFP - Tribal Elder Consultations and Awareness Sessions (1).pdf,Terms of References
"Training Workshops for national and sub-national technical staff of Government Departments on the implementation, monitoring, operations, and maintenance of EbA and green infrastructure interventions.",Send your proposals along with required documents To: fakhan@wwf.org.pk Cc: assadullah@wwf.org.pknot later than 2025-06-27,https://forms.office.com/e/sxNStCNxPM,http://wwf.org.pk/eoffice/consultancy/consultupload/581-74411-RFP - Training Workshops (Sub - Activity 2.3.1.2).pdf,Terms of References
Development of Long-form Video for Recharge Pakistan,Send your proposals along with required documents To: fakhan@wwf.org.pk Cc: assadullah@wwf.org.pknot later than 2025-06-25,https://forms.office.com/e/sxNStCNxPM,http://wwf.org.pk/eoffice/consultancy/consultupload/579-46180-RP Long-form Videos - TORs.pdf,Terms of References
CONSULTANCY SERVICES TO SUPPORT DEVELOPMENT OF PROJECT ON GENDER EQUALITY AND YOUTH EMPOWERMENT IN PAKISTAN,Send your proposals along with required documents To: fakhan@wwf.org.pk Cc: assadullah@wwf.org.pknot later than 2025-06-19,https://forms.office.com/e/sxNStCNxPM,http://wwf.org.pk/eoffice/consultancy/consultupload/578-15558-TOR EU Consultant.pdf,Terms of References
Environmental and Social Due Diligence of a Flood Irrigation Scheme Proposed for Substitute Expenditure,Send your proposals along with required documents To: fakhan@wwf.org.pk Cc: assadullah@wwf.org.pknot later than 2025-06-16,https://forms.office.com/e/sxNStCNxPM,http://wwf.org.pk/eoffice/consultancy/consultupload/577-39155-ToRs ESSF Evaluation_World Bank (1) (1).pdf,Terms of References
"Consultancy Services for support of GIS and Mapping in Lahore, Faisalabad, and RYK",Send your proposals along with required documents To: fakhan@wwf.org.pk Cc: assadullah@wwf.org.pknot later than 2025-06-19,https://forms.office.com/e/sxNStCNxPM,http://wwf.org.pk/eoffice/consultancy/consultupload/576-27114-RFP - WWF Inditex Consultancy.pdf,Terms of References
Establishing fishermen groups for the operation of an improved marketing system and small-scale community-based or household-based enterprises and informal saving system in Kalmat Khor,Send your proposals along with required documents To: fakhan@wwf.org.pk Cc: assadullah@wwf.org.pknot later than 2025-06-17,https://forms.office.com/e/sxNStCNxPM,http://wwf.org.pk/eoffice/consultancy/consultupload/575-80033-TORS-IUCN-Second consultancy.pdf,Terms of References
"Creative Artist for Underwater Immersive Experience at WWF’s Taunsa Conservation and Information Centre, Kot Addu.",Send your proposals along with required documents To: fakhan@wwf.org.pk Cc: assadullah@wwf.org.pknot later than 2025-06-11,https://forms.office.com/e/sxNStCNxPM,http://wwf.org.pk/eoffice/consultancy/consultupload/574-33037-TORs.pdf,Terms of References
Development of Communication Products for the Sustainable Infrastructure ACAI,Send your proposals along with required documents To: fakhan@wwf.org.pk Cc: assadullah@wwf.org.pknot later than 2025-06-11,https://forms.office.com/e/sxNStCNxPM,http://wwf.org.pk/eoffice/consultancy/consultupload/572-96946-TOR-Development of Communication Products for the Sustainable Infrastructure ACAI_PD.pdf,Terms of References
Third-party Evaluation of Water Replenishment through project Interventions-Karachi,Send your proposals along with required documents To: fakhan@wwf.org.pk Cc: assadullah@wwf.org.pknot later than 2025-06-11,https://forms.office.com/e/sxNStCNxPM,http://wwf.org.pk/eoffice/consultancy/consultupload/571-36964-RFP_of_Third Party Evaluation.pdf,Terms of References
"Identify gaps in wildlife laws and enforcement procedures, and provide recommendations to address them through capacity-building interventions of frontline law enforcement staff and develop a training curriculum for wildlife departments",Send your proposals along with required documents To: fakhan@wwf.org.pk Cc: assadullah@wwf.org.pknot later than 2025-06-11,https://forms.office.com/e/sxNStCNxPM,http://wwf.org.pk/eoffice/consultancy/consultupload/570-4973-RFP Wildlfie Laws Gap Analysis and Cirriculum Development Ver2 (1) (1).pdf,Terms of References
Develop a short documentary regarding Illegal Wildlife Trade in Pakistan to create awareness,Send your proposals along with required documents To: fakhan@wwf.org.pk Cc: assadullah@wwf.org.pknot later than 2025-05-30,https://forms.office.com/e/sxNStCNxPM,http://wwf.org.pk/eoffice/consultancy/consultupload/569-45868-PRF Develop a short documentary regarding Illegal Wildlife Trade in Pakistan to create awareness (1) (2) (1).pdf,Terms of References
"Integrated Hydrological, Hydrogeological, and Climate Change Assessment for Urban and Catchment Water Resilience in Lahore, Pakistan",Send your proposals along with required documents To: fakhan@wwf.org.pk Cc: assadullah@wwf.org.pknot later than 2025-06-05,https://forms.office.com/e/sxNStCNxPM,http://wwf.org.pk/eoffice/consultancy/consultupload/568-43040-RFP for Consultancy Services-Lahore Study.pdf,Terms of References
Annual Financial Audit of the Project Sustainable mangrove management and community development in the Indus Delta II,Send your proposals along with required documents To: fakhan@wwf.org.pk Cc: assadullah@wwf.org.pknot later than 2025-05-27,https://forms.office.com/e/sxNStCNxPM,http://wwf.org.pk/eoffice/consultancy/consultupload/567-37785-ToRs_Annual Financial Audit BMZII 2024 - 2025_25Apr (1).pdf,Terms of References
Hosting & maintenance support of VFM software developed for wrap project,Send your proposals along with required documents To: fakhan@wwf.org.pk Cc: assadullah@wwf.org.pknot later than 2025-05-27,https://forms.office.com/e/sxNStCNxPM,http://wwf.org.pk/eoffice/consultancy/consultupload/566-2966-TOR VFM Hosting for web (1).pdf,Terms of References
Technical training on Sustainable Livestock Management as an alternate income generation opportunity for farmers/rural women,Send your proposals along with required documents To: fakhan@wwf.org.pk Cc: assadullah@wwf.org.pknot later than 2025-05-19,https://forms.office.com/e/sxNStCNxPM,http://wwf.org.pk/eoffice/consultancy/consultupload/565-77607-TOR-livestock management (2) (1) (1).pdf,Terms of References
Recycling Awareness and Waste Collection,Send your proposals along with required documents To: fakhan@wwf.org.pk Cc: assadullah@wwf.org.pknot later than 2025-05-12,https://forms.office.com/e/sxNStCNxPM,http://wwf.org.pk/eoffice/consultancy/consultupload/564-26032-TORs-consultancy.pdf,Terms of References
Consultancy for Reviewing and drafting Data Protection Policy,Send your proposals along with required documents To: fakhan@wwf.org.pk Cc: assadullah@wwf.org.pknot later than 2025-05-07,https://forms.office.com/e/sxNStCNxPM,http://wwf.org.pk/eoffice/consultancy/consultupload/563-76579-RFP_ ToRs_Consultancy for Reviewing & Drafting Data Protection Policy .pdf,Terms of References
"Hiring of consultancy firm to measure the performance of installed interventions at farash town, Islamabad and james town, Rawalpindi in terms of volume of water captured and used",Send your proposals along with required documents To: fakhan@wwf.org.pk Cc: assadullah@wwf.org.pknot later than 2025-05-06,https://forms.office.com/e/sxNStCNxPM,http://wwf.org.pk/eoffice/consultancy/consultupload/562-6404-Draft TORs for Performance anlaysis Year-4.pdf,Terms of References
Hiring Consultancy for Photography and Video Production to Visually Showcase Water-Saving Techniques and Regenerative Agriculture practices in Bahawalpur,Send your proposals along with required documents To: fakhan@wwf.org.pk Cc: assadullah@wwf.org.pknot later than 2025-05-05,https://forms.office.com/e/sxNStCNxPM,http://wwf.org.pk/eoffice/consultancy/consultupload/561-67501-1. RFP-TORs-Video Graphy 2024 (1) (2).pdf,Terms of References
"Impact Assessment Study of Regenerative Agriculture practices in Punjab (Bahawalpur): Evaluating Environmental Sustainability (Calculation & validation of GHG Emisson, Soil Health, Biodiversity, use of Fertlizer and Pesticide) , Social Empowerment ( Women empowerment, Children education and social fairness) Economic Viability, and Climate Resilience",Send your proposals along with required documents To: fakhan@wwf.org.pk Cc: assadullah@wwf.org.pknot later than 2025-05-27,https://forms.office.com/e/sxNStCNxPM,http://wwf.org.pk/eoffice/consultancy/consultupload/560-75460-1. RFP-TORs-Impact Analyst-2025 (2) (1).pdf,Terms of References
"Consultancy Services for the Development of Communication Material, Dissemination of Information and Project Visibility for GSK-WWF Partnership for Pakistan Programme",Send your proposals along with required documents To: fakhan@wwf.org.pk Cc: assadullah@wwf.org.pknot later than 2025-05-05,https://forms.office.com/e/sxNStCNxPM,http://wwf.org.pk/eoffice/consultancy/consultupload/559-19059-ToRs_ GSK Communications Consultancy (1) (1).pdf,Terms of References
Develop a short video clip on project success of Securing the Future for Indian Pangolin: Upscaling the regional outreach for species conservation and monitoring in Khyber Pakhtunkhwa-Pakistan.,Send your proposals along with required documents To: fakhan@wwf.org.pk Cc: assadullah@wwf.org.pknot later than 2025-04-30,https://forms.office.com/e/sxNStCNxPM,http://wwf.org.pk/eoffice/consultancy/consultupload/558-47787-TOrs of dacoumentry.pdf,Terms of References
"Mapping of Stakeholders in Faisalabad, Lahore and Rahim Yar Khan and devising a communication strategy for Citywide Partnership Forum",Send your proposals along with required documents To: fakhan@wwf.org.pk Cc: assadullah@wwf.org.pknot later than 2025-04-28,https://forms.office.com/e/sxNStCNxPM,http://wwf.org.pk/eoffice/consultancy/consultupload/557-84312-TORs Stakeholder mapping and CWP communication strategy f.pdf,Terms of References
Technical Expert for the study on Repurposing Agricultural Subsidies in Pakistan: Key Crops Case Study for Nature-Positive Impact,Send your proposals along with required documents To: fakhan@wwf.org.pk Cc: assadullah@wwf.org.pknot later than 2025-05-07,https://forms.office.com/e/sxNStCNxPM,http://wwf.org.pk/eoffice/consultancy/consultupload/556-81038-TOR Template - Harmful Subsidies Technical Expert_Final.pdf,Terms of References
Hiring of Audit firm for the period July 2024 to December 2024 WWF Pakistan,Send your proposals along with required documents To: fakhan@wwf.org.pk Cc: assadullah@wwf.org.pknot later than 2025-04-25,https://forms.office.com/e/sxNStCNxPM,http://wwf.org.pk/eoffice/consultancy/consultupload/555-69398-Recharge Pakistan Audit Engagement TOR - Draft from AE_compressed.pdf,Terms of References
Evaluation of Different Approaches to Mangrove Reforestation and Rehabilitation in the Indus Delta,Send your proposals along with required documents To: fakhan@wwf.org.pk Cc: assadullah@wwf.org.pknot later than 2025-04-17,https://forms.office.com/e/sxNStCNxPM,http://wwf.org.pk/eoffice/consultancy/consultupload/554-34197-ToRs Evaluation of Mangroves Afforestation vF.pdf,Terms of References
External Final Evaluation of the project “Sustainable Mangrove Management and Community Development in Indus Delta II”,Send your proposals along with required documents To: fakhan@wwf.org.pk Cc: assadullah@wwf.org.pknot later than 2025-04-24,https://forms.office.com/e/sxNStCNxPM,http://wwf.org.pk/eoffice/consultancy/consultupload/553-42826-ToRs External Final Evaluation BMZ-.pdf,Terms of References
Impact Assessment and Evaluation of Water Management Interventions in South Punjab,Send your proposals along with required documents To: fakhan@wwf.org.pk Cc: assadullah@wwf.org.pknot later than 2025-04-15,https://forms.office.com/e/sxNStCNxPM,http://wwf.org.pk/eoffice/consultancy/consultupload/552-6201-Consultancy For NIKE- South Punjab (1) (2).pdf,Terms of References
Impact Assessment and Evaluation of Water Management Interventions in Lahore Region,Send your proposals along with required documents To: fakhan@wwf.org.pk Cc: assadullah@wwf.org.pknot later than 2025-04-25,https://forms.office.com/e/sxNStCNxPM,http://wwf.org.pk/eoffice/consultancy/consultupload/551-55965-Consultancy For NIKE- Lahore Region (1) (2).pdf,Terms of References
Hydrology and Flood Modelling For Recharge Pakistan,Send your proposals along with required documents To: fakhan@wwf.org.pk Cc: assadullah@wwf.org.pknot later than 2025-04-03,https://forms.office.com/e/sxNStCNxPM,http://wwf.org.pk/eoffice/consultancy/consultupload/550-50754-RP-Hydrology and Flood Modelling Consutancy ToRs (1).pdf,Terms of References
"Training on Presentation, Communication & Leadership Skills in the ambit of the Train the Trainers Program",Send your proposals along with required documents To: fakhan@wwf.org.pk Cc: assadullah@wwf.org.pknot later than 2025-03-25,https://forms.office.com/e/sxNStCNxPM,http://wwf.org.pk/eoffice/consultancy/consultupload/549-6009-RFP - WWF Toastmasters Club.pdf,Terms of References
"Technical training on Free range chicken farming and feed additives processing, as an alternate income generation opportunity for farmers/working women",Send your proposals along with required documents To: fakhan@wwf.org.pk Cc: assadullah@wwf.org.pknot later than 2025-03-26,https://forms.office.com/e/sxNStCNxPM,http://wwf.org.pk/eoffice/consultancy/consultupload/548-78632-TOR- Poultry rearing .pdf,Terms of References
"Training of Farmers of Soon Valley, Khushab on Better Management Practices in Agriculture",Send your proposals along with required documents To: fakhan@wwf.org.pk Cc: assadullah@wwf.org.pknot later than 2025-03-25,https://forms.office.com/e/sxNStCNxPM,"http://wwf.org.pk/eoffice/consultancy/consultupload/547-49525-04 - Training of Farmers on Best Management Practices of Soon Valley, Khushab Punjab (1).pdf",Terms of References
Anti-Money Laundering and Countering the Financing of Terrorism,Send your proposals along with required documents To: fakhan@wwf.org.pk Cc: assadullah@wwf.org.pknot later than 2025-03-03,https://forms.office.com/e/sxNStCNxPM,http://wwf.org.pk/eoffice/consultancy/consultupload/546-84364-2.TOR-Format (1).pdf,Terms of References
Special Study “Livelihood Improvement” in 3rd Party Monitoring and Evaluation of TBTTP,Send your proposals along with required documents To: fakhan@wwf.org.pk Cc: assadullah@wwf.org.pknot later than 2025-03-03,https://forms.office.com/e/sxNStCNxPM,http://wwf.org.pk/eoffice/consultancy/consultupload/545-17334-TORS-3rd study of WWF-pakistan ( liveli hood improvement).pdf,Terms of References
A comprehensive survey to collect baseline information on fishing operations in the Kalmat Khor area,Send your proposals along with required documents To: fakhan@wwf.org.pk Cc: assadullah@wwf.org.pknot later than 2025-02-28,https://forms.office.com/e/sxNStCNxPM,http://wwf.org.pk/eoffice/consultancy/consultupload/543-37548-ToRs_DRR_designing_Inforgraphics-_Feb- final (1).pdf,Terms of References
A comprehensive survey to collect baseline information on fishing operations in the Kalmat Khor area,Send your proposals along with required documents To: fakhan@wwf.org.pk Cc: assadullah@wwf.org.pknot later than 2025-02-28,https://forms.office.com/e/sxNStCNxPM,http://wwf.org.pk/eoffice/consultancy/consultupload/542-36490-TORS-Baseline survey-IUCN (1).pdf,Terms of References
Hiring of Consultancy Firm/ Individual Consultants for Providing Training to Empower Parents/Guardians of Persons with Disabilities (PWDs) for Enhanced Support and Inclusion,Send your proposals along with required documents To: fakhan@wwf.org.pk Cc: assadullah@wwf.org.pknot later than 2025-02-24,https://forms.office.com/e/sxNStCNxPM,http://wwf.org.pk/eoffice/consultancy/consultupload/541-22748-TORs - APWASI - Training for PWDs Parents (1).pdf,Terms of References
Technical Training Session on Communications and Media Engagement,Send your proposals along with required documents To: fakhan@wwf.org.pk Cc: assadullah@wwf.org.pknot later than 2025-02-21,https://forms.office.com/e/sxNStCNxPM,http://wwf.org.pk/eoffice/consultancy/consultupload/540-79080-TOR Template - CVP [Communications and Media Engagement] (1).pdf,Terms of References
Technical Training Session on Just Transition,Send your proposals along with required documents To: fakhan@wwf.org.pk Cc: assadullah@wwf.org.pknot later than 2025-02-24,https://forms.office.com/e/sxNStCNxPM,http://wwf.org.pk/eoffice/consultancy/consultupload/539-75272-TOR Template - CVP [Session on Just Transition] (1).pdf,Terms of References
Technical Training Session on Climate Change Mitigationx`,Send your proposals along with required documents To: fakhan@wwf.org.pk Cc: assadullah@wwf.org.pknot later than 2025-02-21,https://forms.office.com/e/sxNStCNxPM,http://wwf.org.pk/eoffice/consultancy/consultupload/538-24913-TOR Template - CVP [Session on Climate Change Mitigation] (1).pdf,Terms of References
Technical Training Session on Climate Finance,Send your proposals along with required documents To: fakhan@wwf.org.pk Cc: assadullah@wwf.org.pknot later than 2025-02-21,https://forms.office.com/e/sxNStCNxPM,http://wwf.org.pk/eoffice/consultancy/consultupload/537-45752-TOR Template - CVP [Session on Climate Finance] (1).pdf,Terms of References
Technical Training Session on Climate Change Adaptation and Resilience,Send your proposals along with required documents To: fakhan@wwf.org.pk Cc: assadullah@wwf.org.pknot later than 2025-02-21,https://forms.office.com/e/sxNStCNxPM,http://wwf.org.pk/eoffice/consultancy/consultupload/536-96503-TOR Template - CVP [Session on Climate Change Adaptation and Resilience] (1).pdf,Terms of References
Hiring of Consultancy Firm for Designing of Infographics and Visibility Materials for the Australia-Pakistan Water Security Initiative,Send your proposals along with required documents To: fakhan@wwf.org.pk Cc: assadullah@wwf.org.pknot later than 2025-02-20,https://forms.office.com/e/sxNStCNxPM,http://wwf.org.pk/eoffice/consultancy/consultupload/535-APWASIinfographic.pdf,Terms of References
"Deliver a training on the basic first-aid treatment for at least 50 healthcare workers focused on poisonous insect and venomous snake bites during flood season, in selected villages of district Kot Addu, D.G.Khan and Rajanpur",Send your proposals along with required documents To: fakhan@wwf.org.pk Cc: assadullah@wwf.org.pknot later than 2025-02-17,https://forms.office.com/e/sxNStCNxPM,http://wwf.org.pk/eoffice/consultancy/consultupload/534-25375-Final Terms of Refrence (ToRs) of capacity budilding training against snake and insect bite (1).pdf,Terms of References
Technical Training Session on International Climate Law and Policy,Send your proposals along with required documents To: fakhan@wwf.org.pk Cc: assadullah@wwf.org.pknot later than 2025-02-20,https://forms.office.com/e/sxNStCNxPM,http://wwf.org.pk/eoffice/consultancy/consultupload/533-78613-TOR Template - CVP [Session on International Climate Law and Policy].pdf,Terms of References
Technical Training Session on Climate Global Stock take,Send your proposals along with required documents To: fakhan@wwf.org.pk Cc: assadullah@wwf.org.pknot later than 2025-02-20,https://forms.office.com/e/sxNStCNxPM,http://wwf.org.pk/eoffice/consultancy/consultupload/532-40216-TOR Template - CVP [Session on Climate Global Stocktake].pdf,Terms of References
Technical Training Session on Climate Data and Science,Send your proposals along with required documents To: fakhan@wwf.org.pk Cc: assadullah@wwf.org.pknot later than 2025-02-19,https://forms.office.com/e/sxNStCNxPM,http://wwf.org.pk/eoffice/consultancy/consultupload/531-24949-TOR Template - CVP [Session on Climate Data and Science].pdf,Terms of References
HRE II - BIODIVERSITY AND SOCIOECONOMIC ASSESSMENTS IN HUNZA AND NAGAR DISTRICTS OF GILGIT-BALTISTAN IN PAKISTAN,Send your proposals along with required documents To: fakhan@wwf.org.pk Cc: assadullah@wwf.org.pknot later than 2025-02-21,https://forms.office.com/e/sxNStCNxPM,http://wwf.org.pk/eoffice/consultancy/consultupload/530-62920-ToRs.pdf,Terms of References
Hiring of Consultancy Firm/ Individual Consultants for Providing Training to Empower Parents/Guardians of Persons with Disabilities (PWDs) for Enhanced Support and Inclusion,Send your proposals along with required documents To: fakhan@wwf.org.pk Cc: assadullah@wwf.org.pknot later than 2025-02-07,https://forms.office.com/e/sxNStCNxPM,http://wwf.org.pk/eoffice/consultancy/consultupload/529-47042-TORs - APWASI - Training for PWDs Parents (1).pdf,Terms of References
Scoping Study of Value Chain of potential businesses to be considered for DFCD-II,Send your proposals along with required documents To: fakhan@wwf.org.pk Cc: assadullah@wwf.org.pknot later than 2025-02-14,https://forms.office.com/e/sxNStCNxPM,http://wwf.org.pk/eoffice/consultancy/consultupload/528-40076-2.ToR Updated_RFP_DFCD_Consultancy Services 13012025 (2).pdf,Terms of References
"Identify gaps in wildlife laws and enforcement procedures, and provide recommendations to address them through capacity-building interventions of frontline law enforcement staff and develop a training curriculum for wildlife departments",Send your proposals along with required documents To: fakhan@wwf.org.pk Cc: assadullah@wwf.org.pknot later than 2025-02-10,https://forms.office.com/e/sxNStCNxPM,http://wwf.org.pk/eoffice/consultancy/consultupload/527-2750-RFP Wildlfie Laws Gap Analysis and Cirriculum Development Ver2.pdf,Terms of References
Climate Change Risk Modelling: Assessment of Future Water Demand and Supply Using WEAP Model; Exploring Future Risks in Water Resource Management at Bagrote Valley.,Send your proposals along with required documents To: fakhan@wwf.org.pk Cc: assadullah@wwf.org.pknot later than 2025-02-10,https://forms.office.com/e/sxNStCNxPM,http://wwf.org.pk/eoffice/consultancy/consultupload/526-27930-RFP for Climate change modelling in Bagrote.pdf,Terms of References
Training on Environmental & Social Screening under ESMF-Recharge Pakistan-RP,Send your proposals along with required documents To: fakhan@wwf.org.pk Cc: assadullah@wwf.org.pknot later than 2025-01-28,https://forms.office.com/e/sxNStCNxPM,http://wwf.org.pk/eoffice/consultancy/consultupload/525-84859-TORs-ESS Training (1) (1).pdf,Terms of References
Hiring of Engineer /Firm Consultant for Water Reservoir Design and Supervision of Construction Work,Send your proposals along with required documents To: fakhan@wwf.org.pk Cc: assadullah@wwf.org.pknot later than 2025-02-10,https://forms.office.com/e/sxNStCNxPM,http://wwf.org.pk/eoffice/consultancy/consultupload/524-74002-TORs for Water Reserviors (1) (1).pdf,Terms of References
Train the Project Communities on Olive Grafting and Supporting Grafting of Olea ferruginea with suitable Variants under the WRAP Project,Send your proposals along with required documents To: fakhan@wwf.org.pk Cc: assadullah@wwf.org.pknot later than 2025-02-10,https://forms.office.com/e/sxNStCNxPM,http://wwf.org.pk/eoffice/consultancy/consultupload/523-45774-TOR-Olive Grafting (1) (1).pdf,Terms of References
Mapping of Stakeholders in Faisalabad and Lahore and developing a communication strategy for Citywide Partnership Forum,Send your proposals along with required documents To: fakhan@wwf.org.pk Cc: assadullah@wwf.org.pknot later than 2025-01-22,https://forms.office.com/e/sxNStCNxPM,http://wwf.org.pk/eoffice/consultancy/consultupload/522-64493-TORs Stakeholder mapping and CWP communication strategy r.pdf,Terms of References
Formulate a project exit strategy that ensures the long-term sustainability of the projects activities beyond its completion.,Send your proposals along with required documents To: fakhan@wwf.org.pk Cc: assadullah@wwf.org.pknot later than 2025-02-10,https://forms.office.com/e/sxNStCNxPM,http://wwf.org.pk/eoffice/consultancy/consultupload/520-14606-TORs for Exit Strategy.pdf,Terms of References
"Development of the knowledge products success stories, infographics, case studies, and scientific reports of the ranger community DRR project",Send your proposals along with required documents To: fakhan@wwf.org.pk Cc: assadullah@wwf.org.pknot later than 2025-01-17,https://forms.office.com/e/sxNStCNxPM,"http://wwf.org.pk/eoffice/consultancy/consultupload/519-78172-ToRs- Knowledge products, editing of the Reports -DRR Project (1).pdf",Terms of References
"Enhancing Water Productivity and Sustainable On-Farm Management for Crops, Vegetables, and Orchards",Send your proposals along with required documents To: fakhan@wwf.org.pk Cc: assadullah@wwf.org.pknot later than 2025-01-08,https://forms.office.com/e/sxNStCNxPM,http://wwf.org.pk/eoffice/consultancy/consultupload/518-91044-Enhancing Water Productivity.pdf,Terms of References
Third Part Evaluation/ Validation of the Water Replenishment Project Interventions.,Send your proposals along with required documents To: fakhan@wwf.org.pk Cc: assadullah@wwf.org.pknot later than 2024-12-31,https://forms.office.com/e/sxNStCNxPM,http://wwf.org.pk/eoffice/consultancy/consultupload/517-42698-TORs for Third Party Technical Evaluation of Nike and Pepsi Project (2) (1) (1).pdf,Terms of References
Hiring of Consultancy Firm/ Individual for Photography and Video Production for the Australia-Pakistan Water Security Initiative,Send your proposals along with required documents To: fakhan@wwf.org.pk Cc: assadullah@wwf.org.pknot later than 2024-12-31,https://forms.office.com/e/sxNStCNxPM,http://wwf.org.pk/eoffice/consultancy/consultupload/516-66167-TORs-APWASI-Documentary (1).pdf,Terms of References
"Training on Value chain development for the selected commodities through skill development, market access, and linkages, and exploring financing through public-private partnerships for sustainability”.",Send your proposals along with required documents To: fakhan@wwf.org.pk Cc: assadullah@wwf.org.pknot later than 2024-12-27,https://forms.office.com/e/sxNStCNxPM,http://wwf.org.pk/eoffice/consultancy/consultupload/515-46456-RFP for training on Value chain.pdf,Terms of References
Hydrogeological Assessment of Site Area and Study on Main Water Resources of Karachi with a Special Focus on Keenjhar,Send your proposals along with required documents To: fakhan@wwf.org.pk Cc: assadullah@wwf.org.pknot later than 2024-12-27,https://forms.office.com/e/sxNStCNxPM,http://wwf.org.pk/eoffice/consultancy/consultupload/514-90864-RFP of Hydrogeological Assessment.pdf,Terms of References
Designing reports and IEC material for the IREGVTI project,Send your proposals along with required documents To: fakhan@wwf.org.pk Cc: assadullah@wwf.org.pknot later than 2024-12-20,https://forms.office.com/e/sxNStCNxPM,http://wwf.org.pk/eoffice/consultancy/consultupload/513-90496-IREGTVI Design Consultancy TORs (1).pdf,Terms of References
Interactive Theatre on Ripple Effect: Gendered Journey Towards Water Conservation and Associated Natural Resources.,Send your proposals along with required documents To: fakhan@wwf.org.pk Cc: assadullah@wwf.org.pknot later than 2024-12-20,https://forms.office.com/e/sxNStCNxPM,http://wwf.org.pk/eoffice/consultancy/consultupload/512-57744-ToRs for Consultancy of Interactive theatre (1).pdf,Terms of References
Scoping Study of Value Chain of potential businesses to be considered for DFCD-II,Send your proposals along with required documents To: fakhan@wwf.org.pk Cc: assadullah@wwf.org.pknot later than 2024-12-23,https://forms.office.com/e/sxNStCNxPM,http://wwf.org.pk/eoffice/consultancy/consultupload/511-91047-tor.pdf,Terms of References
Engaging an Audit Firm for the Financial External Audit of Projects (F&M),Send your proposals along with required documents To: fakhan@wwf.org.pk Cc: assadullah@wwf.org.pknot later than 2024-12-23,https://forms.office.com/e/sxNStCNxPM,http://wwf.org.pk/eoffice/consultancy/consultupload/510-93994-TOR-External Audit (2).pdf,Terms of References
Engaging an Audit Firm for the Financial External Audit of Projects (BMZ),Send your proposals along with required documents To: fakhan@wwf.org.pk Cc: assadullah@wwf.org.pknot later than 2024-12-23,https://forms.office.com/e/sxNStCNxPM,http://wwf.org.pk/eoffice/consultancy/consultupload/509-41795-TOR-External Audi (2).pdf,Terms of References
Development of the Annual Report (2024-2025) of the WRAP Project,Send your proposals along with required documents To: fakhan@wwf.org.pk Cc: assadullah@wwf.org.pknot later than 2024-12-23,https://forms.office.com/e/sxNStCNxPM,http://wwf.org.pk/eoffice/consultancy/consultupload/508-55518-TOR-Development of Annual Report (2024-2025)-WRAP (1).pdf,Terms of References
Ecological Assessment of Agrobiodiversity in Cotton Landscape,Send your proposals along with required documents To: fakhan@wwf.org.pk Cc: assadullah@wwf.org.pknot later than 2024-12-23,https://forms.office.com/e/sxNStCNxPM,http://wwf.org.pk/eoffice/consultancy/consultupload/507-74070-RFP-Agrobiodiversity-2024.pdf,Terms of References
Consultant for Filing an Appeal to CIR for Notice U/s 161 of Tax Year 2018,Send your proposals along with required documents To: fakhan@wwf.org.pk Cc: assadullah@wwf.org.pknot later than 2024-12-02,https://forms.office.com/e/sxNStCNxPM,http://wwf.org.pk/eoffice/consultancy/consultupload/506-68961-39-TORs TY-2018.pdf,Terms of References
Consultant for Filing an Appeal to CIR for Notice U/s 161 of Tax Year 2016,Send your proposals along with required documents To: fakhan@wwf.org.pk Cc: assadullah@wwf.org.pknot later than 2024-12-02,https://forms.office.com/e/sxNStCNxPM,http://wwf.org.pk/eoffice/consultancy/consultupload/505-68200-TORs TY-2016.pdf,Terms of References
Capacity building of field staff on alternative methods beyond synthetic fertilizers and 4R Nutrient Management.,Send your proposals along with required documents To: fakhan@wwf.org.pk Cc: assadullah@wwf.org.pknot later than 2024-12-03,https://forms.office.com/e/sxNStCNxPM,http://wwf.org.pk/eoffice/consultancy/consultupload/504-5922-RFP-Capacity building of field staff on alternative methods  beyond synthetic fertilizers and 4R.pdf,Terms of References
Annual Audit OCP-Projects,Send your proposals along with required documents To: fakhan@wwf.org.pk Cc: assadullah@wwf.org.pknot later than 2024-12-16,https://forms.office.com/e/sxNStCNxPM,http://wwf.org.pk/eoffice/consultancy/consultupload/503-36690-TORS-Audit-OCP.pdf,Terms of References
"Engaging an Audit Firm for the Financial External Audit of the Project “Agro-Forestry for Livelihood Improvement, Climate Change Mitigation in selected cotton growing areas of Pakistan Program of IDH",Send your proposals along with required documents To: fakhan@wwf.org.pk Cc: assadullah@wwf.org.pknot later than 2024-11-29,https://forms.office.com/e/sxNStCNxPM,http://wwf.org.pk/eoffice/consultancy/consultupload/502-17847-TOR + RFP-External Audit IDH.pdf,Terms of References
Development of District-Level Climate Adaptation Plan for District Khushab in Punjab,Send your proposals along with required documents To: fakhan@wwf.org.pk Cc: assadullah@wwf.org.pknot later than 2024-11-28,https://forms.office.com/e/sxNStCNxPM,http://wwf.org.pk/eoffice/consultancy/consultupload/501-8359-Development of District Level Climate Adaptation Plan of Khushab Punjab (1).pdf,Terms of References
"Develop Capacity Building Plans and Conduct Training to Strengthen and Knowledge base Capacities Building of Government Personnel in Soon valley District, Khushab",Send your proposals along with required documents To: fakhan@wwf.org.pk Cc: assadullah@wwf.org.pknot later than 2024-12-16,https://forms.office.com/e/sxNStCNxPM,http://wwf.org.pk/eoffice/consultancy/consultupload/500-32119-Capacity Building of Stakeholders on Nature Based Solution Interventions at Khushab Punjab.pdf,Terms of References
"Socio Economic Assessment, Trainings and Community Engagement Plan for Soon Valley, District Khushab in Punjab",Send your proposals along with required documents To: fakhan@wwf.org.pk Cc: assadullah@wwf.org.pknot later than 2024-12-19,https://forms.office.com/e/sxNStCNxPM,"http://wwf.org.pk/eoffice/consultancy/consultupload/499-88912-Socio-Economic Assessment Plan of Soon Valley, Khushab Punjab (1).pdf",Terms of References
"Exploring Taunsa- a place of nurturing wetland wonders, mythical Indus River dolphin and fostering community stewardship,",Send your proposals along with required documents To: fakhan@wwf.org.pk Cc: assadullah@wwf.org.pknot later than 2024-12-02,https://forms.office.com/e/sxNStCNxPM,http://wwf.org.pk/eoffice/consultancy/consultupload/496-68779-TOR Exploring Taunsa-Community Stewardship final.pdf,Terms of References
Graphic Designer Required for Climate Visionaries Programme - South Asia,Send your proposals along with required documents To: fakhan@wwf.org.pk Cc: assadullah@wwf.org.pknot later than 2024-11-22,https://forms.office.com/e/sxNStCNxPM,http://wwf.org.pk/eoffice/consultancy/consultupload/495-91440-GraphicDesignerConsultancy.pdf,Terms of References
Catchment & Stakeholder Mapping using GIS for AWS Standard’s implementation in Cotton Farms Area – District Rahim Yar Khan,Send your proposals along with required documents To: fakhan@wwf.org.pk Cc: assadullah@wwf.org.pknot later than 2024-11-15,https://forms.office.com/e/sxNStCNxPM,http://wwf.org.pk/eoffice/consultancy/consultupload/494-68111-RFP of Catchment & Stakeholder Mapping.pdf,Terms of References
To Train WWF-Pakistan Staff across Pakistan on two Training modules i.e. Core Values and Making Sense of Safeguards,Send your proposals along with required documents To: fakhan@wwf.org.pk Cc: assadullah@wwf.org.pknot later than 2024-11-08,https://forms.office.com/e/sxNStCNxPM,http://wwf.org.pk/eoffice/consultancy/consultupload/493-87836-RFP - Hiring a consultant for implementing Trainings (1).pdf,Terms of References
"Citrus farming training in village sradhna, tehsil khanpur district haripur",Send your proposals along with required documents To: fakhan@wwf.org.pk Cc: assadullah@wwf.org.pknot later than 2024-11-08,https://forms.office.com/e/sxNStCNxPM,http://wwf.org.pk/eoffice/consultancy/consultupload/492-38704-TOR-Citrus Training (1).pdf,Terms of References
Hydrological Study for AWS Standard’s Implementation in Cotton Farms Area – District Rahim Yar Khan,Send your proposals along with required documents To: fakhan@wwf.org.pk Cc: assadullah@wwf.org.pknot later than 2024-11-06,https://forms.office.com/e/sxNStCNxPM,http://wwf.org.pk/eoffice/consultancy/consultupload/491-14536-RFP of Hydrological Study for AWS RYK Project - Reviewed (1).pdf,Terms of References
Solar PV Technology Expert Trainer,Send your proposals along with required documents To: fakhan@wwf.org.pk Cc: assadullah@wwf.org.pknot later than 2024-10-23,https://forms.office.com/e/sxNStCNxPM,http://wwf.org.pk/eoffice/consultancy/consultupload/489-95428-USAID Consultancy TORs (1).pdf,Terms of References
Development of Report: Summary of Infrastructure related outcomes at COP16,Send your proposals along with required documents To: fakhan@wwf.org.pk Cc: assadullah@wwf.org.pknot later than 2024-11-08,https://forms.office.com/e/sxNStCNxPM,http://wwf.org.pk/eoffice/consultancy/consultupload/488-62828-TOR-Technical Writer for Sustainable Infrastructure_PD.pdf,Terms of References
Develop Climate Change Adaptation Plans- Five Districts of GB,Send your proposals along with required documents To: fakhan@wwf.org.pk Cc: assadullah@wwf.org.pknot later than 2024-10-21,https://forms.office.com/e/sxNStCNxPM,http://wwf.org.pk/eoffice/consultancy/consultupload/487-52027-TOR - Climate Change Adaptation Plans GB 02.10.2024 Final.pdf,Terms of References
"Defensive Driving Training with on Road Practical Commentary Assessment Food Safety, Personal Hygiene and Professionalism Training Training – For Emerging Leaders",Send your proposals along with required documents To: fakhan@wwf.org.pk Cc: assadullah@wwf.org.pknot later than 2024-10-11,https://forms.office.com/e/sxNStCNxPM,http://wwf.org.pk/eoffice/consultancy/consultupload/486-50710-TOR- Service Staff Training - A1 - A2.pdf,Terms of References
"Deliver training on the basic first-aid treatment for at least 50 healthcare workers focused on poisonous insect and venomous snake bites during flood season, in selected villages of district Kot Addu, D.G. Khan, and Rajanpur.",Send your proposals along with required documents To: fakhan@wwf.org.pk Cc: assadullah@wwf.org.pknot later than 2024-10-10,https://forms.office.com/e/sxNStCNxPM,http://wwf.org.pk/eoffice/consultancy/consultupload/485-90892-Final Terms of Refrence (ToRs) of Training with Health deptt. (2).pdf,Terms of References
"Monitoring & evaluation of project reports, data collection tools, stakeholders engagement, and methodology and developing a comprehensive monitoring and evaluation (M&E) framework",Send your proposals along with required documents To: fakhan@wwf.org.pk Cc: assadullah@wwf.org.pknot later than 2024-10-07,https://forms.office.com/e/sxNStCNxPM,http://wwf.org.pk/eoffice/consultancy/consultupload/484-83408-ToRs- M&E -Gender IWT Project (1).pdf,Terms of References
Audit of TNC Project,Send your proposals along with required documents To: fakhan@wwf.org.pk Cc: assadullah@wwf.org.pknot later than 2024-08-28,https://forms.office.com/e/sxNStCNxPM,http://wwf.org.pk/eoffice/consultancy/consultupload/483-87808-RFP-TNC Audit.pdf,Terms of References
"Training on post-harvesting, harvesting, processing, and storage of mushrooms",Send your proposals along with required documents To: fakhan@wwf.org.pk Cc: assadullah@wwf.org.pknot later than 2024-09-30,https://forms.office.com/e/sxNStCNxPM,http://wwf.org.pk/eoffice/consultancy/consultupload/482-19213-RFP for training on Mushroom harvesting) (1).pdf,Terms of References
"Hiring of Firm for Deployment, Implementation and Training of Odoo initially for 50x User for WWF-Pakistan",Send your proposals along with required documents To: fakhan@wwf.org.pk Cc: assadullah@wwf.org.pknot later than 2024-09-19,https://forms.office.com/e/sxNStCNxPM,http://wwf.org.pk/eoffice/consultancy/consultupload/481-96394-RFP-consultancy New Website.pdf,Terms of References
"Technical training on Empowering women through vocational skills e.g., dress making, embroidery and handicraft as an alternate income generation opportunity for rural women",Send your proposals along with required documents To: fakhan@wwf.org.pk Cc: assadullah@wwf.org.pknot later than 2024-10-24,https://forms.office.com/e/sxNStCNxPM,http://wwf.org.pk/eoffice/consultancy/consultupload/480-87510-TOR-Skill development (3) (1) (1).pdf,Terms of References
"Baseline study of current floral diversity, ethnobotanical and traditional uses of vulnerable species and community training on their sustainable cultivation, processing, and use in the project districts - WRAP Project",Send your proposals along with required documents To: fakhan@wwf.org.pk Cc: assadullah@wwf.org.pknot later than 2024-10-24,https://forms.office.com/e/sxNStCNxPM,"http://wwf.org.pk/eoffice/consultancy/consultupload/479-28283-TOR-Baseline study of floral diversity, ethanobotanical and traditional use of vulnerable species (1) (1).pdf",Terms of References
Development of District-Level Climate Adaptation Plan for Upper and Lower Chitral in KP and Khushab in Punjab,Send your proposals along with required documents To: fakhan@wwf.org.pk Cc: assadullah@wwf.org.pknot later than 2024-09-30,https://forms.office.com/e/sxNStCNxPM,http://wwf.org.pk/eoffice/consultancy/consultupload/478-23111-Development of district level climate adaptation plan (2).pdf,Terms of References
"Ecological Assessment of Palas Valley, Kohistan in KP to Develop Biodiversity Profile (Terrestrial Ecologist (Small and Large Mammals)",Send your proposals along with required documents To: fakhan@wwf.org.pk Cc: assadullah@wwf.org.pknot later than 2024-09-17,https://forms.office.com/e/sxNStCNxPM,http://wwf.org.pk/eoffice/consultancy/consultupload/477-80149-ToRs_RFP-Mammologist-Palas valley-2024 (1).pdf,Terms of References
Consultancy Services for livelihood upliftment of communities through MLP Upcycling,Send your proposals along with required documents To: fakhan@wwf.org.pk Cc: assadullah@wwf.org.pknot later than 2024-09-12,https://forms.office.com/e/sxNStCNxPM,http://wwf.org.pk/eoffice/consultancy/consultupload/476-25988-MLP Consultancy TORs (2).pdf,Terms of References
Technical training on Better Livestock Management as an alternate income generation opportunity for farmers/rural women,Send your proposals along with required documents To: fakhan@wwf.org.pk Cc: assadullah@wwf.org.pknot later than 2024-09-11,https://forms.office.com/e/sxNStCNxPM,http://wwf.org.pk/eoffice/consultancy/consultupload/475-17172-RFP-Better livestock management (1).pdf,Terms of References
Photography and Video Documentary for Plastic Recovery Bank Project,Send your proposals along with required documents To: fakhan@wwf.org.pk Cc: assadullah@wwf.org.pknot later than 2024-09-11,https://forms.office.com/e/sxNStCNxPM,http://wwf.org.pk/eoffice/consultancy/consultupload/474-64884-TORs for PRB Photography and Documentary.pdf,Terms of References
Developing a Documentary on Apricot Value Chain in Hunza Region of Gilgit Baltistan-Pakistan,Send your proposals along with required documents To: fakhan@wwf.org.pk Cc: assadullah@wwf.org.pknot later than 2024-09-02,https://forms.office.com/e/sxNStCNxPM,http://wwf.org.pk/eoffice/consultancy/consultupload/472-34753-ToRs AVC Documentary New Format.pdf,Terms of References
Baseline Assessment of Agri Value Chains – Punjab & Baluchistan,Send your proposals along with required documents To: fakhan@wwf.org.pk Cc: assadullah@wwf.org.pknot later than 2024-09-05,https://forms.office.com/e/sxNStCNxPM,http://wwf.org.pk/eoffice/consultancy/consultupload/471-99311-RFP_Revised.pdf,Terms of References
Technical Training on Information Relevant to the Achievement of the UNFCCC including Information on Gender and Climate Change in Pakistan under the TNC (Trainer Required),Send your proposals along with required documents To: fakhan@wwf.org.pk Cc: assadullah@wwf.org.pknot later than 2024-09-03,https://forms.office.com/e/sxNStCNxPM,http://wwf.org.pk/eoffice/consultancy/consultupload/470-41501-Technical Training for National Teams on Information Relevant to the Achievement of the UNFCCC including Information on Gender and Climate Chan.pdf,Terms of References
"Capacity building of project staff on recording and reporting of active ingredient, monitoring of pesticide data and alternatives of phase-out pesticides.",Send your proposals along with required documents To: fakhan@wwf.org.pk Cc: assadullah@wwf.org.pknot later than 2024-09-25,https://forms.office.com/e/sxNStCNxPM,http://wwf.org.pk/eoffice/consultancy/consultupload/469-54758-Recording and Reporting AI - Consultancy (RFP).pdf,Terms of References
Translation of the Integrated Pest Management (IPM) Ladder into Urdu and Sindhi languages,Send your proposals along with required documents To: fakhan@wwf.org.pk Cc: assadullah@wwf.org.pknot later than 2024-09-02,https://forms.office.com/e/sxNStCNxPM,http://wwf.org.pk/eoffice/consultancy/consultupload/468-58771-IPM Ladder - Consultancy.pdf,Terms of References
"Evaluation of market including the demand and supply of phase-out pesticides and their alternatives and developing comparison report on price, effectiveness and availability of recommended alternatives in different regions",Send your proposals along with required documents To: fakhan@wwf.org.pk Cc: assadullah@wwf.org.pknot later than 2024-09-03,https://forms.office.com/e/sxNStCNxPM,http://wwf.org.pk/eoffice/consultancy/consultupload/467-23534-HHP and Alternate - Consultancy (RFP).pdf,Terms of References
"Developing training manual for farmers and field staff regarding improving soil health through implementing locally relevant practices, 4R soil management and alternative methods beyond synthetic fertilizers.",Send your proposals along with required documents To: fakhan@wwf.org.pk Cc: assadullah@wwf.org.pknot later than 2024-09-24,https://forms.office.com/e/sxNStCNxPM,http://wwf.org.pk/eoffice/consultancy/consultupload/466-27302-RFP- Developing training manual for farmers and field staff regarding improving soil health (3).pdf,Terms of References
"Engagement of Local Organization to conduct training sessions for women on entrepreneurship, enterprise development, and small-scale business establishment, and analyzing their impact on livelihood improvement in district Lasbela, Balochistan",Send your proposals along with required documents To: fakhan@wwf.org.pk Cc: assadullah@wwf.org.pknot later than 2024-09-02,https://forms.office.com/e/sxNStCNxPM,http://wwf.org.pk/eoffice/consultancy/consultupload/465-9920-2. RFP-TORs-Laudes Foundation Women Activity 30072024 (2) (1).pdf,Terms of References
Develop Capacity Building Plans and Conduct Training to Strengthen and Capacities Building and Knowledge base of Government Personnel -WRAP Project,Send your proposals along with required documents To: fakhan@wwf.org.pk Cc: assadullah@wwf.org.pknot later than 2024-09-09,https://forms.office.com/e/sxNStCNxPM,http://wwf.org.pk/eoffice/consultancy/consultupload/464-88648-Updated TOR-Develop Capacity Building Plans.pdf,Terms of References
Formulate a project exit strategy that ensures the long-term sustainability of the projects activities beyond its completion.,Send your proposals along with required documents To: fakhan@wwf.org.pk Cc: assadullah@wwf.org.pknot later than 2024-10-23,https://forms.office.com/e/sxNStCNxPM,http://wwf.org.pk/eoffice/consultancy/consultupload/463-52659-Updated TOR-Exit and Sustainable Stratgy.pdf,Terms of References
Designing of Living Planet Report – Youth Edition and associated creative assets,Send your proposals along with required documents To: fakhan@wwf.org.pk Cc: assadullah@wwf.org.pknot later than 2024-08-19,https://forms.office.com/e/sxNStCNxPM,http://wwf.org.pk/eoffice/consultancy/consultupload/462-17241-ToRs_Designing of Living Planet Report – Youth Edition and associated creative assets (1).pdf,Terms of References
“Capacity building of field staff on alternative methods beyond synthetic fertilizers.”,Send your proposals along with required documents To: fakhan@wwf.org.pk Cc: assadullah@wwf.org.pknot later than 2024-10-23,https://forms.office.com/e/sxNStCNxPM,http://wwf.org.pk/eoffice/consultancy/consultupload/461-45964-RFP-Capacity building of field staff on alternative methods  beyond synthetic fertilizers (2) (1).pdf,Terms of References
"“Collection of Lessons Learned, Success Stories and Best Practices from Punjab and Sindh.”",Send your proposals along with required documents To: fakhan@wwf.org.pk Cc: assadullah@wwf.org.pknot later than 2024-08-28,https://forms.office.com/e/sxNStCNxPM,http://wwf.org.pk/eoffice/consultancy/consultupload/460-86005-RFP-Consultancy for Collection of Success stories and lesson learnt (3) (1).pdf,Terms of References
"“Developing training manual for farmers and field staff regarding improving soil h*ealth through implementing locally relevant practices, 4R soil management and alternative methods beyond synthetic fertilizers.”",Send your proposals along with required documents To: fakhan@wwf.org.pk Cc: assadullah@wwf.org.pknot later than 2024-09-02,https://forms.office.com/e/sxNStCNxPM,http://wwf.org.pk/eoffice/consultancy/consultupload/459-12261-RFP- Developing training manual for farmers and field staff regarding improving soil health (2) (1).pdf,Terms of References
"""Developing Training Manual on Fundamental Principles and Rights at Work (FPRW) in Cotton Farming in Urdu and Sindhi Languages""",Send your proposals along with required documents To: fakhan@wwf.org.pk Cc: assadullah@wwf.org.pknot later than 2024-09-25,https://forms.office.com/e/sxNStCNxPM,http://wwf.org.pk/eoffice/consultancy/consultupload/458-95304-RFP-Consultancy- developing training manual on FPRW (1) (1).pdf,Terms of References
Capacity building of field staff on application of 4R soil nutrients management in cotton crop,Send your proposals along with required documents To: fakhan@wwf.org.pk Cc: assadullah@wwf.org.pknot later than 2024-10-22,https://forms.office.com/e/sxNStCNxPM,http://wwf.org.pk/eoffice/consultancy/consultupload/456-31850-RFP-Capacity building of field staff on application of 4R  soil nutrients management (2) (1).pdf,Terms of References
Capacity building of field staff on alternative methods beyond synthetic fertilizers,Send your proposals along with required documents To: fakhan@wwf.org.pk Cc: assadullah@wwf.org.pknot later than 2024-10-22,https://forms.office.com/e/sxNStCNxPM,http://wwf.org.pk/eoffice/consultancy/consultupload/455-7416-RFP-Capacity building of field staff on alternative methods  beyond synthetic fertilizers (1) (1).pdf,Terms of References
“Capacity building of field staff on application of 4R soil nutrients management in cotton crop.”,Send your proposals along with required documents To: fakhan@wwf.org.pk Cc: assadullah@wwf.org.pknot later than 2024-10-21,https://forms.office.com/e/sxNStCNxPM,http://wwf.org.pk/eoffice/consultancy/consultupload/453-23153-RFP-Capacity building of field staff on application of 4R  soil nutrients management (1) (1).pdf,Terms of References
Training on Solar Drying Units,Send your proposals along with required documents To: fakhan@wwf.org.pk Cc: assadullah@wwf.org.pknot later than 2024-08-23,https://forms.office.com/e/sxNStCNxPM,http://wwf.org.pk/eoffice/consultancy/consultupload/452-35491-RFP for training on Solar Drying Units (1) (1).pdf,Terms of References
Training on Apricot processing to overcome pre and post-harvest losses,Send your proposals along with required documents To: fakhan@wwf.org.pk Cc: assadullah@wwf.org.pknot later than 2024-08-13,https://forms.office.com/e/sxNStCNxPM,http://wwf.org.pk/eoffice/consultancy/consultupload/451-32815-RFP for training on Apricot processing.pdf,Terms of References
“Ecological Assessment of Significant Wetlands in Gilgit- Baltistan to Develop Environmental Management Plans of the Selected Wetlands” Hydrologist (Hydrology and Carbon Sink Potential Study),Send your proposals along with required documents To: fakhan@wwf.org.pk Cc: assadullah@wwf.org.pknot later than 2024-08-15,https://forms.office.com/e/sxNStCNxPM,http://wwf.org.pk/eoffice/consultancy/consultupload/450-36963-RFP-Hydrologist & carbon Sink-GB-2024.pdf,Terms of References
“Ecological Assessment of Significant Wetlands in Gilgit- Baltistan to Develop Environmental Management Plans of the Selected Wetlands” Aquatic Ecologist (Fish and Invertebrates),Send your proposals along with required documents To: fakhan@wwf.org.pk Cc: assadullah@wwf.org.pknot later than 2024-08-19,https://forms.office.com/e/sxNStCNxPM,http://wwf.org.pk/eoffice/consultancy/consultupload/449-39934-RFP -Aquatic Ecologist-GB-2024.pdf,Terms of References
“Ecological Assessment of Significant Wetlands in Gilgit- Baltistan to Develop Environmental Management Plans of the Selected Wetlands” (Herpetologist),Send your proposals along with required documents To: fakhan@wwf.org.pk Cc: assadullah@wwf.org.pknot later than 2024-08-19,https://forms.office.com/e/sxNStCNxPM,http://wwf.org.pk/eoffice/consultancy/consultupload/448-64108-RFP -Herpetologist-GB-2024.pdf,Terms of References
“Ecological Assessment of Significant Wetlands in Gilgit- Baltistan to Develop Environmental Management Plans of the Selected Wetlands” BOTANIST (TERRESTRIAL FLORA),Send your proposals along with required documents To: fakhan@wwf.org.pk Cc: assadullah@wwf.org.pknot later than 2024-08-19,https://forms.office.com/e/sxNStCNxPM,http://wwf.org.pk/eoffice/consultancy/consultupload/447-85753-RFP-Botanist-GB-2024.pdf,Terms of References
“Ecological Assessment of Significant Wetlands in Gilgit- Baltistan to Develop Environmental Management Plans of the Selected Wetlands” Terrestrial Ecologist (Small and Large Mammals),Send your proposals along with required documents To: fakhan@wwf.org.pk Cc: assadullah@wwf.org.pknot later than 2024-08-19,https://forms.office.com/e/sxNStCNxPM,http://wwf.org.pk/eoffice/consultancy/consultupload/446-50386-RFP-Mammologist-GB-2024.pdf,Terms of References
Training- NEBOSH (IGC) Certification,Send your proposals along with required documents To: fakhan@wwf.org.pk Cc: assadullah@wwf.org.pknot later than 2024-09-09,https://forms.office.com/e/sxNStCNxPM,http://wwf.org.pk/eoffice/consultancy/consultupload/445-28454-HSSE training ToR.pdf,Terms of References
Designing of Print-Ready Report: “Feasibility Assessment to Estimate the Quantity of UBCs and to Identify the Potential for Developing its Efficient Supply Chain Model,Send your proposals along with required documents To: fakhan@wwf.org.pk Cc: assadullah@wwf.org.pknot later than 2024-07-31,https://forms.office.com/e/sxNStCNxPM,http://wwf.org.pk/eoffice/consultancy/consultupload/444-97890-Tetra Pak Report Design TORs.pdf,Terms of References
Engaging an Audit Firm for the Financial External Audit of Project,Send your proposals along with required documents To: fakhan@wwf.org.pk Cc: assadullah@wwf.org.pknot later than 2024-08-05,https://forms.office.com/e/sxNStCNxPM,http://wwf.org.pk/eoffice/consultancy/consultupload/443-92449-TOR-External Audit RPLC.pdf,Terms of References
Recharge Pakistan Photography and Videography Assignment,Send your proposals along with required documents To: fakhan@wwf.org.pk Cc: assadullah@wwf.org.pknot later than 2024-07-29,https://forms.office.com/e/sxNStCNxPM,http://wwf.org.pk/eoffice/consultancy/consultupload/442-25970-TORs RP video (1).pdf,Terms of References
"Technical training on Free range chicken farming and feed additives processing, as an alternate income generation opportunity for farmers/working women",Send your proposals along with required documents To: fakhan@wwf.org.pk Cc: assadullah@wwf.org.pknot later than 2024-08-02,https://forms.office.com/e/sxNStCNxPM,http://wwf.org.pk/eoffice/consultancy/consultupload/441-83850-TOR- Poultry rearing (1) (1).pdf,Terms of References
"Conducting training of Local Communities on Value chain development for the Selected NTFPs through skill development, Market access, Linkages, and exploring financing through public-private partnerships for sustainability.",Send your proposals along with required documents To: fakhan@wwf.org.pk Cc: assadullah@wwf.org.pknot later than 2024-08-01,https://forms.office.com/e/sxNStCNxPM,http://wwf.org.pk/eoffice/consultancy/consultupload/440-81194-TOR-NTFP Trianing_V1.1 (2).pdf,Terms of References
"Training on Sustainable Financial Management, Market Linkage Development, and Micro Finances for Social Enterprise Development for Non-Financial Staff",Send your proposals along with required documents To: fakhan@wwf.org.pk Cc: assadullah@wwf.org.pknot later than 2024-07-30,https://forms.office.com/e/sxNStCNxPM,http://wwf.org.pk/eoffice/consultancy/consultupload/439-88766-TORs-Training on sustainable financial managment_V1.1 (1).pdf,Terms of References
"Baseline Assessment of Indigenous Grasses, shrubs, and sedges for Ecosystem Restoration Planning-WRAP Project",Send your proposals along with required documents To: fakhan@wwf.org.pk Cc: assadullah@wwf.org.pknot later than 2024-07-29,https://forms.office.com/e/sxNStCNxPM,"http://wwf.org.pk/eoffice/consultancy/consultupload/438-60936-TOR-Baseline Assessment of Indigenous Grasses, shrubs, and sedges for Ecosystem Restoration Planning-WRAP Project.pdf",Terms of References
"Firm/individual for tasks to design, facilitate and conduct four awareness-raising events utilizing a theater group to engage local communities and sensitizing them to the significance of mangroves and other natural resources",Send your proposals along with required documents To: fakhan@wwf.org.pk Cc: assadullah@wwf.org.pknot later than 2024-08-21,https://forms.office.com/e/sxNStCNxPM,http://wwf.org.pk/eoffice/consultancy/consultupload/437-34926-RFP_BMZ_Awareness Events with communities.pdf,Terms of References
Training for Leadership Excellence,Send your proposals along with required documents To: fakhan@wwf.org.pk Cc: assadullah@wwf.org.pknot later than 2024-07-12,https://forms.office.com/e/sxNStCNxPM,http://wwf.org.pk/eoffice/consultancy/consultupload/436-36683-TOR-Leadership Excellence.pdf,Terms of References
"HSSE (Health, Safety, Security & Environment) training for WRAP staff",Send your proposals along with required documents To: fakhan@wwf.org.pk Cc: assadullah@wwf.org.pknot later than 2024-07-12,https://forms.office.com/e/sxNStCNxPM,http://wwf.org.pk/eoffice/consultancy/consultupload/435-20262-HSSE training TORs.pdf,Terms of References
Baseline Assessment of Agri Value Chains – Punjab & Baluchistan,Send your proposals along with required documents To: fakhan@wwf.org.pk Cc: assadullah@wwf.org.pknot later than 2024-07-23,https://forms.office.com/e/sxNStCNxPM,http://wwf.org.pk/eoffice/consultancy/consultupload/434-88459-RFP_Revised.pdf,Terms of References
Developing of value for money (VFM) software and software manual for WRAP project,Send your proposals along with required documents To: fakhan@wwf.org.pk Cc: assadullah@wwf.org.pknot later than 2024-07-12,https://forms.office.com/e/sxNStCNxPM,http://wwf.org.pk/eoffice/consultancy/consultupload/433-90950-Final TOR VFM Softwear 4.6.2024.pdf,Terms of References
Capacity building of CBOs in establishing linkages with donors and potential partners for improved collaboration and coordination”,Send your proposals along with required documents To: fakhan@wwf.org.pk Cc: assadullah@wwf.org.pknot later than 2024-07-11,https://forms.office.com/e/sxNStCNxPM,http://wwf.org.pk/eoffice/consultancy/consultupload/432-65585-RFP_BMZ_TrainingLinkage development_ 2024-Khi_Final (2) (1).pdf,Terms of References
Technical training on Sustainable Livestock Management as an alternate income generation opportunity for farmers/rural women,Send your proposals along with required documents To: fakhan@wwf.org.pk Cc: assadullah@wwf.org.pknot later than 2024-07-10,https://forms.office.com/e/sxNStCNxPM,http://wwf.org.pk/eoffice/consultancy/consultupload/431-59277-Livestock management TOR(2) (2).pdf,Terms of References
Accredited Training on ISO 14001:2015 – Environmental Management Systems Lead Auditor (CQI and IRCA Certified),Send your proposals along with required documents To: fakhan@wwf.org.pk Cc: assadullah@wwf.org.pknot later than 2024-07-12,https://forms.office.com/e/sxNStCNxPM,http://wwf.org.pk/eoffice/consultancy/consultupload/430-11848-RFP_CQI and IRCA Certified ISO 14001-2015 Lead AuditorTraining (1).pdf,Terms of References
Designing the Sustainable Infrastructure Initiatives ‘Winter Road Ecology Report,Send your proposals along with required documents To: fakhan@wwf.org.pk Cc: assadullah@wwf.org.pknot later than 2024-07-24,https://forms.office.com/e/sxNStCNxPM,http://wwf.org.pk/eoffice/consultancy/consultupload/429-74041-ToRs_Desigining Winter Road Ecology Report.pdf,Terms of References
Exposure Visit “Best Practices in the Textile Sector of Germany”,Send your proposals along with required documents To: fakhan@wwf.org.pk Cc: assadullah@wwf.org.pknot later than 2024-07-03,https://forms.office.com/e/sxNStCNxPM,http://wwf.org.pk/eoffice/consultancy/consultupload/428-83935-2.TOR-TU Dresden.pdf,Terms of References
"Impact Assessment Study of Organic Cotton Production in Balochistan: Evaluating Environmental Benefits (GHG Emissions Reduction, Soil Health, Biodiversity, and Crop Water Productivity) and Social Impacts (Livelihood and Community Health)",Send your proposals along with required documents To: fakhan@wwf.org.pk Cc: assadullah@wwf.org.pknot later than 2024-07-01,https://forms.office.com/e/sxNStCNxPM,http://wwf.org.pk/eoffice/consultancy/consultupload/427-87694-TORs-Organic cotton production impact assessment consultancy.pdf,Terms of References
People Management Tool Kit,Send your proposals along with required documents To: fakhan@wwf.org.pk Cc: assadullah@wwf.org.pknot later than 2024-06-10,https://forms.office.com/e/sxNStCNxPM,http://wwf.org.pk/eoffice/consultancy/consultupload/426-78307-TOR - People Management Tool Kit.pdf,Terms of References
"Training of Farmers of District Mansehra, Haripur, Kohistan and Abbottabad on Better Management Practices in Agriculture",Send your proposals along with required documents To: fakhan@wwf.org.pk Cc: assadullah@wwf.org.pknot later than 2024-06-12,https://forms.office.com/e/sxNStCNxPM,http://wwf.org.pk/eoffice/consultancy/consultupload/425-94598-TOR-Trianing on BMPs (1).pdf,Terms of References
Training of Financial Institutions on Structuring Green Financing Instruments for Textile and Leather Sector,Send your proposals along with required documents To: fakhan@wwf.org.pk Cc: assadullah@wwf.org.pknot later than 2024-06-12,https://forms.office.com/e/sxNStCNxPM,http://wwf.org.pk/eoffice/consultancy/consultupload/424-35838-Structuring of Green Financing Instruments_Updated.pdf,Terms of References
Hiring of Firm for Leadership Training,Send your proposals along with required documents To: fakhan@wwf.org.pk Cc: assadullah@wwf.org.pknot later than 2024-05-24,https://forms.office.com/e/sxNStCNxPM,http://wwf.org.pk/eoffice/consultancy/consultupload/423-95868-TOR-Leadership Training For Emerging Leaders.pdf,Terms of References
Hydrogeological Study for AWS Standard Implementation in Landhi and Korangi Industrial Area of Karachi.,Send your proposals along with required documents To: fakhan@wwf.org.pk Cc: assadullah@wwf.org.pknot later than 2024-05-06,https://forms.office.com/e/sxNStCNxPM,http://wwf.org.pk/eoffice/consultancy/consultupload/422-94589-RFP of Hydrogeological Study for AWS Standard Implementation in Landhi and Korangi Industrial Area of Karachi..pdf,Terms of References
Design of Ecotourism Plan and Ecotourism Training Manual,Send your proposals along with required documents To: fakhan@wwf.org.pk Cc: assadullah@wwf.org.pknot later than 2024-04-26,https://forms.office.com/e/sxNStCNxPM,http://wwf.org.pk/eoffice/consultancy/consultupload/421-15495-Design of Ecotourism Plan and Ecotourism Training Manual.pdf,Terms of References
Technical Assessment and Inspection of the Lab of Balochistan Environmental Protection Agency for Improved Environmental Monitoring and Compliance with the Local and International Environmental Regulations / Standards.,Send your proposals along with required documents To: fakhan@wwf.org.pk Cc: assadullah@wwf.org.pknot later than 2024-05-29,https://forms.office.com/e/sxNStCNxPM,http://wwf.org.pk/eoffice/consultancy/consultupload/420-87998-RFP_BEPA LAB ASSESSMENT_02042024.pdf,Terms of References
Hiring of consultancy firm/individual consultant for structural design and cost estimation of underground water storage tanks through rooftop rainwater harvesting at farash town islamabad,Send your proposals along with required documents To: fakhan@wwf.org.pk Cc: assadullah@wwf.org.pknot later than 2024-05-10,https://forms.office.com/e/sxNStCNxPM,http://wwf.org.pk/eoffice/consultancy/consultupload/419-84094-TORs for Structural design_APWASI.pdf,Terms of References
Development of case studies and stories in Disaster risk reduction project,Send your proposals along with required documents To: fakhan@wwf.org.pk Cc: assadullah@wwf.org.pknot later than 2024-04-25,https://forms.office.com/e/sxNStCNxPM,http://wwf.org.pk/eoffice/consultancy/consultupload/418-22411-TORs-DRR stories and case studies new (1).pdf,Terms of References
"Impact assessment of project interventions of climate smart projects across four project regions: Multan, Bahawalpur, Khanewal, and Sukkur",Send your proposals along with required documents To: fakhan@wwf.org.pk Cc: assadullah@wwf.org.pknot later than 2024-04-15,https://forms.office.com/e/sxNStCNxPM,http://wwf.org.pk/eoffice/consultancy/consultupload/417-96515-TORs-Climate smart projects assessment consultancy (1).pdf,Terms of References
Annual Financial Audit of the Project Sustainable mangrove management and community development in the Indus Delta II,Send your proposals along with required documents To: fakhan@wwf.org.pk Cc: assadullah@wwf.org.pknot later than 2024-04-22,https://forms.office.com/e/sxNStCNxPM,http://wwf.org.pk/eoffice/consultancy/consultupload/416-31533-ToRs_Annual Financial Audit BMZII 2023.pdf,Terms of References
Hydrogeological Study for AWS Standard Implementation in Landhi and Korangi Industrial Area of Karachi,Send your proposals along with required documents To: fakhan@wwf.org.pk Cc: assadullah@wwf.org.pknot later than 2024-04-22,https://forms.office.com/e/sxNStCNxPM,http://wwf.org.pk/eoffice/consultancy/consultupload/415-82707-RFP of Hydrogeological Study for AWS Standard Implementation in Landhi and Korangi Industrial Area of Karachi..pdf,Terms of References
Hiring of Consultancy Firm to provide training on Water Sensitive Cities (WSC) index tool,Send your proposals along with required documents To: fakhan@wwf.org.pk Cc: assadullah@wwf.org.pknot later than 2024-03-06,https://forms.office.com/e/sxNStCNxPM,http://wwf.org.pk/eoffice/consultancy/consultupload/414-70173-WSC training ToRs_final.pdf,Terms of References
Advanced Technical Evaluation of Seed Multiplication Plots for Scaling Up Seed Multiplication and Organic Practices in Non-GMO Cotton Variety NIAB-Kiran to Ensure Enhanced Crop Genetic Purity and Obtain Quality Non-GMO Cotton Seed Across two Project Regions: Bahawalpur and Barkhan,Send your proposals along with required documents To: fakhan@wwf.org.pk Cc: assadullah@wwf.org.pknot later than 2024-03-26,https://forms.office.com/e/sxNStCNxPM,http://wwf.org.pk/eoffice/consultancy/consultupload/413-37076-TORs-Final.pdf,Terms of References
Ground Water Quality Assessment and Indexing,Send your proposals along with required documents To: fakhan@wwf.org.pk Cc: assadullah@wwf.org.pknot later than 2024-03-08,https://forms.office.com/e/sxNStCNxPM,http://wwf.org.pk/eoffice/consultancy/consultupload/412-8259-TORs Consultancy GroundWater Quality Assessment and Indexing.pdf,Terms of References
Trainings on “Pre- and Post-Harvest Losses” in Hunza GB,Send your proposals along with required documents To: fakhan@wwf.org.pk Cc: assadullah@wwf.org.pknot later than 2024-03-07,https://forms.office.com/e/sxNStCNxPM,http://wwf.org.pk/eoffice/consultancy/consultupload/411-56949-FINAL TORs_AVC Trainer for Pre and post harvest losses Training_V1.1 (1).pdf,Terms of References
Hiring of Internal Audit Firm,Send your proposals along with required documents To: fakhan@wwf.org.pk Cc: assadullah@wwf.org.pknot later than 2024-03-10,https://forms.office.com/e/sxNStCNxPM,http://wwf.org.pk/eoffice/consultancy/consultupload/410-83979-Final_ToRs for Internal Audit BTASP (sub).pdf,Terms of References
Consultancy Services for Training on Sustainable and Green Building Design for Textile and Leather Industries,Send your proposals along with required documents To: fakhan@wwf.org.pk Cc: assadullah@wwf.org.pknot later than 2024-03-14,https://forms.office.com/e/sxNStCNxPM,http://wwf.org.pk/eoffice/consultancy/consultupload/409-23570-TOR-Training on Sustainable and Green Building Design for Textile and Leather Industries.  .pdf,Terms of References
Designing and Printing of Training Material,Send your proposals along with required documents To: fakhan@wwf.org.pk Cc: assadullah@wwf.org.pknot later than 2024-03-26,https://forms.office.com/e/sxNStCNxPM,http://wwf.org.pk/eoffice/consultancy/consultupload/408-83958-Designing and Printing of Material.pdf,Terms of References
"Consultancy Services for communication Material development along with editorial support, website Maintenance and Content Design for the Project Visibility",Send your proposals along with required documents To: fakhan@wwf.org.pk Cc: assadullah@wwf.org.pknot later than 2024-02-28,https://forms.office.com/e/sxNStCNxPM,http://wwf.org.pk/eoffice/consultancy/consultupload/407-1536-RFP Comms material.pdf,Terms of References
Development of the Technical Annual Report (2023-2024) for the WRAP Project,Send your proposals along with required documents To: fakhan@wwf.org.pk Cc: assadullah@wwf.org.pknot later than 2024-03-01,https://forms.office.com/e/sxNStCNxPM,http://wwf.org.pk/eoffice/consultancy/consultupload/406-92617-TOR-Development of Annual Report (2023-2024)-WRAP.pdf,Terms of References
Consultancy services for Cluster-Based Water Filtration Unit Supervision and Operator Capacity Building.,Send your proposals along with required documents To: fakhan@wwf.org.pk Cc: assadullah@wwf.org.pknot later than 2024-03-15,https://forms.office.com/e/sxNStCNxPM,http://wwf.org.pk/eoffice/consultancy/consultupload/405-39665-RFP for Consultancy services  of Cluster-based Water filtration Unit Final (2).pdf,Terms of References
Consultancy Services for training on “ToT for Water Sanitation & Hygiene (WASH) in communities & Promoting (WASH) practices”,Send your proposals along with required documents To: fakhan@wwf.org.pk Cc: assadullah@wwf.org.pknot later than 2024-02-27,https://forms.office.com/e/sxNStCNxPM,http://wwf.org.pk/eoffice/consultancy/consultupload/404-93921-2.TOR - ToT on WASH.pdf,Terms of References
Consultancy Services for the development of a documentary on water-related impacts of water stewardship initiatives on textile value chain,Send your proposals along with required documents To: fakhan@wwf.org.pk Cc: assadullah@wwf.org.pknot later than 2024-02-26,https://forms.office.com/e/sxNStCNxPM,http://wwf.org.pk/eoffice/consultancy/consultupload/403-97385-TORs for AWS Documentary_ILES (1).pdf,Terms of References
Website Maintenance and Content Design for Project Visibility,Send your proposals along with required documents To: fakhan@wwf.org.pk Cc: assadullah@wwf.org.pknot later than 2024-02-09,https://forms.office.com/e/sxNStCNxPM,http://wwf.org.pk/eoffice/consultancy/consultupload/402-89965-RFP.pdf,Terms of References
Training on the on-farm management of crops & demonstration of techniques to improve water productivity for fruit orchards aimed at promoting agricultural water stewardship,Send your proposals along with required documents To: fakhan@wwf.org.pk Cc: assadullah@wwf.org.pknot later than 2024-02-26,https://forms.office.com/e/sxNStCNxPM,http://wwf.org.pk/eoffice/consultancy/consultupload/401-80713-RFP for training on onfarm management of lcrops and improved water productivity for fruit orchards.pdf,Terms of References
"Comprehensive Environmental Analysis and Remediation for Hub Baluchistan Air, Water, and Solid Waste Management",Send your proposals along with required documents To: fakhan@wwf.org.pk Cc: assadullah@wwf.org.pknot later than 2024-03-06,https://forms.office.com/e/sxNStCNxPM,http://wwf.org.pk/eoffice/consultancy/consultupload/400-37094-1. RFP_ILES_Balochistan_Situation Analysis_2023-2024_Khi (1).pdf,Terms of References
Training of EPD Field Staff on Smart Environmental Management Practices in Textile and Leather Sector of Pakistan,Send your proposals along with required documents To: fakhan@wwf.org.pk Cc: assadullah@wwf.org.pknot later than 2024-03-04,https://forms.office.com/e/sxNStCNxPM,http://wwf.org.pk/eoffice/consultancy/consultupload/399-82475-RFP-EPD Field Staff Training (HY 06-Feb-24).pdf,Terms of References
Production of a Video Documentary on “International Labour and Environmental Standards (ILES) Application in Pakistan’s SMEs (ILES)” Project,Send your proposals along with required documents To: fakhan@wwf.org.pk Cc: assadullah@wwf.org.pknot later than 2024-02-19,https://forms.office.com/e/sxNStCNxPM,http://wwf.org.pk/eoffice/consultancy/consultupload/398-57693-TORs for ILES Documentary_IK.pdf,Terms of References
Integrating gender into addressing poaching and illegal wildlife trade: through validation Workshops and revision of the gender-IWT Action Plan and two Policy Briefs following a consultative process,Send your proposals along with required documents To: fakhan@wwf.org.pk Cc: assadullah@wwf.org.pknot later than 2024-03-06,https://forms.office.com/e/sxNStCNxPM,http://wwf.org.pk/eoffice/consultancy/consultupload/397-35040-ToRs for Validation Workshops_ Gender in IWT.pdf,Terms of References
Consultancy Services for for GRI Sustainability Reporting in 05 Textile and Leather Enterprises Across Pakistan,Send your proposals along with required documents To: fakhan@wwf.org.pk Cc: assadullah@wwf.org.pknot later than 2024-03-28,https://forms.office.com/e/sxNStCNxPM,http://wwf.org.pk/eoffice/consultancy/consultupload/396-36741-2.TOR- GRI Sustainability Reporting in 05 Textile and Leather Enterprises across Pakistan_.pdf,Terms of References
A Comprehensive 2-Day Training on ZDHC CMS Technical Industry Guide,Send your proposals along with required documents To: fakhan@wwf.org.pk Cc: assadullah@wwf.org.pknot later than 2024-02-21,https://forms.office.com/e/sxNStCNxPM,http://wwf.org.pk/eoffice/consultancy/consultupload/395-20822-ZDHC CMS TIG Training - TORs.pdf,Terms of References
Environmental and Energy Audits in Textile and Leather Enterprises based in Punjab and Sindh under WWF-Pakistan’s Project International Labor and Environmental Standards Application in Pakistans SMEs (ILES),Send your proposals along with required documents To: fakhan@wwf.org.pk Cc: assadullah@wwf.org.pknot later than 2024-03-11,https://forms.office.com/e/sxNStCNxPM,http://wwf.org.pk/eoffice/consultancy/consultupload/394-27773-TOR-Environmental and Energy Audits in Textile.pdf,Terms of References
Situational Analysis of Air Quality in Lahore,Send your proposals along with required documents To: fakhan@wwf.org.pk Cc: assadullah@wwf.org.pknot later than 2024-02-06,https://forms.office.com/e/sxNStCNxPM,http://wwf.org.pk/eoffice/consultancy/consultupload/393-1739-2.TOR-Situational Analysis of Air Quality of Lahore.pdf,Terms of References
Engaging an Audit Firm for the Financial External Audit of 09 Projects,Send your proposals along with required documents To: fakhan@wwf.org.pk Cc: assadullah@wwf.org.pknot later than 2024-02-12,https://forms.office.com/e/sxNStCNxPM,http://wwf.org.pk/eoffice/consultancy/consultupload/392-2743-RFP-External Audit.pdf,Terms of References
Study on Carbon Emissions from Fishing Vessels at Ibrahim Hyderi and Rehri,Send your proposals along with required documents To: fakhan@wwf.org.pk Cc: assadullah@wwf.org.pknot later than 2024-02-19,https://forms.office.com/e/sxNStCNxPM,http://wwf.org.pk/eoffice/consultancy/consultupload/391-30864-ToRs_Vessels GHG.pdf,Terms of References
Conduct Training on post-harvest losses and economic losses in the coastal fisheries supply Chain,Send your proposals along with required documents To: fakhan@wwf.org.pk Cc: assadullah@wwf.org.pknot later than 2024-02-28,https://forms.office.com/e/sxNStCNxPM,http://wwf.org.pk/eoffice/consultancy/consultupload/390-18403-RFP_BMZ_TrainingPost harvest losses_ 2024-Khi_Final (1).pdf,Terms of References
"Designing, Research, Development and Installation of educational displays, exhibits etc",Send your proposals along with required documents To: fakhan@wwf.org.pk Cc: assadullah@wwf.org.pknot later than 2024-02-19,https://forms.office.com/e/sxNStCNxPM,http://wwf.org.pk/eoffice/consultancy/consultupload/389-67464-TOR-Cluster-Hunza 15012023 (2).pdf,Terms of References
Consultancy services for Cluster-Based Water Filtration Unit supervision and Operator Capacity Building.,Send your proposals along with required documents To: fakhan@wwf.org.pk Cc: assadullah@wwf.org.pknot later than 2024-02-09,https://forms.office.com/e/sxNStCNxPM,http://wwf.org.pk/eoffice/consultancy/consultupload/388-64230-TOR-Cluster-Hunza 15012023 (2).pdf,Terms of References
Developing Awareness raising material in digital form for the Better Cotton project of Punjab,Send your proposals along with required documents To: fakhan@wwf.org.pk Cc: assadullah@wwf.org.pknot later than 2024-01-29,https://forms.office.com/e/sxNStCNxPM,http://wwf.org.pk/eoffice/consultancy/consultupload/387-51612-RFP-Developing Awareness raisining material in digital form (3) (1).pdf,Terms of References
Hiring of Consultancy Firm for Production of Animations on Water Sensitive Cities (WSC) Interventions in Islamabad & Rawalpindi,Send your proposals along with required documents To: fakhan@wwf.org.pk Cc: assadullah@wwf.org.pknot later than 2024-02-07,https://forms.office.com/e/sxNStCNxPM,http://wwf.org.pk/eoffice/consultancy/consultupload/386-91559-APWASI Animation ToRs (2024).pdf,Terms of References
"Development of Near Term and Net Zero Science Based Targets for Scope 1 and 2 Emissions (1.5- 2.00C Pathway) for 06 Textile Enterprises located in Karachi, Hub, Lahore and Faisalabad",Send your proposals along with required documents To: fakhan@wwf.org.pk Cc: assadullah@wwf.org.pknot later than 2024-01-22,https://forms.office.com/e/sxNStCNxPM,http://wwf.org.pk/eoffice/consultancy/consultupload/385-85295-1 RFP_SBTi_ILES_Khi.pdf,Terms of References
Follow-up Environmental and Energy Audits in Textile and Leather Enterprises under WWF-Pakistan’s Project International Labour and Environmental Standards Application in Pakistans SMEs (ILES),Send your proposals along with required documents To: fakhan@wwf.org.pk Cc: assadullah@wwf.org.pknot later than 2024-01-29,https://forms.office.com/e/sxNStCNxPM,http://wwf.org.pk/eoffice/consultancy/consultupload/384-98689-TOR-Follow-up audits  (1).pdf,Terms of References
To Develop an Ecological Profile of a selected priority area in & around Balloki Barrage,Send your proposals along with required documents To: fakhan@wwf.org.pk Cc: assadullah@wwf.org.pknot later than 2023-12-25,https://forms.office.com/e/sxNStCNxPM,http://wwf.org.pk/eoffice/consultancy/consultupload/383-18961-TORs-TCCF-Baloki Brrage.pdf,Terms of References
Deliver capacity-building training Programme for selected disaster--affected communities along the Indus River following a training need assessment using customized training resources,Send your proposals along with required documents To: fakhan@wwf.org.pk Cc: assadullah@wwf.org.pknot later than 2024-01-19,https://forms.office.com/e/sxNStCNxPM,http://wwf.org.pk/eoffice/consultancy/consultupload/382-27448-ToRs Wash DRR.pdf,Terms of References
Development of the Online Portal for Sindh EPA for the Self-Monitoring and Reporting Tool (SMART) and a survey on the Registered and Unregistered Industries of Karachi.,Send your proposals along with required documents To: fakhan@wwf.org.pk Cc: assadullah@wwf.org.pknot later than 2024-01-24,https://forms.office.com/e/sxNStCNxPM,http://wwf.org.pk/eoffice/consultancy/consultupload/381-44270-1. RFP_ILES_SEPA_Data Digitization 2023-2024_Khi_Final.pdf,Terms of References
Development of Transparency and Traceability Guidelines For Leather Supply chain of Pakistan,Send your proposals along with required documents To: fakhan@wwf.org.pk Cc: assadullah@wwf.org.pknot later than 2024-02-12,https://forms.office.com/e/sxNStCNxPM,http://wwf.org.pk/eoffice/consultancy/consultupload/380-25168-TOR-Transparency and Traceability in Leather Supply Chain of Pakistan.pdf,Terms of References
Capacity Building of Effluent Treatment Plant (ETP) Operators in Textile and Leather Industries,Send your proposals along with required documents To: fakhan@wwf.org.pk Cc: assadullah@wwf.org.pknot later than 2024-01-16,https://forms.office.com/e/sxNStCNxPM,http://wwf.org.pk/eoffice/consultancy/consultupload/379-8049-2.TORs-ETP Operators Capacity Building.pdf,Terms of References
Devising Solution for Solid Waste Management of Gadoon Amazai Industrial Estate,Send your proposals along with required documents To: fakhan@wwf.org.pk Cc: assadullah@wwf.org.pknot later than 2024-01-12,https://forms.office.com/e/sxNStCNxPM,http://wwf.org.pk/eoffice/consultancy/consultupload/378-47036-2.TOR-Format (1).pdf,Terms of References
Development of Environmental Management Plan for Decontamination of Existing Tannery Sites in Sialkot,Send your proposals along with required documents To: fakhan@wwf.org.pk Cc: assadullah@wwf.org.pknot later than 2024-01-16,https://forms.office.com/e/sxNStCNxPM,http://wwf.org.pk/eoffice/consultancy/consultupload/377-79708-Decontamination of Tannery Sites ToRs.pdf,Terms of References
Revamping of Taunsa Conservation and Information Centre,Send your proposals along with required documents To: fakhan@wwf.org.pk Cc: assadullah@wwf.org.pknot later than 2024-01-24,https://forms.office.com/e/sxNStCNxPM,http://wwf.org.pk/eoffice/consultancy/consultupload/376-19030-2.TOR-Taunsa Center Revamping.pdf,Terms of References
"Consultancy Services for training on “REACH- EU Regulation for Registration, Evaluation, Authorization, and Restriction of Chemicals”",Send your proposals along with required documents To: fakhan@wwf.org.pk Cc: assadullah@wwf.org.pknot later than 2024-01-29,https://forms.office.com/e/sxNStCNxPM,http://wwf.org.pk/eoffice/consultancy/consultupload/375-17800-2.TOR- REACH.pdf,Terms of References
Assessment for the Installation of Water Recycling Plants and Third- Party Validation of Recycling Potential of Already Installed Water Recycling Plants in the Textile Industries of Karachi,Send your proposals along with required documents To: fakhan@wwf.org.pk Cc: assadullah@wwf.org.pknot later than 2024-02-02,https://forms.office.com/e/sxNStCNxPM,http://wwf.org.pk/eoffice/consultancy/consultupload/374-58220-1. RFP_ILES_Water Recycling_2023-2024.pdf,Terms of References
Study on Groundwater Recharge in District Haripurand Mansehra,Send your proposals along with required documents To: fakhan@wwf.org.pk Cc: assadullah@wwf.org.pknot later than 2024-01-08,https://forms.office.com/e/sxNStCNxPM,http://wwf.org.pk/eoffice/consultancy/consultupload/373-63702-TOR-Study on Recharge wells.pdf,Terms of References
Conduct a review of biodiversity protection and related policies /legislation to determine factors limiting gender mainstreaming in nature protection in Pakistan,Send your proposals along with required documents To: fakhan@wwf.org.pk Cc: assadullah@wwf.org.pknot later than 2024-01-08,https://forms.office.com/e/sxNStCNxPM,http://wwf.org.pk/eoffice/consultancy/consultupload/371-91481-Ranger Gender Gap Assessment _ToRs_Final.pdf,Terms of References
Design of ESSF Instruction Manual,Send your proposals along with required documents To: fakhan@wwf.org.pk Cc: assadullah@wwf.org.pknot later than 2023-12-26,https://forms.office.com/e/sxNStCNxPM,http://wwf.org.pk/eoffice/consultancy/consultupload/370-97892-RFP-consultancy_service_wwf_22-5-23_ESSF design (1).pdf,Terms of References
Collection of Success Stories and Lesson Learnt from Better Cotton Projects in Punjab and Sindh in Presentable Digital form,Send your proposals along with required documents To: fakhan@wwf.org.pk Cc: assadullah@wwf.org.pknot later than 2023-12-08,https://forms.office.com/e/sxNStCNxPM,http://wwf.org.pk/eoffice/consultancy/consultupload/369-2612-RFP-Consultancy for Collection of Success stories and lesson learnt (1).pdf,Terms of References
Training on fish farming and fish farm management,Send your proposals along with required documents To: fakhan@wwf.org.pk Cc: assadullah@wwf.org.pknot later than 2024-01-09,https://forms.office.com/e/sxNStCNxPM,http://wwf.org.pk/eoffice/consultancy/consultupload/367-40573-RFP for training on fish farming.pdf,Terms of References
Training on Honey bee keeping and processing,Send your proposals along with required documents To: fakhan@wwf.org.pk Cc: assadullah@wwf.org.pknot later than 2023-12-11,https://forms.office.com/e/sxNStCNxPM,http://wwf.org.pk/eoffice/consultancy/consultupload/366-68616-RFP for training on honey bee keeping and processing.pdf,Terms of References
Training on of-seasonal tunnel farming in the selected valleys of Gilgit-Baltistan,Send your proposals along with required documents To: fakhan@wwf.org.pk Cc: assadullah@wwf.org.pknot later than 2024-01-08,https://forms.office.com/e/sxNStCNxPM,http://wwf.org.pk/eoffice/consultancy/consultupload/365-52289-RFP for training in off seasonal tunnel farming.pdf,Terms of References
“Developing training material for the hazards of highly hazardous pesticides and capacity building of project staff on Integrated Pest Management (IPM) practices and alternate pest control methods.”,Send your proposals along with required documents To: fakhan@wwf.org.pk Cc: assadullah@wwf.org.pknot later than 2023-11-30,https://forms.office.com/e/sxNStCNxPM,"http://wwf.org.pk/eoffice/consultancy/consultupload/364-17544-RFP- Consultancy for HHPs, alternatives and IPM-Better Cotton Punjab Project.pdf",Terms of References
External Midterm Evaluation of “Water Resource Accountability in Pakistan (WRAP)”,Send your proposals along with required documents To: fakhan@wwf.org.pk Cc: assadullah@wwf.org.pknot later than 2023-12-01,https://forms.office.com/e/sxNStCNxPM,http://wwf.org.pk/eoffice/consultancy/consultupload/363-77870-TORs-External MTE of WRAP.pdf,Terms of References
Conduct a community-based Climate Vulnerability Risk Assessment (CVRA) in selected villages along the Indus River in Punjab,Send your proposals along with required documents To: fakhan@wwf.org.pk Cc: assadullah@wwf.org.pknot later than 2023-12-04,https://forms.office.com/e/sxNStCNxPM,http://wwf.org.pk/eoffice/consultancy/consultupload/362-78114-VRA-DRR Project - ToRs.pdf,Terms of References
IT Consultancy and Software development services for the development of WWF Pakistan’s Digital Sustainability Reporting Software and Dashboard,Send your proposals along with required documents To: fakhan@wwf.org.pk Cc: assadullah@wwf.org.pknot later than 2023-11-15,https://forms.office.com/e/sxNStCNxPM,http://wwf.org.pk/eoffice/consultancy/consultupload/361-97066-TORs-SDGs & MEAs Dashboard.pdf,Terms of References
Trainer for “Hygiene Promotion Training” in GB,Send your proposals along with required documents To: fakhan@wwf.org.pk Cc: assadullah@wwf.org.pknot later than 2023-11-10,https://forms.office.com/e/sxNStCNxPM,http://wwf.org.pk/eoffice/consultancy/consultupload/360-33269-RFP-Trainer for Hygiene Promotion Training (2).pdf,Terms of References
Hiring of capable individual/Firm with a sound understanding of the cetaceans in the Northern Arabian Sea in Pakistan to develop a draft National Plan of Action for conservation of marine cetaceans in Pakistan and associated threats to fisheries bycatch,Send your proposals along with required documents To: fakhan@wwf.org.pk Cc: assadullah@wwf.org.pknot later than 2023-11-20,https://forms.office.com/e/sxNStCNxPM,http://wwf.org.pk/eoffice/consultancy/consultupload/359-7887-RFP- Local consultancy NPOA cetacean.pdf,Terms of References
Farmers’ Perspective of Agro-Forestry and Contributions of the Upscaling Green Pakistan Programme,Send your proposals along with required documents To: fakhan@wwf.org.pk Cc: assadullah@wwf.org.pknot later than 2023-10-31,https://forms.office.com/e/sxNStCNxPM,http://wwf.org.pk/eoffice/consultancy/consultupload/358-92579-RFP-consultancy New Website-Farmers.pdf,Terms of References
Community Mobilization and their Roles and Responsibilities for implementation of the Green Pakistan Programme,Send your proposals along with required documents To: fakhan@wwf.org.pk Cc: assadullah@wwf.org.pknot later than 2023-10-31,https://forms.office.com/e/sxNStCNxPM,http://wwf.org.pk/eoffice/consultancy/consultupload/357-10739-RFP-consultancy New Website- Community.pdf,Terms of References
Conduct Training of Trainers for Health and Hygiene in Abbottabad,Send your proposals along with required documents To: fakhan@wwf.org.pk Cc: assadullah@wwf.org.pknot later than 2023-10-24,https://forms.office.com/e/sxNStCNxPM,http://wwf.org.pk/eoffice/consultancy/consultupload/356-43292-Consultancy ToRs of Hygiene sessions.pdf,Terms of References
Hiring Services of Individual with a sound understanding of operations of fishing vessels and industry for the conversion of 10 gillnet fishing boats into fully operational longline fishing boats,Send your proposals along with required documents To: fakhan@wwf.org.pk Cc: assadullah@wwf.org.pknot later than 2023-11-21,https://forms.office.com/e/sxNStCNxPM,http://wwf.org.pk/eoffice/consultancy/consultupload/355-28477-RFP-consultancy New LLG Consultant.pdf,Terms of References
Study on “Indus River Report Card Facilitation and Consultation,Send your proposals along with required documents To: fakhan@wwf.org.pk Cc: assadullah@wwf.org.pknot later than 2023-10-27,https://forms.office.com/e/sxNStCNxPM,http://wwf.org.pk/eoffice/consultancy/consultupload/354-22658-RFP-consultancy RiverHealth Report (ToRs) Revised.pdf,Terms of References
A comprehensive water quality report in Government and Private schools in low income neighborhood of Lahore,Send your proposals along with required documents To: fakhan@wwf.org.pk Cc: assadullah@wwf.org.pknot later than 2023-10-23,https://forms.office.com/e/sxNStCNxPM,http://wwf.org.pk/eoffice/consultancy/consultupload/353-78521-WWF Consultancy_Water Quality.pdf,Terms of References
Designing Hydrological Modelling for Water Resilience and Adaptation,Send your proposals along with required documents To: fakhan@wwf.org.pk Cc: assadullah@wwf.org.pknot later than 2023-10-09,https://forms.office.com/e/sxNStCNxPM,http://wwf.org.pk/eoffice/consultancy/consultupload/350-87329-RFP-consultancy Updated Coca Cola.pdf,Terms of References
Conduct First aid training for the WRAP project staff in Abbottabad and Gilgit-Baltistan,Send your proposals along with required documents To: fakhan@wwf.org.pk Cc: assadullah@wwf.org.pknot later than 2023-11-16,https://forms.office.com/e/sxNStCNxPM,http://wwf.org.pk/eoffice/consultancy/consultupload/349-23449-RFP-consultancy TORs.pdf,Terms of References
Assessments of socioeconomic conditions and gender-specific engagement in wildlife crimes,Send your proposals along with required documents To: fakhan@wwf.org.pk Cc: assadullah@wwf.org.pknot later than 2023-10-16,https://forms.office.com/e/sxNStCNxPM,http://wwf.org.pk/eoffice/consultancy/consultupload/348-20289-Gender IWT_ ToRs-Final.pdf,Terms of References
Short documentary on rangers as “Planetary Healthcare Workers” and their role in disaster risk reduction and management,Send your proposals along with required documents To: fakhan@wwf.org.pk Cc: assadullah@wwf.org.pknot later than 2023-11-27,https://forms.office.com/e/sxNStCNxPM,http://wwf.org.pk/eoffice/consultancy/consultupload/347-11550-Draft TORs for Rangers short Documentary.pdf,Terms of References
"Hiring of consultancy Firm to measure the performance of installed interventions at farash town, Islamabad and james town, Rawalpindi in terms of volume of water captured and used",Send your proposals along with required documents To: fakhan@wwf.org.pk Cc: assadullah@wwf.org.pknot later than 2023-10-12,https://forms.office.com/e/sxNStCNxPM,http://wwf.org.pk/eoffice/consultancy/consultupload/346-63307-Performance anlaysis.pdf,Terms of References
"Hiring of consultancy firm for development of training/user manuals of installed interventions at farash town, Islamabad and james town, Rawalpindi",Send your proposals along with required documents To: fakhan@wwf.org.pk Cc: assadullah@wwf.org.pknot later than 2023-10-12,https://forms.office.com/e/sxNStCNxPM,http://wwf.org.pk/eoffice/consultancy/consultupload/345-6847-TORs for preparation of Training Manuals.pdf,Terms of References
Development and Designing of Education Toolkits about Indus River Dolphin and Riverine Biodiversity,Send your proposals along with required documents To: fakhan@wwf.org.pk Cc: assadullah@wwf.org.pknot later than 2023-10-06,https://forms.office.com/e/sxNStCNxPM,http://wwf.org.pk/eoffice/consultancy/consultupload/344-47082-TOR-Dolphin Toolkit_Final14Sep.pdf,Terms of References
Socio-economic and environmental impact report of the project titled “International Labour and Environmental Standards Application in Pakistans SMEs (ILES)”,Send your proposals along with required documents To: fakhan@wwf.org.pk Cc: assadullah@wwf.org.pknot later than 2023-10-20,https://forms.office.com/e/sxNStCNxPM,http://wwf.org.pk/eoffice/consultancy/consultupload/343-17368-RFP-consultancy for SEE Impact Report of ILES.pdf,Terms of References
Hiring of Content Development (Writing) Consultant for Spellathon Storybooks,Send your proposals along with required documents To: fakhan@wwf.org.pk Cc: assadullah@wwf.org.pknot later than 2023-10-02,https://forms.office.com/e/sxNStCNxPM,http://wwf.org.pk/eoffice/consultancy/consultupload/342-78042-Content Development Spellathon.pdf,Terms of References
Hiring of Content Development (Illustrator) Consultant for Spellathon Storybooks,Send your proposals along with required documents To: fakhan@wwf.org.pk Cc: assadullah@wwf.org.pknot later than 2023-09-20,https://forms.office.com/e/sxNStCNxPM,http://wwf.org.pk/eoffice/consultancy/consultupload/341-90749-Content Development Designer Spellathon.pdf,Terms of References
"Technical training on Empowering women through vocational skills e.g., dress making, embroidery and handicraft as an alternate income generation opportunity for rural women",Send your proposals along with required documents To: fakhan@wwf.org.pk Cc: assadullah@wwf.org.pknot later than 2023-09-11,https://forms.office.com/e/sxNStCNxPM,http://wwf.org.pk/eoffice/consultancy/consultupload/340-58917-TOR-Skill development.pdf,Terms of References
Develop Climate Change Adaptation Plans- Five Districts of GB,Send your proposals along with required documents To: fakhan@wwf.org.pk Cc: assadullah@wwf.org.pknot later than 2023-09-11,https://forms.office.com/e/sxNStCNxPM,http://wwf.org.pk/eoffice/consultancy/consultupload/339-40755-TOR - Climate Change Adaptation Plans GB.pdf,Terms of References
To develop policy briefs with recommendations on rangers as “Planetary Healthcare Workers” and their role in Disaster Risk Reduction and Management.,Send your proposals along with required documents To: fakhan@wwf.org.pk Cc: assadullah@wwf.org.pknot later than 2023-09-18,https://forms.office.com/e/sxNStCNxPM,http://wwf.org.pk/eoffice/consultancy/consultupload/338-48609-TORs web.pdf,Terms of References
Develop a case study on the successes and lesion associated with the adoption of Spatial Monitoring and Reporting Tool (SMART) as tool of improved wildlife monitoring and protected areas management and policy recommendation for its provincial and national scale adoption.,Send your proposals along with required documents To: fakhan@wwf.org.pk Cc: assadullah@wwf.org.pknot later than 2023-09-21,https://forms.office.com/e/sxNStCNxPM,http://wwf.org.pk/eoffice/consultancy/consultupload/337-62985-SMART Case Study _ToRs_revised MW.pdf,Terms of References
Developing a Short Documentary Film Highlighting the Impact of the AI-based Camera Traps Installed in the Khyber village of District Hunza”.,Send your proposals along with required documents To: fakhan@wwf.org.pk Cc: assadullah@wwf.org.pknot later than 2023-09-04,https://forms.office.com/e/sxNStCNxPM,http://wwf.org.pk/eoffice/consultancy/consultupload/336-11736-RFP-Short Documentery-consultancy .pdf,Terms of References
Developing and Drafting the Success Stories of the AI-based Camera Traps Installed in the Khyber Village of District Hunza,Send your proposals along with required documents To: fakhan@wwf.org.pk Cc: assadullah@wwf.org.pknot later than 2023-09-04,https://forms.office.com/e/sxNStCNxPM,http://wwf.org.pk/eoffice/consultancy/consultupload/335-43434-RFP-Gender Story-consultancy.pdf,Terms of References
Developing and drafting the success stories of women in conservation at Khyber village of district Hunza with special emphasis on AI camera traps installed in the village.”,Send your proposals along with required documents To: fakhan@wwf.org.pk Cc: assadullah@wwf.org.pknot later than 2023-09-04,https://forms.office.com/e/sxNStCNxPM,http://wwf.org.pk/eoffice/consultancy/consultupload/334-2141-RFP-Gender Story-consultancy New Website (1) (1) (1).pdf,Terms of References
On-line Workshop on Global Circular Economy Regulatory Framework,Send your proposals along with required documents To: fakhan@wwf.org.pk Cc: assadullah@wwf.org.pknot later than 2023-08-25,https://forms.office.com/e/sxNStCNxPM,http://wwf.org.pk/eoffice/consultancy/consultupload/333-4596-RFP-consultancy for training on EU standards.pdf,Terms of References
Registration of Patent with the Intellectual Property Organization,Send your proposals along with required documents To: fakhan@wwf.org.pk Cc: assadullah@wwf.org.pknot later than 2023-09-07,https://forms.office.com/e/sxNStCNxPM,http://wwf.org.pk/eoffice/consultancy/consultupload/332-72763-RFP-consultancy New Website.pdf,Terms of References
Terrestrial Ecologist (Small and Large Mammals) “Ecological Assessment of Significant Wetlands in Gilgit-Baltistan to Develop Ramsar Information Sheets”,Send your proposals along with required documents To: fakhan@wwf.org.pk Cc: assadullah@wwf.org.pknot later than 2023-08-18,https://forms.office.com/e/sxNStCNxPM,http://wwf.org.pk/eoffice/consultancy/consultupload/331-5782-RFP-Mammologist.pdf,Terms of References
Hydrologist “Ecological Assessment of Significant Wetlands in Gilgit-Baltistan to Develop Ramsar Information Sheets”,Send your proposals along with required documents To: fakhan@wwf.org.pk Cc: assadullah@wwf.org.pknot later than 2023-08-18,https://forms.office.com/e/sxNStCNxPM,http://wwf.org.pk/eoffice/consultancy/consultupload/330-92908-RFP-Hydrologist.pdf,Terms of References
Herpetologist “Ecological Assessment of Significant Wetlands in Gilgit-Baltistan to Develop Ramsar Information Sheets”,Send your proposals along with required documents To: fakhan@wwf.org.pk Cc: assadullah@wwf.org.pknot later than 2023-08-18,https://forms.office.com/e/sxNStCNxPM,http://wwf.org.pk/eoffice/consultancy/consultupload/329-34283-RFP -Herpetologist.pdf,Terms of References
Botanist (Terrestrial Flora) Ecological Assessment of Significant Wetlands in Gilgit-Baltistan to Develop Ramsar Information Sheets”,Send your proposals along with required documents To: fakhan@wwf.org.pk Cc: assadullah@wwf.org.pknot later than 2023-08-18,https://forms.office.com/e/sxNStCNxPM,http://wwf.org.pk/eoffice/consultancy/consultupload/328-27223-RFP-Botanist.pdf,Terms of References
"""Aquatic Ecologist"" Ecological Assessment of Significant Wetlands in Gilgit-Baltistan to Develop Ramsar Information Sheets",Send your proposals along with required documents To: fakhan@wwf.org.pk Cc: assadullah@wwf.org.pknot later than 2023-08-18,https://forms.office.com/e/sxNStCNxPM,http://wwf.org.pk/eoffice/consultancy/consultupload/327-26549-RFP -Aquatic Ecologist.pdf,Terms of References
Organizing a game jam in Pakistan showcasing the stories of Women from the Indus Delta,Send your proposals along with required documents To: fakhan@wwf.org.pk Cc: assadullah@wwf.org.pknot later than 2023-09-08,https://forms.office.com/e/sxNStCNxPM,http://wwf.org.pk/eoffice/consultancy/consultupload/326-69509-RFP-consultancy New Website.pdf,Terms of References
"Developing a Documentary on Sustainable Sugarcane Production in Jhang, Punjab, Pakistan, to Showcase the Sugarcane Value Chain”",Send your proposals along with required documents To: fakhan@wwf.org.pk Cc: assadullah@wwf.org.pknot later than 2023-08-15,https://forms.office.com/e/sxNStCNxPM,http://wwf.org.pk/eoffice/consultancy/consultupload/325-58186-RFP-consultancy New Website.pdf,Terms of References
"Consultancy Services for training “Environmental, Social & Governance (ESG) & Global Reporting Initiative (GRI) Sustainability Reporting",Send your proposals along with required documents To: fakhan@wwf.org.pk Cc: assadullah@wwf.org.pknot later than 2023-08-15,https://forms.office.com/e/sxNStCNxPM,http://wwf.org.pk/eoffice/consultancy/consultupload/324-20710-RFP-consultancy New Website (1) (1) (1).pdf,Terms of References
Translation of SMART 7 Manual,Send your proposals along with required documents To: fakhan@wwf.org.pk Cc: assadullah@wwf.org.pknot later than 2023-08-11,https://forms.office.com/e/sxNStCNxPM,http://wwf.org.pk/eoffice/consultancy/consultupload/323-79706-RFP-consultancy New Website (1) (1) (1).pdf,Terms of References
“Technical training on Sustainable Livestock Management as an Alternate Income Generation Opportunity for Farmers/Rural Women,Send your proposals along with required documents To: fakhan@wwf.org.pk Cc: assadullah@wwf.org.pknot later than 2023-08-15,https://forms.office.com/e/sxNStCNxPM,http://wwf.org.pk/eoffice/consultancy/consultupload/322-60648-RFP-consultancy New Website.pdf,Terms of References
Develop video/ documentary of Captain Dabloo to create awareness about recycling and waste segregation,Send your proposals along with required documents To: fakhan@wwf.org.pk Cc: assadullah@wwf.org.pknot later than 2023-08-11,https://forms.office.com/e/sxNStCNxPM,http://wwf.org.pk/eoffice/consultancy/consultupload/321-28631-RFP-consultancy_service_wwf_Captain W (1).pdf,Terms of References
Development of a Virtual Training Module for Smart Environmental Management Practices for Leather and Textile Sector (20 Credit Hours),Send your proposals along with required documents To: fakhan@wwf.org.pk Cc: assadullah@wwf.org.pknot later than 2023-08-18,https://forms.office.com/e/sxNStCNxPM,http://wwf.org.pk/eoffice/consultancy/consultupload/320-83953-RFP-Online Course on SEMPs v0.1.pdf,Terms of References
Terms of Reference for Resource Efficiency Gap Assessment of Recycling Process of Fabric Waste and Conversion into Recycled Yarn,Send your proposals along with required documents To: fakhan@wwf.org.pk Cc: assadullah@wwf.org.pknot later than 2023-08-15,https://forms.office.com/e/sxNStCNxPM,http://wwf.org.pk/eoffice/consultancy/consultupload/319-60221-RFP for Gap Assessment of Recycling Industry v0.1.pdf,Terms of References
"Technical inspection of seed multiplication plots of Non-GMO cotton seed (NIAB-Kiran) to ensure crop genetic purity and get quality Non-GMO cotton seed under three project regions: Bahawalpur, Barkhan, and Kohlu",Send your proposals along with required documents To: fakhan@wwf.org.pk Cc: assadullah@wwf.org.pknot later than 2023-08-16,https://forms.office.com/e/sxNStCNxPM,http://wwf.org.pk/eoffice/consultancy/consultupload/318-56547-RFP-consultancy New Website (1) (1) (1).pdf,Terms of References
"Training of Local Communities on Value Chains Development for Selected NTFPs, Market Access, and Linkages Development",Send your proposals along with required documents To: fakhan@wwf.org.pk Cc: assadullah@wwf.org.pknot later than 2023-08-16,https://forms.office.com/e/sxNStCNxPM,http://wwf.org.pk/eoffice/consultancy/consultupload/317-33223-RFP-consultancy New Website.pdf,Terms of References
Development of Provincial and District Level Climate Adaptation Plans,Send your proposals along with required documents To: fakhan@wwf.org.pk Cc: assadullah@wwf.org.pknot later than 2023-07-24,https://forms.office.com/e/sxNStCNxPM,http://wwf.org.pk/eoffice/consultancy/consultupload/316-37388-RFP-consultancy New Website (1) (1) (1).pdf,Terms of References
Establishment of a Community-based Fish (aquaculture) Farm within the project Area,Send your proposals along with required documents To: fakhan@wwf.org.pk Cc: assadullah@wwf.org.pknot later than 2023-07-21,https://forms.office.com/e/sxNStCNxPM,http://wwf.org.pk/eoffice/consultancy/consultupload/315-68401-RFP-consultancy New Website (1) (1) (1).pdf,Terms of References
Recycling Awareness and Waste Collection,Send your proposals along with required documents To: fakhan@wwf.org.pk Cc: assadullah@wwf.org.pknot later than 2023-08-11,https://forms.office.com/e/sxNStCNxPM,http://wwf.org.pk/eoffice/consultancy/consultupload/314-71491-RFP-consultancy Final.pdf,Terms of References
"Enhancing Farming Decision Support: Integrating Satellite Monitoring and Advisories for Climate-Smart Agriculture""",Send your proposals along with required documents To: fakhan@wwf.org.pk Cc: assadullah@wwf.org.pknot later than 2023-07-14,https://forms.office.com/e/sxNStCNxPM,http://wwf.org.pk/eoffice/consultancy/consultupload/313-4566-RFP-consultancy New Website (1) (1).pdf,Terms of References
"Technical Training on free Range Chicken Farming and Feed Additives Processing, as an Alternate Income Generation Opportunity for Farmers/Working Women (IDH funded project)",Send your proposals along with required documents To: fakhan@wwf.org.pk Cc: assadullah@wwf.org.pknot later than 2023-07-14,https://forms.office.com/e/sxNStCNxPM,http://wwf.org.pk/eoffice/consultancy/consultupload/312-86089-RFP-consultancy New Website (1).pdf,Terms of References
TRAINING PROGRAM ON DOMESTIC WATER TREATMENT & SAFE STORAGE OF DRINKING WATER,Send your proposals along with required documents To: fakhan@wwf.org.pk Cc: assadullah@wwf.org.pknot later than 2023-07-14,https://forms.office.com/e/sxNStCNxPM,http://wwf.org.pk/eoffice/consultancy/consultupload/311-92873-WWF -Pak TORs- Website- Training.pdf,Terms of References
Training on - WWF Child Safeguarding Policy,Send your proposals along with required documents To: fakhan@wwf.org.pk Cc: assadullah@wwf.org.pknot later than 2023-06-12,https://forms.office.com/e/sxNStCNxPM,http://wwf.org.pk/eoffice/consultancy/consultupload/308-20697-WWF -Pak TORs- Website.pdf,Terms of References
Third Part Evaluation of the Water Replenishment Project Interventions Haripur Region,Send your proposals along with required documents To: fakhan@wwf.org.pk Cc: assadullah@wwf.org.pknot later than 2023-06-19,https://forms.office.com/e/sxNStCNxPM,http://wwf.org.pk/eoffice/consultancy/consultupload/307-48322-WWF -Pak TORs- 3rd partyr- -Website (1).pdf,Terms of References
Study on Situational Analysis of Water Resources of Lahore,Send your proposals along with required documents To: fakhan@wwf.org.pk Cc: assadullah@wwf.org.pknot later than 2023-06-16,https://forms.office.com/e/sxNStCNxPM,http://wwf.org.pk/eoffice/consultancy/consultupload/306-3260-WWF -Pak TORs- Study on situational Analysis of Water- -Website (1).pdf,Terms of References
Development and implementation of Eco-tourism—based Alternate Livelihood Plans for the Indus River Dolphin Sites,Send your proposals along with required documents To: fakhan@wwf.org.pk Cc: assadullah@wwf.org.pknot later than 2023-06-09,https://forms.office.com/e/sxNStCNxPM,http://wwf.org.pk/eoffice/consultancy/consultupload/305-25339-WWF -Pak TORs Ecotourism-Website (1).pdf,Terms of References
Consultancy Services for AWS Standard System Training under WWF-Pakistan’s Project International Labour and Environmental Standards Application in Pakistans SMEs (ILES),Send your proposals along with required documents To: fakhan@wwf.org.pk Cc: assadullah@wwf.org.pknot later than 2023-06-08,https://forms.office.com/e/sxNStCNxPM,http://wwf.org.pk/eoffice/consultancy/consultupload/304-46800-RFP-consultancy New Website.pdf,Terms of References
Study on “Fisheries Data Review and Analysis” and “Value Chain Analysis of Discarded and Ghost Nets” in Coastal Waters,Send your proposals along with required documents To: fakhan@wwf.org.pk Cc: assadullah@wwf.org.pknot later than 2023-06-09,https://forms.office.com/e/sxNStCNxPM,http://wwf.org.pk/eoffice/consultancy/consultupload/303-33113-WWF -Pak TORs Website.pdf,Terms of References
Consultancy Services for Chemical Assessments in 05 Textile and Leather Enterprises across Pakistan under WWF-Pakistan’s Project International Labour and Environmental Standards Application in Pakistans SMEs (ILES),Send your proposals along with required documents To: fakhan@wwf.org.pk Cc: assadullah@wwf.org.pknot later than 2023-05-30,https://forms.office.com/e/sxNStCNxPM,http://wwf.org.pk/eoffice/consultancy/consultupload/302-19546-Terms of Reference - Chemical Audits Final (1).pdf,Terms of References
Training Toolkit on Water Stewardship for Textile and Leather Value Chains to Make Their Businesses More Resilient to Water Risks and Vulnerabilities,Send your proposals along with required documents To: fakhan@wwf.org.pk Cc: assadullah@wwf.org.pknot later than 2023-05-18,https://forms.office.com/e/sxNStCNxPM,http://wwf.org.pk/eoffice/consultancy/consultupload/301-59919-WWFPAK_Training_Textiles_Water Stewardship_ToRs - Copy.pdf,Terms of References
Hiring of consultancy services for the training of farmers for climate adaptive rural and urban flood/ water management under the integrated water resource management in the indus basin,Send your proposals along with required documents To: fakhan@wwf.org.pk Cc: assadullah@wwf.org.pknot later than 2023-05-05,https://forms.office.com/e/sxNStCNxPM,http://wwf.org.pk/eoffice/consultancy/consultupload/300-61382-TORs.pdf,Terms of References
ANNUAL REPORT OF THE WRAP PROJECT,Send your proposals along with required documents To: fakhan@wwf.org.pk Cc: assadullah@wwf.org.pknot later than 2023-04-05,https://forms.office.com/e/sxNStCNxPM,http://wwf.org.pk/eoffice/consultancy/consultupload/299-36633-TORs for writing specialist-annual report.pdf,Terms of References
A comprehensive Greenhouse Gas (GHG) Accounting and Analysis of Pakistan’s Leather Sector”,Send your proposals along with required documents To: fakhan@wwf.org.pk Cc: assadullah@wwf.org.pknot later than 2023-04-10,https://forms.office.com/e/sxNStCNxPM,http://wwf.org.pk/eoffice/consultancy/consultupload/298-84531-ToRs - Greenhouse Gas (GHG) Accounting and Analysis.pdf,Terms of References
Sponsored Compensation Benchmarking Survey 2023,Send your proposals along with required documents To: fakhan@wwf.org.pk Cc: assadullah@wwf.org.pknot later than 2023-03-24,https://forms.office.com/e/sxNStCNxPM,http://wwf.org.pk/eoffice/consultancy/consultupload/297-18813-TOR HR.pdf,Terms of References
Developing VFM Framework on Water Resources accountability project (WRAP),Send your proposals along with required documents To: fakhan@wwf.org.pk Cc: assadullah@wwf.org.pknot later than 2023-03-31,https://forms.office.com/e/sxNStCNxPM,http://wwf.org.pk/eoffice/consultancy/consultupload/296-61267-TOR for VfM- 14.03.023.pdf,Terms of References
Developing NBS Monitoring Toolkits,Send your proposals along with required documents To: fakhan@wwf.org.pk Cc: assadullah@wwf.org.pknot later than 2023-03-31,https://forms.office.com/e/sxNStCNxPM,http://wwf.org.pk/eoffice/consultancy/consultupload/295-22888-TOR - Develiping Monitoring Tools for implementation of NbS 14.03.023.pdf,Terms of References
Comparative Analysis of Techniques for Proper Management of Harvested Plants from Floating Treatment Wetland,Send your proposals along with required documents To: fakhan@wwf.org.pk Cc: assadullah@wwf.org.pknot later than 2023-03-29,https://forms.office.com/e/sxNStCNxPM,http://wwf.org.pk/eoffice/consultancy/consultupload/294-25580-FTW Harvested Plants Management-Terms of References (ToRs) for Consultant.pdf,Terms of References
Hiring of chartered Accountant & Tax Expert for follow up Cases and Hearing at inland revenue,Send your proposals along with required documents To: fakhan@wwf.org.pk Cc: assadullah@wwf.org.pknot later than 2023-03-24,https://forms.office.com/e/sxNStCNxPM,http://wwf.org.pk/eoffice/consultancy/consultupload/293-51778-TORs CA.pdf,Terms of References
External Audit required for Better Cotton Growth & Innovation Fund Projects,Send your proposals along with required documents To: fakhan@wwf.org.pk Cc: assadullah@wwf.org.pknot later than 2023-03-15,https://forms.office.com/e/sxNStCNxPM,http://wwf.org.pk/eoffice/consultancy/consultupload/292-79951-TORs GIF External Audit 2022-23.pdf,Terms of References
Illustrating WWF Sustainable Infrastructure ACAI Outreach Material,Send your proposals along with required documents To: fakhan@wwf.org.pk Cc: assadullah@wwf.org.pknot later than 2023-03-15,https://forms.office.com/e/sxNStCNxPM,http://wwf.org.pk/eoffice/consultancy/consultupload/291-16598-ToRs_Illustrator_ACAI_nak_03062023.pdf,Terms of References
GIS mapping and spatial analysis of various aspects of research studies,Send your proposals along with required documents To: fakhan@wwf.org.pk Cc: assadullah@wwf.org.pknot later than 2023-03-14,https://forms.office.com/e/sxNStCNxPM,http://wwf.org.pk/eoffice/consultancy/consultupload/290-17592-ToRs_GISmapping.pdf,Terms of References
Impact assessment of climate-smart water conservation practices at the field level,Send your proposals along with required documents To: fakhan@wwf.org.pk Cc: assadullah@wwf.org.pknot later than 2023-03-10,https://forms.office.com/e/sxNStCNxPM,"http://wwf.org.pk/eoffice/consultancy/consultupload/289-1419-Final ToRs,Impact Assessment of climate-smart water conservation practices at the field level.pdf",Terms of References
Devising Solution for Solid Waste Management of Leather Sector in Sialkot Tannery Zone,Send your proposals along with required documents To: fakhan@wwf.org.pk Cc: assadullah@wwf.org.pknot later than 2023-03-15,https://forms.office.com/e/sxNStCNxPM,http://wwf.org.pk/eoffice/consultancy/consultupload/288-9608-TORs Devising Solution for Solid Waste Management - Leather.pdf,Terms of References
Hiring of Chartered Accountant Firm,Send your proposals along with required documents To: fakhan@wwf.org.pk Cc: assadullah@wwf.org.pknot later than 2023-04-07,https://forms.office.com/e/sxNStCNxPM,http://wwf.org.pk/eoffice/consultancy/consultupload/287-37092-TORs. BMZ Audit.pdf,Terms of References
Third-Party Evaluation / Validation of Water Replenishment through Project Interventions-Karachi,Send your proposals along with required documents To: fakhan@wwf.org.pk Cc: assadullah@wwf.org.pknot later than 2023-03-24,https://forms.office.com/e/sxNStCNxPM,http://wwf.org.pk/eoffice/consultancy/consultupload/286-45367-ToRs THIRD PARTY Validation.pdf,Terms of References
Conducting a study on groundwater recharge,Send your proposals along with required documents To: fakhan@wwf.org.pk Cc: assadullah@wwf.org.pknot later than 2023-02-24,https://forms.office.com/e/sxNStCNxPM,http://wwf.org.pk/eoffice/consultancy/consultupload/285-88256-TORs for conducting study on groundwater recharge.pdf,Terms of References
Consultancy Service for Environmental and Energy Audits in Textile and Leather Enterprises Based in KPK and Baluchistan Under WWF-Project,Send your proposals along with required documents To: fakhan@wwf.org.pk Cc: assadullah@wwf.org.pknot later than 2023-03-02,https://forms.office.com/e/sxNStCNxPM,http://wwf.org.pk/eoffice/consultancy/consultupload/284-93329-Consultancy Environmental Energy Audit ILES .pdf,Terms of References
"Training of Women for Provision of locally produced, fuel-efficient stoves",Send your proposals along with required documents To: fakhan@wwf.org.pk Cc: assadullah@wwf.org.pknot later than 2023-06-09,https://forms.office.com/e/sxNStCNxPM,http://wwf.org.pk/eoffice/consultancy/consultupload/283-11292-TORs Provision of locally-made fuel efficient stoves.pdf,Terms of References
Assessment of adaptation level of harvest and post-harvest practices among supply chain actors (farm to gin),Send your proposals along with required documents To: fakhan@wwf.org.pk Cc: assadullah@wwf.org.pknot later than 2023-03-24,https://forms.office.com/e/sxNStCNxPM,http://wwf.org.pk/eoffice/consultancy/consultupload/282-62268-TORs_Assessment of adaptation level of harvest and post-harvest practices among supply chain actors.pdf,Terms of References
Consultancy Services for Training and Implementation of Zero Discharge of Hazardous Chemicals (ZDHC) in Textile and Leather Enterprises of Pakistan,Send your proposals along with required documents To: fakhan@wwf.org.pk Cc: assadullah@wwf.org.pknot later than 2023-02-27,https://forms.office.com/e/sxNStCNxPM,http://wwf.org.pk/eoffice/consultancy/consultupload/281-46817-Implementation of ZDHC in Textile and Leather.pdf,Terms of References
Organized Specialized Vocational trainings for local women on small scale textile/handicrafts,Send your proposals along with required documents To: fakhan@wwf.org.pk Cc: assadullah@wwf.org.pknot later than 2023-02-16,https://forms.office.com/e/sxNStCNxPM,http://wwf.org.pk/eoffice/consultancy/consultupload/280-79006-ToR-Specialized Textile handicraft Training.pdf,Terms of References
Hiring of Consultancy Services for Designing & Mapping of Water Replenishment Techniques & Related Interventions under Sustainable Water Management of Lahore,Send your proposals along with required documents To: fakhan@wwf.org.pk Cc: assadullah@wwf.org.pknot later than 2023-03-06,https://forms.office.com/e/sxNStCNxPM,http://wwf.org.pk/eoffice/consultancy/consultupload/279-41461-Request for Proposals (TORs).pdf,Terms of References
Training of master trainers on Better Management Practices (BMPs) for Fisheries through Fisheries Sustainability Schools (FSS),Send your proposals along with required documents To: fakhan@wwf.org.pk Cc: assadullah@wwf.org.pknot later than 2023-02-27,https://forms.office.com/e/sxNStCNxPM,http://wwf.org.pk/eoffice/consultancy/consultupload/277-47025-ToRs_Training of master trainers for FSS.pdf,Terms of References
Hiring of consultancy services for Hydrological Mapping & Engineering Designing of Hydraulic Structures under the integrated water resource management in the Indus Basin,Send your proposals along with required documents To: fakhan@wwf.org.pk Cc: assadullah@wwf.org.pknot later than 2023-02-09,https://forms.office.com/e/sxNStCNxPM,http://wwf.org.pk/eoffice/consultancy/consultupload/276-44704-Terms of Reference.pdf,Terms of References
Assessment of Carbon Content in Vegetation Samples,Send your proposals along with required documents To: fakhan@wwf.org.pk Cc: assadullah@wwf.org.pknot later than 2023-01-27,https://forms.office.com/e/sxNStCNxPM,http://wwf.org.pk/eoffice/consultancy/consultupload/275-99908-TORs for Lab Testing of Samples for Determination of Carbon Content.pdf,Terms of References
Facilitate Mobilization and Awareness Events on the Themes of Environment Significant Days,Send your proposals along with required documents To: fakhan@wwf.org.pk Cc: assadullah@wwf.org.pknot later than 2023-02-08,https://forms.office.com/e/sxNStCNxPM,http://wwf.org.pk/eoffice/consultancy/consultupload/274-97379-TOR_Arrange mobilization and awareness session RT-SI-Reviewed.pdf,Terms of References
Develop and Implement Three Disaster Preparedness & Climate Change Adaptation Plans,Send your proposals along with required documents To: fakhan@wwf.org.pk Cc: assadullah@wwf.org.pknot later than 2023-01-25,https://forms.office.com/e/sxNStCNxPM,http://wwf.org.pk/eoffice/consultancy/consultupload/273-68871-ToRs for Disaster Preparedness & Climate Change Adaptation Plans of Action -V1_SI-Final.pdf,Terms of References
ENHANCING VALUE ADDITION IN READYMADE GARMENTS IN PAKISTAN,Send your proposals along with required documents To: fakhan@wwf.org.pk Cc: assadullah@wwf.org.pknot later than 2023-02-20,https://forms.office.com/e/sxNStCNxPM,http://wwf.org.pk/eoffice/consultancy/consultupload/272-35642-RMG Value addition study-ToRs.pdf,Terms of References
“DEVELOPMENT OF TRANSPARENCY AND TRACEABILITY GUIDELINES FOR LEATHER SUPPLY CHAIN OF PAKISTAN”,Send your proposals along with required documents To: fakhan@wwf.org.pk Cc: assadullah@wwf.org.pknot later than 2023-03-10,https://forms.office.com/e/sxNStCNxPM,http://wwf.org.pk/eoffice/consultancy/consultupload/271-49391-TORs  Transparency and Traceability in Leather Supply Chain of Pakistan.pdf,Terms of References
GIS MAPPING FOR SUSTAINABLE INFRASTRUCTURE INITIATIVE,Send your proposals along with required documents To: fakhan@wwf.org.pk Cc: assadullah@wwf.org.pknot later than 2023-01-09,https://forms.office.com/e/sxNStCNxPM,http://wwf.org.pk/eoffice/consultancy/consultupload/270-36486-ToRs_GIS Mapping_BRI - BEAST.pdf,Terms of References
Conducting Third Party Evaluation of the Replenishment Project Interventions,Send your proposals along with required documents To: fakhan@wwf.org.pk Cc: assadullah@wwf.org.pknot later than 2023-01-17,https://forms.office.com/e/sxNStCNxPM,http://wwf.org.pk/eoffice/consultancy/consultupload/269-98760-TORs.pdf,Terms of References
Documentary film on the stories of Women from the Indus Delta,Send your proposals along with required documents To: fakhan@wwf.org.pk Cc: assadullah@wwf.org.pknot later than 2023-01-09,https://forms.office.com/e/sxNStCNxPM,http://wwf.org.pk/eoffice/consultancy/consultupload/268-69135-TORs -GE- FIlm.pdf,Terms of References
"DEVELOPING OF DIGITAL MATERIAL FOR VALUE ADDITION OF AGRICULTURE-BASED PRODUCTS FOOD AND MARKETS, WWF-PAKISTAN",Send your proposals along with required documents To: fakhan@wwf.org.pk Cc: assadullah@wwf.org.pknot later than 2023-02-08,https://forms.office.com/e/sxNStCNxPM,http://wwf.org.pk/eoffice/consultancy/consultupload/267-64774-TORs_Digital training manuals Web.pdf,Terms of References
"TECHNICAL TRAINING ON ARTIFICIAL EGG INCUBATION AND USAGE OF ARTIFICIAL EGG INCUBATORS, LEADING TO SUCCESSFUL RURAL ENTERPRISE DEVELOPMENT BY RURAL WOMEN IN BALOCHISTAN.",Send your proposals along with required documents To: fakhan@wwf.org.pk Cc: assadullah@wwf.org.pknot later than 2022-12-12,https://forms.office.com/e/sxNStCNxPM,http://wwf.org.pk/eoffice/consultancy/consultupload/266-60595-ToRsArtificial Egg Incubation-OCP.pdf,Terms of References
